<?xml version="1.0" encoding="UTF-8"?>
<gpx xmlns="http://www.topografix.com/GPX/1/1" xmlns:gpxtpx="http://www.garmin.com/xmlschemas/TrackPointExtension/v1" xmlns:xsi="http://www.w3.org/2001/XMLSchema-instance" xsi:schemaLocation="http://www.topografix.com/GPX/1/1 http://www.topografix.com/GPX/1/1/gpx.xsd" version="1.1" creator="gpx.py -- https://github.com/tkrajina/gpxpy">
  <trk>
    <name>gpx from keep</name>
    <type>Walk</type>
    <trkseg>
      <trkpt lat="30.5360216695757" lon="104.05888975224455">
        <ele>0.0</ele>
        <time>2025-03-14T08:16:08Z</time>
        <extensions>
          <gpxtpx:TrackPointExtension>
            <gpxtpx:hr>110</gpxtpx:hr>
          </gpxtpx:TrackPointExtension>
        </extensions>
      </trkpt>
      <trkpt lat="30.536051712550776" lon="104.05885703521346">
        <ele>0.0</ele>
        <time>2025-03-14T08:16:09Z</time>
        <extensions>
          <gpxtpx:TrackPointExtension>
            <gpxtpx:hr>110</gpxtpx:hr>
          </gpxtpx:TrackPointExtension>
        </extensions>
      </trkpt>
      <trkpt lat="30.53605935224266" lon="104.05884668417555">
        <ele>0.0</ele>
        <time>2025-03-14T08:16:10Z</time>
        <extensions>
          <gpxtpx:TrackPointExtension>
            <gpxtpx:hr>110</gpxtpx:hr>
          </gpxtpx:TrackPointExtension>
        </extensions>
      </trkpt>
      <trkpt lat="30.536076240702144" lon="104.05882482343064">
        <ele>0.0</ele>
        <time>2025-03-14T08:16:11Z</time>
        <extensions>
          <gpxtpx:TrackPointExtension>
            <gpxtpx:hr>110</gpxtpx:hr>
          </gpxtpx:TrackPointExtension>
        </extensions>
      </trkpt>
      <trkpt lat="30.536091692069633" lon="104.05880307441608">
        <ele>0.0</ele>
        <time>2025-03-14T08:16:12Z</time>
        <extensions>
          <gpxtpx:TrackPointExtension>
            <gpxtpx:hr>110</gpxtpx:hr>
          </gpxtpx:TrackPointExtension>
        </extensions>
      </trkpt>
      <trkpt lat="30.5361087139752" lon="104.05878171835994">
        <ele>0.0</ele>
        <time>2025-03-14T08:16:13Z</time>
        <extensions>
          <gpxtpx:TrackPointExtension>
            <gpxtpx:hr>109</gpxtpx:hr>
          </gpxtpx:TrackPointExtension>
        </extensions>
      </trkpt>
      <trkpt lat="30.536125724910274" lon="104.05876126449884">
        <ele>0.0</ele>
        <time>2025-03-14T08:16:14Z</time>
        <extensions>
          <gpxtpx:TrackPointExtension>
            <gpxtpx:hr>109</gpxtpx:hr>
          </gpxtpx:TrackPointExtension>
        </extensions>
      </trkpt>
      <trkpt lat="30.5361420176007" lon="104.05874084783322">
        <ele>0.0</ele>
        <time>2025-03-14T08:16:15Z</time>
        <extensions>
          <gpxtpx:TrackPointExtension>
            <gpxtpx:hr>109</gpxtpx:hr>
          </gpxtpx:TrackPointExtension>
        </extensions>
      </trkpt>
      <trkpt lat="30.536157251725786" lon="104.0587179809201">
        <ele>0.0</ele>
        <time>2025-03-14T08:16:16Z</time>
        <extensions>
          <gpxtpx:TrackPointExtension>
            <gpxtpx:hr>109</gpxtpx:hr>
          </gpxtpx:TrackPointExtension>
        </extensions>
      </trkpt>
      <trkpt lat="30.536169508322484" lon="104.05869278850008">
        <ele>0.0</ele>
        <time>2025-03-14T08:16:17Z</time>
        <extensions>
          <gpxtpx:TrackPointExtension>
            <gpxtpx:hr>109</gpxtpx:hr>
          </gpxtpx:TrackPointExtension>
        </extensions>
      </trkpt>
      <trkpt lat="30.53617680486292" lon="104.05866551662687">
        <ele>0.0</ele>
        <time>2025-03-14T08:16:18Z</time>
        <extensions>
          <gpxtpx:TrackPointExtension>
            <gpxtpx:hr>108</gpxtpx:hr>
          </gpxtpx:TrackPointExtension>
        </extensions>
      </trkpt>
      <trkpt lat="30.5361797743437" lon="104.0586455862597">
        <ele>0.0</ele>
        <time>2025-03-14T08:16:19Z</time>
        <extensions>
          <gpxtpx:TrackPointExtension>
            <gpxtpx:hr>108</gpxtpx:hr>
          </gpxtpx:TrackPointExtension>
        </extensions>
      </trkpt>
      <trkpt lat="30.536180984988654" lon="104.05863813467055">
        <ele>0.0</ele>
        <time>2025-03-14T08:16:20Z</time>
        <extensions>
          <gpxtpx:TrackPointExtension>
            <gpxtpx:hr>108</gpxtpx:hr>
          </gpxtpx:TrackPointExtension>
        </extensions>
      </trkpt>
      <trkpt lat="30.536185719724067" lon="104.05864238818296">
        <ele>0.0</ele>
        <time>2025-03-14T08:16:21Z</time>
        <extensions>
          <gpxtpx:TrackPointExtension>
            <gpxtpx:hr>108</gpxtpx:hr>
          </gpxtpx:TrackPointExtension>
        </extensions>
      </trkpt>
      <trkpt lat="30.53619516209752" lon="104.05864926879067">
        <ele>0.0</ele>
        <time>2025-03-14T08:16:22Z</time>
        <extensions>
          <gpxtpx:TrackPointExtension>
            <gpxtpx:hr>108</gpxtpx:hr>
          </gpxtpx:TrackPointExtension>
        </extensions>
      </trkpt>
      <trkpt lat="30.536209545361565" lon="104.05865368378345">
        <ele>0.0</ele>
        <time>2025-03-14T08:16:23Z</time>
        <extensions>
          <gpxtpx:TrackPointExtension>
            <gpxtpx:hr>110</gpxtpx:hr>
          </gpxtpx:TrackPointExtension>
        </extensions>
      </trkpt>
      <trkpt lat="30.536226078011254" lon="104.05865558452626">
        <ele>0.0</ele>
        <time>2025-03-14T08:16:24Z</time>
        <extensions>
          <gpxtpx:TrackPointExtension>
            <gpxtpx:hr>110</gpxtpx:hr>
          </gpxtpx:TrackPointExtension>
        </extensions>
      </trkpt>
      <trkpt lat="30.536244274933143" lon="104.05865393406313">
        <ele>0.0</ele>
        <time>2025-03-14T08:16:25Z</time>
        <extensions>
          <gpxtpx:TrackPointExtension>
            <gpxtpx:hr>110</gpxtpx:hr>
          </gpxtpx:TrackPointExtension>
        </extensions>
      </trkpt>
      <trkpt lat="30.536262523247828" lon="104.05864677060983">
        <ele>0.0</ele>
        <time>2025-03-14T08:16:26Z</time>
        <extensions>
          <gpxtpx:TrackPointExtension>
            <gpxtpx:hr>110</gpxtpx:hr>
          </gpxtpx:TrackPointExtension>
        </extensions>
      </trkpt>
      <trkpt lat="30.53628017659376" lon="104.0586343290507">
        <ele>0.0</ele>
        <time>2025-03-14T08:16:27Z</time>
        <extensions>
          <gpxtpx:TrackPointExtension>
            <gpxtpx:hr>110</gpxtpx:hr>
          </gpxtpx:TrackPointExtension>
        </extensions>
      </trkpt>
      <trkpt lat="30.536297733702767" lon="104.05862100198961">
        <ele>0.0</ele>
        <time>2025-03-14T08:16:28Z</time>
        <extensions>
          <gpxtpx:TrackPointExtension>
            <gpxtpx:hr>112</gpxtpx:hr>
          </gpxtpx:TrackPointExtension>
        </extensions>
      </trkpt>
      <trkpt lat="30.536314955631376" lon="104.05861198810207">
        <ele>0.0</ele>
        <time>2025-03-14T08:16:29Z</time>
        <extensions>
          <gpxtpx:TrackPointExtension>
            <gpxtpx:hr>112</gpxtpx:hr>
          </gpxtpx:TrackPointExtension>
        </extensions>
      </trkpt>
      <trkpt lat="30.536334477594647" lon="104.05860816225874">
        <ele>0.0</ele>
        <time>2025-03-14T08:16:30Z</time>
        <extensions>
          <gpxtpx:TrackPointExtension>
            <gpxtpx:hr>112</gpxtpx:hr>
          </gpxtpx:TrackPointExtension>
        </extensions>
      </trkpt>
      <trkpt lat="30.53635529162445" lon="104.05860801888667">
        <ele>0.0</ele>
        <time>2025-03-14T08:16:31Z</time>
        <extensions>
          <gpxtpx:TrackPointExtension>
            <gpxtpx:hr>112</gpxtpx:hr>
          </gpxtpx:TrackPointExtension>
        </extensions>
      </trkpt>
      <trkpt lat="30.536380605500806" lon="104.05860979915467">
        <ele>0.0</ele>
        <time>2025-03-14T08:16:32Z</time>
        <extensions>
          <gpxtpx:TrackPointExtension>
            <gpxtpx:hr>112</gpxtpx:hr>
          </gpxtpx:TrackPointExtension>
        </extensions>
      </trkpt>
      <trkpt lat="30.536405805673088" lon="104.05861550553473">
        <ele>0.0</ele>
        <time>2025-03-14T08:16:33Z</time>
        <extensions>
          <gpxtpx:TrackPointExtension>
            <gpxtpx:hr>113</gpxtpx:hr>
          </gpxtpx:TrackPointExtension>
        </extensions>
      </trkpt>
      <trkpt lat="30.536430726206703" lon="104.05862647994586">
        <ele>0.0</ele>
        <time>2025-03-14T08:16:34Z</time>
        <extensions>
          <gpxtpx:TrackPointExtension>
            <gpxtpx:hr>113</gpxtpx:hr>
          </gpxtpx:TrackPointExtension>
        </extensions>
      </trkpt>
      <trkpt lat="30.536450940226594" lon="104.0586408937907">
        <ele>0.0</ele>
        <time>2025-03-14T08:16:35Z</time>
        <extensions>
          <gpxtpx:TrackPointExtension>
            <gpxtpx:hr>113</gpxtpx:hr>
          </gpxtpx:TrackPointExtension>
        </extensions>
      </trkpt>
      <trkpt lat="30.53647031640834" lon="104.0586590159571">
        <ele>0.0</ele>
        <time>2025-03-14T08:16:36Z</time>
        <extensions>
          <gpxtpx:TrackPointExtension>
            <gpxtpx:hr>113</gpxtpx:hr>
          </gpxtpx:TrackPointExtension>
        </extensions>
      </trkpt>
      <trkpt lat="30.536485860225397" lon="104.05867524613365">
        <ele>0.0</ele>
        <time>2025-03-14T08:16:37Z</time>
        <extensions>
          <gpxtpx:TrackPointExtension>
            <gpxtpx:hr>113</gpxtpx:hr>
          </gpxtpx:TrackPointExtension>
        </extensions>
      </trkpt>
      <trkpt lat="30.53650003862508" lon="104.05869142652021">
        <ele>0.0</ele>
        <time>2025-03-14T08:16:38Z</time>
        <extensions>
          <gpxtpx:TrackPointExtension>
            <gpxtpx:hr>110</gpxtpx:hr>
          </gpxtpx:TrackPointExtension>
        </extensions>
      </trkpt>
      <trkpt lat="30.536512401743277" lon="104.05870661278728">
        <ele>0.0</ele>
        <time>2025-03-14T08:16:39Z</time>
        <extensions>
          <gpxtpx:TrackPointExtension>
            <gpxtpx:hr>110</gpxtpx:hr>
          </gpxtpx:TrackPointExtension>
        </extensions>
      </trkpt>
      <trkpt lat="30.53652333756152" lon="104.05872168647207">
        <ele>0.0</ele>
        <time>2025-03-14T08:16:40Z</time>
        <extensions>
          <gpxtpx:TrackPointExtension>
            <gpxtpx:hr>110</gpxtpx:hr>
          </gpxtpx:TrackPointExtension>
        </extensions>
      </trkpt>
      <trkpt lat="30.536534431145217" lon="104.058738327142">
        <ele>0.0</ele>
        <time>2025-03-14T08:16:41Z</time>
        <extensions>
          <gpxtpx:TrackPointExtension>
            <gpxtpx:hr>110</gpxtpx:hr>
          </gpxtpx:TrackPointExtension>
        </extensions>
      </trkpt>
      <trkpt lat="30.536542674982297" lon="104.05875411816474">
        <ele>0.0</ele>
        <time>2025-03-14T08:16:42Z</time>
        <extensions>
          <gpxtpx:TrackPointExtension>
            <gpxtpx:hr>110</gpxtpx:hr>
          </gpxtpx:TrackPointExtension>
        </extensions>
      </trkpt>
      <trkpt lat="30.536550381339634" lon="104.05877050283416">
        <ele>0.0</ele>
        <time>2025-03-14T08:16:43Z</time>
        <extensions>
          <gpxtpx:TrackPointExtension>
            <gpxtpx:hr>110</gpxtpx:hr>
          </gpxtpx:TrackPointExtension>
        </extensions>
      </trkpt>
      <trkpt lat="30.53655612951738" lon="104.058787067142">
        <ele>0.0</ele>
        <time>2025-03-14T08:16:44Z</time>
        <extensions>
          <gpxtpx:TrackPointExtension>
            <gpxtpx:hr>110</gpxtpx:hr>
          </gpxtpx:TrackPointExtension>
        </extensions>
      </trkpt>
      <trkpt lat="30.536562198183383" lon="104.05880470568219">
        <ele>0.0</ele>
        <time>2025-03-14T08:16:45Z</time>
        <extensions>
          <gpxtpx:TrackPointExtension>
            <gpxtpx:hr>110</gpxtpx:hr>
          </gpxtpx:TrackPointExtension>
        </extensions>
      </trkpt>
      <trkpt lat="30.53656943016866" lon="104.05882444378449">
        <ele>0.0</ele>
        <time>2025-03-14T08:16:46Z</time>
        <extensions>
          <gpxtpx:TrackPointExtension>
            <gpxtpx:hr>110</gpxtpx:hr>
          </gpxtpx:TrackPointExtension>
        </extensions>
      </trkpt>
      <trkpt lat="30.536577159695508" lon="104.05884396114241">
        <ele>0.0</ele>
        <time>2025-03-14T08:16:47Z</time>
        <extensions>
          <gpxtpx:TrackPointExtension>
            <gpxtpx:hr>110</gpxtpx:hr>
          </gpxtpx:TrackPointExtension>
        </extensions>
      </trkpt>
      <trkpt lat="30.53658472825694" lon="104.05886324249245">
        <ele>0.0</ele>
        <time>2025-03-14T08:16:48Z</time>
        <extensions>
          <gpxtpx:TrackPointExtension>
            <gpxtpx:hr>110</gpxtpx:hr>
          </gpxtpx:TrackPointExtension>
        </extensions>
      </trkpt>
      <trkpt lat="30.536590783031052" lon="104.0588824213314">
        <ele>0.0</ele>
        <time>2025-03-14T08:16:49Z</time>
        <extensions>
          <gpxtpx:TrackPointExtension>
            <gpxtpx:hr>110</gpxtpx:hr>
          </gpxtpx:TrackPointExtension>
        </extensions>
      </trkpt>
      <trkpt lat="30.53659427817917" lon="104.05890149278063">
        <ele>0.0</ele>
        <time>2025-03-14T08:16:50Z</time>
        <extensions>
          <gpxtpx:TrackPointExtension>
            <gpxtpx:hr>110</gpxtpx:hr>
          </gpxtpx:TrackPointExtension>
        </extensions>
      </trkpt>
      <trkpt lat="30.53659413911876" lon="104.05892188945128">
        <ele>0.0</ele>
        <time>2025-03-14T08:16:51Z</time>
        <extensions>
          <gpxtpx:TrackPointExtension>
            <gpxtpx:hr>110</gpxtpx:hr>
          </gpxtpx:TrackPointExtension>
        </extensions>
      </trkpt>
      <trkpt lat="30.5365904753423" lon="104.05894296531395">
        <ele>0.0</ele>
        <time>2025-03-14T08:16:52Z</time>
        <extensions>
          <gpxtpx:TrackPointExtension>
            <gpxtpx:hr>110</gpxtpx:hr>
          </gpxtpx:TrackPointExtension>
        </extensions>
      </trkpt>
      <trkpt lat="30.53658453047162" lon="104.0589645161469">
        <ele>0.0</ele>
        <time>2025-03-14T08:16:53Z</time>
        <extensions>
          <gpxtpx:TrackPointExtension>
            <gpxtpx:hr>111</gpxtpx:hr>
          </gpxtpx:TrackPointExtension>
        </extensions>
      </trkpt>
      <trkpt lat="30.536576797540885" lon="104.05898539700974">
        <ele>0.0</ele>
        <time>2025-03-14T08:16:54Z</time>
        <extensions>
          <gpxtpx:TrackPointExtension>
            <gpxtpx:hr>111</gpxtpx:hr>
          </gpxtpx:TrackPointExtension>
        </extensions>
      </trkpt>
      <trkpt lat="30.536569480458255" lon="104.0590056730119">
        <ele>0.0</ele>
        <time>2025-03-14T08:16:55Z</time>
        <extensions>
          <gpxtpx:TrackPointExtension>
            <gpxtpx:hr>111</gpxtpx:hr>
          </gpxtpx:TrackPointExtension>
        </extensions>
      </trkpt>
      <trkpt lat="30.536563035198267" lon="104.05902535969601">
        <ele>0.0</ele>
        <time>2025-03-14T08:16:56Z</time>
        <extensions>
          <gpxtpx:TrackPointExtension>
            <gpxtpx:hr>111</gpxtpx:hr>
          </gpxtpx:TrackPointExtension>
        </extensions>
      </trkpt>
      <trkpt lat="30.536558708481227" lon="104.05904421503752">
        <ele>0.0</ele>
        <time>2025-03-14T08:16:57Z</time>
        <extensions>
          <gpxtpx:TrackPointExtension>
            <gpxtpx:hr>111</gpxtpx:hr>
          </gpxtpx:TrackPointExtension>
        </extensions>
      </trkpt>
      <trkpt lat="30.536555540013975" lon="104.05906260656357">
        <ele>0.0</ele>
        <time>2025-03-14T08:16:58Z</time>
        <extensions>
          <gpxtpx:TrackPointExtension>
            <gpxtpx:hr>111</gpxtpx:hr>
          </gpxtpx:TrackPointExtension>
        </extensions>
      </trkpt>
      <trkpt lat="30.536553209693054" lon="104.05908090524284">
        <ele>0.0</ele>
        <time>2025-03-14T08:16:59Z</time>
        <extensions>
          <gpxtpx:TrackPointExtension>
            <gpxtpx:hr>111</gpxtpx:hr>
          </gpxtpx:TrackPointExtension>
        </extensions>
      </trkpt>
      <trkpt lat="30.536551412132937" lon="104.05909908931599">
        <ele>0.0</ele>
        <time>2025-03-14T08:17:00Z</time>
        <extensions>
          <gpxtpx:TrackPointExtension>
            <gpxtpx:hr>111</gpxtpx:hr>
          </gpxtpx:TrackPointExtension>
        </extensions>
      </trkpt>
      <trkpt lat="30.536549871769775" lon="104.05911745815702">
        <ele>0.0</ele>
        <time>2025-03-14T08:17:01Z</time>
        <extensions>
          <gpxtpx:TrackPointExtension>
            <gpxtpx:hr>111</gpxtpx:hr>
          </gpxtpx:TrackPointExtension>
        </extensions>
      </trkpt>
      <trkpt lat="30.53654851111996" lon="104.05913577168145">
        <ele>0.0</ele>
        <time>2025-03-14T08:17:02Z</time>
        <extensions>
          <gpxtpx:TrackPointExtension>
            <gpxtpx:hr>111</gpxtpx:hr>
          </gpxtpx:TrackPointExtension>
        </extensions>
      </trkpt>
      <trkpt lat="30.53654701204846" lon="104.05915402809993">
        <ele>0.0</ele>
        <time>2025-03-14T08:17:03Z</time>
        <extensions>
          <gpxtpx:TrackPointExtension>
            <gpxtpx:hr>114</gpxtpx:hr>
          </gpxtpx:TrackPointExtension>
        </extensions>
      </trkpt>
      <trkpt lat="30.53654553903994" lon="104.05917411756202">
        <ele>0.0</ele>
        <time>2025-03-14T08:17:04Z</time>
        <extensions>
          <gpxtpx:TrackPointExtension>
            <gpxtpx:hr>114</gpxtpx:hr>
          </gpxtpx:TrackPointExtension>
        </extensions>
      </trkpt>
      <trkpt lat="30.536543299099034" lon="104.0591940167799">
        <ele>0.0</ele>
        <time>2025-03-14T08:17:05Z</time>
        <extensions>
          <gpxtpx:TrackPointExtension>
            <gpxtpx:hr>114</gpxtpx:hr>
          </gpxtpx:TrackPointExtension>
        </extensions>
      </trkpt>
      <trkpt lat="30.536540681838677" lon="104.05921418425932">
        <ele>0.0</ele>
        <time>2025-03-14T08:17:06Z</time>
        <extensions>
          <gpxtpx:TrackPointExtension>
            <gpxtpx:hr>114</gpxtpx:hr>
          </gpxtpx:TrackPointExtension>
        </extensions>
      </trkpt>
      <trkpt lat="30.536537088799648" lon="104.05923199325443">
        <ele>0.0</ele>
        <time>2025-03-14T08:17:07Z</time>
        <extensions>
          <gpxtpx:TrackPointExtension>
            <gpxtpx:hr>114</gpxtpx:hr>
          </gpxtpx:TrackPointExtension>
        </extensions>
      </trkpt>
      <trkpt lat="30.5365314515556" lon="104.05924848097796">
        <ele>0.0</ele>
        <time>2025-03-14T08:17:08Z</time>
        <extensions>
          <gpxtpx:TrackPointExtension>
            <gpxtpx:hr>113</gpxtpx:hr>
          </gpxtpx:TrackPointExtension>
        </extensions>
      </trkpt>
      <trkpt lat="30.536520976313753" lon="104.0592639858321">
        <ele>0.0</ele>
        <time>2025-03-14T08:17:09Z</time>
        <extensions>
          <gpxtpx:TrackPointExtension>
            <gpxtpx:hr>113</gpxtpx:hr>
          </gpxtpx:TrackPointExtension>
        </extensions>
      </trkpt>
      <trkpt lat="30.536504037112465" lon="104.05928067302725">
        <ele>0.0</ele>
        <time>2025-03-14T08:17:10Z</time>
        <extensions>
          <gpxtpx:TrackPointExtension>
            <gpxtpx:hr>113</gpxtpx:hr>
          </gpxtpx:TrackPointExtension>
        </extensions>
      </trkpt>
      <trkpt lat="30.53648303482014" lon="104.05929968393598">
        <ele>0.0</ele>
        <time>2025-03-14T08:17:11Z</time>
        <extensions>
          <gpxtpx:TrackPointExtension>
            <gpxtpx:hr>113</gpxtpx:hr>
          </gpxtpx:TrackPointExtension>
        </extensions>
      </trkpt>
      <trkpt lat="30.536461361410684" lon="104.05931928642713">
        <ele>0.0</ele>
        <time>2025-03-14T08:17:12Z</time>
        <extensions>
          <gpxtpx:TrackPointExtension>
            <gpxtpx:hr>113</gpxtpx:hr>
          </gpxtpx:TrackPointExtension>
        </extensions>
      </trkpt>
      <trkpt lat="30.53644164853203" lon="104.05933745216159">
        <ele>0.0</ele>
        <time>2025-03-14T08:17:13Z</time>
        <extensions>
          <gpxtpx:TrackPointExtension>
            <gpxtpx:hr>115</gpxtpx:hr>
          </gpxtpx:TrackPointExtension>
        </extensions>
      </trkpt>
      <trkpt lat="30.53642354599222" lon="104.05935433409952">
        <ele>0.0</ele>
        <time>2025-03-14T08:17:14Z</time>
        <extensions>
          <gpxtpx:TrackPointExtension>
            <gpxtpx:hr>115</gpxtpx:hr>
          </gpxtpx:TrackPointExtension>
        </extensions>
      </trkpt>
      <trkpt lat="30.53640554373843" lon="104.05937157275547">
        <ele>0.0</ele>
        <time>2025-03-14T08:17:15Z</time>
        <extensions>
          <gpxtpx:TrackPointExtension>
            <gpxtpx:hr>115</gpxtpx:hr>
          </gpxtpx:TrackPointExtension>
        </extensions>
      </trkpt>
      <trkpt lat="30.536388080373836" lon="104.05938986298268">
        <ele>0.0</ele>
        <time>2025-03-14T08:17:16Z</time>
        <extensions>
          <gpxtpx:TrackPointExtension>
            <gpxtpx:hr>115</gpxtpx:hr>
          </gpxtpx:TrackPointExtension>
        </extensions>
      </trkpt>
      <trkpt lat="30.53637186265383" lon="104.05940850845997">
        <ele>0.0</ele>
        <time>2025-03-14T08:17:17Z</time>
        <extensions>
          <gpxtpx:TrackPointExtension>
            <gpxtpx:hr>115</gpxtpx:hr>
          </gpxtpx:TrackPointExtension>
        </extensions>
      </trkpt>
      <trkpt lat="30.53635958904929" lon="104.0594261544863">
        <ele>0.0</ele>
        <time>2025-03-14T08:17:18Z</time>
        <extensions>
          <gpxtpx:TrackPointExtension>
            <gpxtpx:hr>116</gpxtpx:hr>
          </gpxtpx:TrackPointExtension>
        </extensions>
      </trkpt>
      <trkpt lat="30.536351488928954" lon="104.05944377999845">
        <ele>0.0</ele>
        <time>2025-03-14T08:17:19Z</time>
        <extensions>
          <gpxtpx:TrackPointExtension>
            <gpxtpx:hr>116</gpxtpx:hr>
          </gpxtpx:TrackPointExtension>
        </extensions>
      </trkpt>
      <trkpt lat="30.53634649893855" lon="104.05946337822903">
        <ele>0.0</ele>
        <time>2025-03-14T08:17:20Z</time>
        <extensions>
          <gpxtpx:TrackPointExtension>
            <gpxtpx:hr>116</gpxtpx:hr>
          </gpxtpx:TrackPointExtension>
        </extensions>
      </trkpt>
      <trkpt lat="30.536341916650972" lon="104.05948573655068">
        <ele>0.0</ele>
        <time>2025-03-14T08:17:21Z</time>
        <extensions>
          <gpxtpx:TrackPointExtension>
            <gpxtpx:hr>116</gpxtpx:hr>
          </gpxtpx:TrackPointExtension>
        </extensions>
      </trkpt>
      <trkpt lat="30.53633662321142" lon="104.05950893518475">
        <ele>0.0</ele>
        <time>2025-03-14T08:17:22Z</time>
        <extensions>
          <gpxtpx:TrackPointExtension>
            <gpxtpx:hr>116</gpxtpx:hr>
          </gpxtpx:TrackPointExtension>
        </extensions>
      </trkpt>
      <trkpt lat="30.536331372956532" lon="104.05953082134768">
        <ele>0.0</ele>
        <time>2025-03-14T08:17:23Z</time>
        <extensions>
          <gpxtpx:TrackPointExtension>
            <gpxtpx:hr>117</gpxtpx:hr>
          </gpxtpx:TrackPointExtension>
        </extensions>
      </trkpt>
      <trkpt lat="30.536327138208904" lon="104.05955091558057">
        <ele>0.0</ele>
        <time>2025-03-14T08:17:24Z</time>
        <extensions>
          <gpxtpx:TrackPointExtension>
            <gpxtpx:hr>117</gpxtpx:hr>
          </gpxtpx:TrackPointExtension>
        </extensions>
      </trkpt>
      <trkpt lat="30.536323746388693" lon="104.05956994045503">
        <ele>0.0</ele>
        <time>2025-03-14T08:17:25Z</time>
        <extensions>
          <gpxtpx:TrackPointExtension>
            <gpxtpx:hr>117</gpxtpx:hr>
          </gpxtpx:TrackPointExtension>
        </extensions>
      </trkpt>
      <trkpt lat="30.536320217882977" lon="104.05958855050693">
        <ele>0.0</ele>
        <time>2025-03-14T08:17:26Z</time>
        <extensions>
          <gpxtpx:TrackPointExtension>
            <gpxtpx:hr>117</gpxtpx:hr>
          </gpxtpx:TrackPointExtension>
        </extensions>
      </trkpt>
      <trkpt lat="30.536316247920144" lon="104.05960742765804">
        <ele>0.0</ele>
        <time>2025-03-14T08:17:27Z</time>
        <extensions>
          <gpxtpx:TrackPointExtension>
            <gpxtpx:hr>117</gpxtpx:hr>
          </gpxtpx:TrackPointExtension>
        </extensions>
      </trkpt>
      <trkpt lat="30.53631164070495" lon="104.05962672289462">
        <ele>0.0</ele>
        <time>2025-03-14T08:17:28Z</time>
        <extensions>
          <gpxtpx:TrackPointExtension>
            <gpxtpx:hr>116</gpxtpx:hr>
          </gpxtpx:TrackPointExtension>
        </extensions>
      </trkpt>
      <trkpt lat="30.53630715441725" lon="104.05964702542656">
        <ele>0.0</ele>
        <time>2025-03-14T08:17:29Z</time>
        <extensions>
          <gpxtpx:TrackPointExtension>
            <gpxtpx:hr>116</gpxtpx:hr>
          </gpxtpx:TrackPointExtension>
        </extensions>
      </trkpt>
      <trkpt lat="30.5363036579344" lon="104.05966811719487">
        <ele>0.0</ele>
        <time>2025-03-14T08:17:30Z</time>
        <extensions>
          <gpxtpx:TrackPointExtension>
            <gpxtpx:hr>116</gpxtpx:hr>
          </gpxtpx:TrackPointExtension>
        </extensions>
      </trkpt>
      <trkpt lat="30.53630189783128" lon="104.05968977741253">
        <ele>0.0</ele>
        <time>2025-03-14T08:17:31Z</time>
        <extensions>
          <gpxtpx:TrackPointExtension>
            <gpxtpx:hr>116</gpxtpx:hr>
          </gpxtpx:TrackPointExtension>
        </extensions>
      </trkpt>
      <trkpt lat="30.536301326364914" lon="104.05971117342403">
        <ele>0.0</ele>
        <time>2025-03-14T08:17:32Z</time>
        <extensions>
          <gpxtpx:TrackPointExtension>
            <gpxtpx:hr>116</gpxtpx:hr>
          </gpxtpx:TrackPointExtension>
        </extensions>
      </trkpt>
      <trkpt lat="30.536300990171323" lon="104.05973207336179">
        <ele>0.0</ele>
        <time>2025-03-14T08:17:33Z</time>
        <extensions>
          <gpxtpx:TrackPointExtension>
            <gpxtpx:hr>114</gpxtpx:hr>
          </gpxtpx:TrackPointExtension>
        </extensions>
      </trkpt>
      <trkpt lat="30.536300241730537" lon="104.05975217706846">
        <ele>0.0</ele>
        <time>2025-03-14T08:17:34Z</time>
        <extensions>
          <gpxtpx:TrackPointExtension>
            <gpxtpx:hr>114</gpxtpx:hr>
          </gpxtpx:TrackPointExtension>
        </extensions>
      </trkpt>
      <trkpt lat="30.53629855226448" lon="104.05977189194795">
        <ele>0.0</ele>
        <time>2025-03-14T08:17:35Z</time>
        <extensions>
          <gpxtpx:TrackPointExtension>
            <gpxtpx:hr>114</gpxtpx:hr>
          </gpxtpx:TrackPointExtension>
        </extensions>
      </trkpt>
      <trkpt lat="30.536296199981244" lon="104.05979145780965">
        <ele>0.0</ele>
        <time>2025-03-14T08:17:36Z</time>
        <extensions>
          <gpxtpx:TrackPointExtension>
            <gpxtpx:hr>114</gpxtpx:hr>
          </gpxtpx:TrackPointExtension>
        </extensions>
      </trkpt>
      <trkpt lat="30.536293488618732" lon="104.05981143617824">
        <ele>0.0</ele>
        <time>2025-03-14T08:17:37Z</time>
        <extensions>
          <gpxtpx:TrackPointExtension>
            <gpxtpx:hr>114</gpxtpx:hr>
          </gpxtpx:TrackPointExtension>
        </extensions>
      </trkpt>
      <trkpt lat="30.536292260695447" lon="104.05983172051727">
        <ele>0.0</ele>
        <time>2025-03-14T08:17:38Z</time>
        <extensions>
          <gpxtpx:TrackPointExtension>
            <gpxtpx:hr>114</gpxtpx:hr>
          </gpxtpx:TrackPointExtension>
        </extensions>
      </trkpt>
      <trkpt lat="30.536292129367247" lon="104.05985214254645">
        <ele>0.0</ele>
        <time>2025-03-14T08:17:39Z</time>
        <extensions>
          <gpxtpx:TrackPointExtension>
            <gpxtpx:hr>114</gpxtpx:hr>
          </gpxtpx:TrackPointExtension>
        </extensions>
      </trkpt>
      <trkpt lat="30.536293381721077" lon="104.05987224758945">
        <ele>0.0</ele>
        <time>2025-03-14T08:17:40Z</time>
        <extensions>
          <gpxtpx:TrackPointExtension>
            <gpxtpx:hr>114</gpxtpx:hr>
          </gpxtpx:TrackPointExtension>
        </extensions>
      </trkpt>
      <trkpt lat="30.536294014415805" lon="104.0598918878548">
        <ele>0.0</ele>
        <time>2025-03-14T08:17:41Z</time>
        <extensions>
          <gpxtpx:TrackPointExtension>
            <gpxtpx:hr>114</gpxtpx:hr>
          </gpxtpx:TrackPointExtension>
        </extensions>
      </trkpt>
      <trkpt lat="30.536294533770242" lon="104.05991095681036">
        <ele>0.0</ele>
        <time>2025-03-14T08:17:42Z</time>
        <extensions>
          <gpxtpx:TrackPointExtension>
            <gpxtpx:hr>114</gpxtpx:hr>
          </gpxtpx:TrackPointExtension>
        </extensions>
      </trkpt>
      <trkpt lat="30.536294493835783" lon="104.05993006836907">
        <ele>0.0</ele>
        <time>2025-03-14T08:17:43Z</time>
        <extensions>
          <gpxtpx:TrackPointExtension>
            <gpxtpx:hr>114</gpxtpx:hr>
          </gpxtpx:TrackPointExtension>
        </extensions>
      </trkpt>
      <trkpt lat="30.536295331524652" lon="104.05994945851197">
        <ele>0.0</ele>
        <time>2025-03-14T08:17:44Z</time>
        <extensions>
          <gpxtpx:TrackPointExtension>
            <gpxtpx:hr>114</gpxtpx:hr>
          </gpxtpx:TrackPointExtension>
        </extensions>
      </trkpt>
      <trkpt lat="30.53629687281133" lon="104.05996973332218">
        <ele>0.0</ele>
        <time>2025-03-14T08:17:45Z</time>
        <extensions>
          <gpxtpx:TrackPointExtension>
            <gpxtpx:hr>114</gpxtpx:hr>
          </gpxtpx:TrackPointExtension>
        </extensions>
      </trkpt>
      <trkpt lat="30.536299497705212" lon="104.05999026999255">
        <ele>0.0</ele>
        <time>2025-03-14T08:17:46Z</time>
        <extensions>
          <gpxtpx:TrackPointExtension>
            <gpxtpx:hr>114</gpxtpx:hr>
          </gpxtpx:TrackPointExtension>
        </extensions>
      </trkpt>
      <trkpt lat="30.536302937419126" lon="104.06001055970687">
        <ele>0.0</ele>
        <time>2025-03-14T08:17:47Z</time>
        <extensions>
          <gpxtpx:TrackPointExtension>
            <gpxtpx:hr>114</gpxtpx:hr>
          </gpxtpx:TrackPointExtension>
        </extensions>
      </trkpt>
      <trkpt lat="30.536306765189735" lon="104.06003051537213">
        <ele>0.0</ele>
        <time>2025-03-14T08:17:48Z</time>
        <extensions>
          <gpxtpx:TrackPointExtension>
            <gpxtpx:hr>115</gpxtpx:hr>
          </gpxtpx:TrackPointExtension>
        </extensions>
      </trkpt>
      <trkpt lat="30.53631013043105" lon="104.06004989957948">
        <ele>0.0</ele>
        <time>2025-03-14T08:17:49Z</time>
        <extensions>
          <gpxtpx:TrackPointExtension>
            <gpxtpx:hr>115</gpxtpx:hr>
          </gpxtpx:TrackPointExtension>
        </extensions>
      </trkpt>
      <trkpt lat="30.536311119450097" lon="104.06006839244618">
        <ele>0.0</ele>
        <time>2025-03-14T08:17:50Z</time>
        <extensions>
          <gpxtpx:TrackPointExtension>
            <gpxtpx:hr>115</gpxtpx:hr>
          </gpxtpx:TrackPointExtension>
        </extensions>
      </trkpt>
      <trkpt lat="30.5363088974754" lon="104.06008633337059">
        <ele>0.0</ele>
        <time>2025-03-14T08:17:51Z</time>
        <extensions>
          <gpxtpx:TrackPointExtension>
            <gpxtpx:hr>115</gpxtpx:hr>
          </gpxtpx:TrackPointExtension>
        </extensions>
      </trkpt>
      <trkpt lat="30.536303645517485" lon="104.06010539161707">
        <ele>0.0</ele>
        <time>2025-03-14T08:17:52Z</time>
        <extensions>
          <gpxtpx:TrackPointExtension>
            <gpxtpx:hr>115</gpxtpx:hr>
          </gpxtpx:TrackPointExtension>
        </extensions>
      </trkpt>
      <trkpt lat="30.536297524704285" lon="104.06012620145461">
        <ele>0.0</ele>
        <time>2025-03-14T08:17:53Z</time>
        <extensions>
          <gpxtpx:TrackPointExtension>
            <gpxtpx:hr>114</gpxtpx:hr>
          </gpxtpx:TrackPointExtension>
        </extensions>
      </trkpt>
      <trkpt lat="30.536291795505544" lon="104.06014762282713">
        <ele>0.0</ele>
        <time>2025-03-14T08:17:54Z</time>
        <extensions>
          <gpxtpx:TrackPointExtension>
            <gpxtpx:hr>114</gpxtpx:hr>
          </gpxtpx:TrackPointExtension>
        </extensions>
      </trkpt>
      <trkpt lat="30.536286574515525" lon="104.0601680633612">
        <ele>0.0</ele>
        <time>2025-03-14T08:17:55Z</time>
        <extensions>
          <gpxtpx:TrackPointExtension>
            <gpxtpx:hr>114</gpxtpx:hr>
          </gpxtpx:TrackPointExtension>
        </extensions>
      </trkpt>
      <trkpt lat="30.53628158339579" lon="104.06018746760542">
        <ele>0.0</ele>
        <time>2025-03-14T08:17:56Z</time>
        <extensions>
          <gpxtpx:TrackPointExtension>
            <gpxtpx:hr>114</gpxtpx:hr>
          </gpxtpx:TrackPointExtension>
        </extensions>
      </trkpt>
      <trkpt lat="30.536277071307687" lon="104.06020614297994">
        <ele>0.0</ele>
        <time>2025-03-14T08:17:57Z</time>
        <extensions>
          <gpxtpx:TrackPointExtension>
            <gpxtpx:hr>114</gpxtpx:hr>
          </gpxtpx:TrackPointExtension>
        </extensions>
      </trkpt>
      <trkpt lat="30.53627334085029" lon="104.06022457441023">
        <ele>0.0</ele>
        <time>2025-03-14T08:17:58Z</time>
        <extensions>
          <gpxtpx:TrackPointExtension>
            <gpxtpx:hr>114</gpxtpx:hr>
          </gpxtpx:TrackPointExtension>
        </extensions>
      </trkpt>
      <trkpt lat="30.536270151304812" lon="104.06024304650948">
        <ele>0.0</ele>
        <time>2025-03-14T08:17:59Z</time>
        <extensions>
          <gpxtpx:TrackPointExtension>
            <gpxtpx:hr>114</gpxtpx:hr>
          </gpxtpx:TrackPointExtension>
        </extensions>
      </trkpt>
      <trkpt lat="30.536267042627863" lon="104.06026195701389">
        <ele>0.0</ele>
        <time>2025-03-14T08:18:00Z</time>
        <extensions>
          <gpxtpx:TrackPointExtension>
            <gpxtpx:hr>114</gpxtpx:hr>
          </gpxtpx:TrackPointExtension>
        </extensions>
      </trkpt>
      <trkpt lat="30.536264008334648" lon="104.06028122920749">
        <ele>0.0</ele>
        <time>2025-03-14T08:18:01Z</time>
        <extensions>
          <gpxtpx:TrackPointExtension>
            <gpxtpx:hr>114</gpxtpx:hr>
          </gpxtpx:TrackPointExtension>
        </extensions>
      </trkpt>
      <trkpt lat="30.53626106946266" lon="104.0603008950111">
        <ele>0.0</ele>
        <time>2025-03-14T08:18:02Z</time>
        <extensions>
          <gpxtpx:TrackPointExtension>
            <gpxtpx:hr>114</gpxtpx:hr>
          </gpxtpx:TrackPointExtension>
        </extensions>
      </trkpt>
      <trkpt lat="30.536259054183507" lon="104.06032038460994">
        <ele>0.0</ele>
        <time>2025-03-14T08:18:03Z</time>
        <extensions>
          <gpxtpx:TrackPointExtension>
            <gpxtpx:hr>114</gpxtpx:hr>
          </gpxtpx:TrackPointExtension>
        </extensions>
      </trkpt>
      <trkpt lat="30.536257990011904" lon="104.06034169487104">
        <ele>0.0</ele>
        <time>2025-03-14T08:18:04Z</time>
        <extensions>
          <gpxtpx:TrackPointExtension>
            <gpxtpx:hr>114</gpxtpx:hr>
          </gpxtpx:TrackPointExtension>
        </extensions>
      </trkpt>
      <trkpt lat="30.53625825491899" lon="104.06036078782623">
        <ele>0.0</ele>
        <time>2025-03-14T08:18:05Z</time>
        <extensions>
          <gpxtpx:TrackPointExtension>
            <gpxtpx:hr>114</gpxtpx:hr>
          </gpxtpx:TrackPointExtension>
        </extensions>
      </trkpt>
      <trkpt lat="30.53625867995079" lon="104.06038219252704">
        <ele>0.0</ele>
        <time>2025-03-14T08:18:06Z</time>
        <extensions>
          <gpxtpx:TrackPointExtension>
            <gpxtpx:hr>114</gpxtpx:hr>
          </gpxtpx:TrackPointExtension>
        </extensions>
      </trkpt>
      <trkpt lat="30.536258361864768" lon="104.06040156885057">
        <ele>0.0</ele>
        <time>2025-03-14T08:18:07Z</time>
        <extensions>
          <gpxtpx:TrackPointExtension>
            <gpxtpx:hr>114</gpxtpx:hr>
          </gpxtpx:TrackPointExtension>
        </extensions>
      </trkpt>
      <trkpt lat="30.536256313198535" lon="104.06042281327738">
        <ele>0.0</ele>
        <time>2025-03-14T08:18:08Z</time>
        <extensions>
          <gpxtpx:TrackPointExtension>
            <gpxtpx:hr>114</gpxtpx:hr>
          </gpxtpx:TrackPointExtension>
        </extensions>
      </trkpt>
      <trkpt lat="30.536252586310347" lon="104.06044154483834">
        <ele>0.0</ele>
        <time>2025-03-14T08:18:09Z</time>
        <extensions>
          <gpxtpx:TrackPointExtension>
            <gpxtpx:hr>114</gpxtpx:hr>
          </gpxtpx:TrackPointExtension>
        </extensions>
      </trkpt>
      <trkpt lat="30.536248189226765" lon="104.06046035734335">
        <ele>0.0</ele>
        <time>2025-03-14T08:18:10Z</time>
        <extensions>
          <gpxtpx:TrackPointExtension>
            <gpxtpx:hr>114</gpxtpx:hr>
          </gpxtpx:TrackPointExtension>
        </extensions>
      </trkpt>
      <trkpt lat="30.53624409079853" lon="104.06047938120382">
        <ele>0.0</ele>
        <time>2025-03-14T08:18:11Z</time>
        <extensions>
          <gpxtpx:TrackPointExtension>
            <gpxtpx:hr>114</gpxtpx:hr>
          </gpxtpx:TrackPointExtension>
        </extensions>
      </trkpt>
      <trkpt lat="30.536239441971283" lon="104.06049872089673">
        <ele>0.0</ele>
        <time>2025-03-14T08:18:12Z</time>
        <extensions>
          <gpxtpx:TrackPointExtension>
            <gpxtpx:hr>114</gpxtpx:hr>
          </gpxtpx:TrackPointExtension>
        </extensions>
      </trkpt>
      <trkpt lat="30.536234826155326" lon="104.06051832470078">
        <ele>0.0</ele>
        <time>2025-03-14T08:18:13Z</time>
        <extensions>
          <gpxtpx:TrackPointExtension>
            <gpxtpx:hr>114</gpxtpx:hr>
          </gpxtpx:TrackPointExtension>
        </extensions>
      </trkpt>
      <trkpt lat="30.536230845647573" lon="104.06053813897653">
        <ele>0.0</ele>
        <time>2025-03-14T08:18:14Z</time>
        <extensions>
          <gpxtpx:TrackPointExtension>
            <gpxtpx:hr>114</gpxtpx:hr>
          </gpxtpx:TrackPointExtension>
        </extensions>
      </trkpt>
      <trkpt lat="30.536228697016586" lon="104.06055825957645">
        <ele>0.0</ele>
        <time>2025-03-14T08:18:15Z</time>
        <extensions>
          <gpxtpx:TrackPointExtension>
            <gpxtpx:hr>114</gpxtpx:hr>
          </gpxtpx:TrackPointExtension>
        </extensions>
      </trkpt>
      <trkpt lat="30.53622803107437" lon="104.06057850060853">
        <ele>0.0</ele>
        <time>2025-03-14T08:18:16Z</time>
        <extensions>
          <gpxtpx:TrackPointExtension>
            <gpxtpx:hr>114</gpxtpx:hr>
          </gpxtpx:TrackPointExtension>
        </extensions>
      </trkpt>
      <trkpt lat="30.53622716597446" lon="104.06059859639743">
        <ele>0.0</ele>
        <time>2025-03-14T08:18:17Z</time>
        <extensions>
          <gpxtpx:TrackPointExtension>
            <gpxtpx:hr>114</gpxtpx:hr>
          </gpxtpx:TrackPointExtension>
        </extensions>
      </trkpt>
      <trkpt lat="30.536226340656068" lon="104.06061815778193">
        <ele>0.0</ele>
        <time>2025-03-14T08:18:18Z</time>
        <extensions>
          <gpxtpx:TrackPointExtension>
            <gpxtpx:hr>114</gpxtpx:hr>
          </gpxtpx:TrackPointExtension>
        </extensions>
      </trkpt>
      <trkpt lat="30.536224875791266" lon="104.06063708594955">
        <ele>0.0</ele>
        <time>2025-03-14T08:18:19Z</time>
        <extensions>
          <gpxtpx:TrackPointExtension>
            <gpxtpx:hr>114</gpxtpx:hr>
          </gpxtpx:TrackPointExtension>
        </extensions>
      </trkpt>
      <trkpt lat="30.53622372212717" lon="104.06065529493465">
        <ele>0.0</ele>
        <time>2025-03-14T08:18:20Z</time>
        <extensions>
          <gpxtpx:TrackPointExtension>
            <gpxtpx:hr>114</gpxtpx:hr>
          </gpxtpx:TrackPointExtension>
        </extensions>
      </trkpt>
      <trkpt lat="30.536223062798445" lon="104.06067351425219">
        <ele>0.0</ele>
        <time>2025-03-14T08:18:21Z</time>
        <extensions>
          <gpxtpx:TrackPointExtension>
            <gpxtpx:hr>114</gpxtpx:hr>
          </gpxtpx:TrackPointExtension>
        </extensions>
      </trkpt>
      <trkpt lat="30.53622430398926" lon="104.06069111756143">
        <ele>0.0</ele>
        <time>2025-03-14T08:18:22Z</time>
        <extensions>
          <gpxtpx:TrackPointExtension>
            <gpxtpx:hr>114</gpxtpx:hr>
          </gpxtpx:TrackPointExtension>
        </extensions>
      </trkpt>
      <trkpt lat="30.536227847263845" lon="104.06070926758738">
        <ele>0.0</ele>
        <time>2025-03-14T08:18:23Z</time>
        <extensions>
          <gpxtpx:TrackPointExtension>
            <gpxtpx:hr>113</gpxtpx:hr>
          </gpxtpx:TrackPointExtension>
        </extensions>
      </trkpt>
      <trkpt lat="30.536233869204228" lon="104.06072809801512">
        <ele>0.0</ele>
        <time>2025-03-14T08:18:24Z</time>
        <extensions>
          <gpxtpx:TrackPointExtension>
            <gpxtpx:hr>113</gpxtpx:hr>
          </gpxtpx:TrackPointExtension>
        </extensions>
      </trkpt>
      <trkpt lat="30.536241923661233" lon="104.06074825996008">
        <ele>0.0</ele>
        <time>2025-03-14T08:18:25Z</time>
        <extensions>
          <gpxtpx:TrackPointExtension>
            <gpxtpx:hr>113</gpxtpx:hr>
          </gpxtpx:TrackPointExtension>
        </extensions>
      </trkpt>
      <trkpt lat="30.536251934661536" lon="104.06076870439641">
        <ele>0.0</ele>
        <time>2025-03-14T08:18:26Z</time>
        <extensions>
          <gpxtpx:TrackPointExtension>
            <gpxtpx:hr>113</gpxtpx:hr>
          </gpxtpx:TrackPointExtension>
        </extensions>
      </trkpt>
      <trkpt lat="30.5362642211961" lon="104.06078854770406">
        <ele>0.0</ele>
        <time>2025-03-14T08:18:27Z</time>
        <extensions>
          <gpxtpx:TrackPointExtension>
            <gpxtpx:hr>113</gpxtpx:hr>
          </gpxtpx:TrackPointExtension>
        </extensions>
      </trkpt>
      <trkpt lat="30.536278157034953" lon="104.0608077059119">
        <ele>0.0</ele>
        <time>2025-03-14T08:18:28Z</time>
        <extensions>
          <gpxtpx:TrackPointExtension>
            <gpxtpx:hr>114</gpxtpx:hr>
          </gpxtpx:TrackPointExtension>
        </extensions>
      </trkpt>
      <trkpt lat="30.536292749467904" lon="104.06082621205138">
        <ele>0.0</ele>
        <time>2025-03-14T08:18:29Z</time>
        <extensions>
          <gpxtpx:TrackPointExtension>
            <gpxtpx:hr>114</gpxtpx:hr>
          </gpxtpx:TrackPointExtension>
        </extensions>
      </trkpt>
      <trkpt lat="30.5363066498946" lon="104.06084448406651">
        <ele>0.0</ele>
        <time>2025-03-14T08:18:30Z</time>
        <extensions>
          <gpxtpx:TrackPointExtension>
            <gpxtpx:hr>114</gpxtpx:hr>
          </gpxtpx:TrackPointExtension>
        </extensions>
      </trkpt>
      <trkpt lat="30.536319171425436" lon="104.06086269479773">
        <ele>0.0</ele>
        <time>2025-03-14T08:18:31Z</time>
        <extensions>
          <gpxtpx:TrackPointExtension>
            <gpxtpx:hr>114</gpxtpx:hr>
          </gpxtpx:TrackPointExtension>
        </extensions>
      </trkpt>
      <trkpt lat="30.53633032582057" lon="104.06088090498339">
        <ele>0.0</ele>
        <time>2025-03-14T08:18:32Z</time>
        <extensions>
          <gpxtpx:TrackPointExtension>
            <gpxtpx:hr>114</gpxtpx:hr>
          </gpxtpx:TrackPointExtension>
        </extensions>
      </trkpt>
      <trkpt lat="30.536339809652084" lon="104.06089942561344">
        <ele>0.0</ele>
        <time>2025-03-14T08:18:33Z</time>
        <extensions>
          <gpxtpx:TrackPointExtension>
            <gpxtpx:hr>113</gpxtpx:hr>
          </gpxtpx:TrackPointExtension>
        </extensions>
      </trkpt>
      <trkpt lat="30.536348034370427" lon="104.06091867698015">
        <ele>0.0</ele>
        <time>2025-03-14T08:18:34Z</time>
        <extensions>
          <gpxtpx:TrackPointExtension>
            <gpxtpx:hr>113</gpxtpx:hr>
          </gpxtpx:TrackPointExtension>
        </extensions>
      </trkpt>
      <trkpt lat="30.53635448434002" lon="104.06093861755332">
        <ele>0.0</ele>
        <time>2025-03-14T08:18:35Z</time>
        <extensions>
          <gpxtpx:TrackPointExtension>
            <gpxtpx:hr>113</gpxtpx:hr>
          </gpxtpx:TrackPointExtension>
        </extensions>
      </trkpt>
      <trkpt lat="30.536359024285396" lon="104.06095900729687">
        <ele>0.0</ele>
        <time>2025-03-14T08:18:36Z</time>
        <extensions>
          <gpxtpx:TrackPointExtension>
            <gpxtpx:hr>113</gpxtpx:hr>
          </gpxtpx:TrackPointExtension>
        </extensions>
      </trkpt>
      <trkpt lat="30.536360986303894" lon="104.06097926901971">
        <ele>0.0</ele>
        <time>2025-03-14T08:18:37Z</time>
        <extensions>
          <gpxtpx:TrackPointExtension>
            <gpxtpx:hr>113</gpxtpx:hr>
          </gpxtpx:TrackPointExtension>
        </extensions>
      </trkpt>
      <trkpt lat="30.536361376342576" lon="104.06099908245916">
        <ele>0.0</ele>
        <time>2025-03-14T08:18:38Z</time>
        <extensions>
          <gpxtpx:TrackPointExtension>
            <gpxtpx:hr>114</gpxtpx:hr>
          </gpxtpx:TrackPointExtension>
        </extensions>
      </trkpt>
      <trkpt lat="30.536361172792883" lon="104.06102014909644">
        <ele>0.0</ele>
        <time>2025-03-14T08:18:39Z</time>
        <extensions>
          <gpxtpx:TrackPointExtension>
            <gpxtpx:hr>114</gpxtpx:hr>
          </gpxtpx:TrackPointExtension>
        </extensions>
      </trkpt>
      <trkpt lat="30.536361264199876" lon="104.06104027005041">
        <ele>0.0</ele>
        <time>2025-03-14T08:18:40Z</time>
        <extensions>
          <gpxtpx:TrackPointExtension>
            <gpxtpx:hr>114</gpxtpx:hr>
          </gpxtpx:TrackPointExtension>
        </extensions>
      </trkpt>
      <trkpt lat="30.536361534449323" lon="104.06105983307658">
        <ele>0.0</ele>
        <time>2025-03-14T08:18:41Z</time>
        <extensions>
          <gpxtpx:TrackPointExtension>
            <gpxtpx:hr>114</gpxtpx:hr>
          </gpxtpx:TrackPointExtension>
        </extensions>
      </trkpt>
      <trkpt lat="30.536361758358833" lon="104.06107668477773">
        <ele>0.0</ele>
        <time>2025-03-14T08:18:42Z</time>
        <extensions>
          <gpxtpx:TrackPointExtension>
            <gpxtpx:hr>114</gpxtpx:hr>
          </gpxtpx:TrackPointExtension>
        </extensions>
      </trkpt>
      <trkpt lat="30.536361451413857" lon="104.06109305471875">
        <ele>0.0</ele>
        <time>2025-03-14T08:18:43Z</time>
        <extensions>
          <gpxtpx:TrackPointExtension>
            <gpxtpx:hr>113</gpxtpx:hr>
          </gpxtpx:TrackPointExtension>
        </extensions>
      </trkpt>
      <trkpt lat="30.53635978599893" lon="104.06110860927053">
        <ele>0.0</ele>
        <time>2025-03-14T08:18:44Z</time>
        <extensions>
          <gpxtpx:TrackPointExtension>
            <gpxtpx:hr>113</gpxtpx:hr>
          </gpxtpx:TrackPointExtension>
        </extensions>
      </trkpt>
      <trkpt lat="30.53635641505043" lon="104.06112303429961">
        <ele>0.0</ele>
        <time>2025-03-14T08:18:45Z</time>
        <extensions>
          <gpxtpx:TrackPointExtension>
            <gpxtpx:hr>113</gpxtpx:hr>
          </gpxtpx:TrackPointExtension>
        </extensions>
      </trkpt>
      <trkpt lat="30.53635066310047" lon="104.06113549138281">
        <ele>0.0</ele>
        <time>2025-03-14T08:18:46Z</time>
        <extensions>
          <gpxtpx:TrackPointExtension>
            <gpxtpx:hr>113</gpxtpx:hr>
          </gpxtpx:TrackPointExtension>
        </extensions>
      </trkpt>
      <trkpt lat="30.536342957796837" lon="104.06114499508682">
        <ele>0.0</ele>
        <time>2025-03-14T08:18:47Z</time>
        <extensions>
          <gpxtpx:TrackPointExtension>
            <gpxtpx:hr>113</gpxtpx:hr>
          </gpxtpx:TrackPointExtension>
        </extensions>
      </trkpt>
      <trkpt lat="30.536333633483572" lon="104.06115149610982">
        <ele>0.0</ele>
        <time>2025-03-14T08:18:48Z</time>
        <extensions>
          <gpxtpx:TrackPointExtension>
            <gpxtpx:hr>113</gpxtpx:hr>
          </gpxtpx:TrackPointExtension>
        </extensions>
      </trkpt>
      <trkpt lat="30.536323437237588" lon="104.06115535576131">
        <ele>0.0</ele>
        <time>2025-03-14T08:18:49Z</time>
        <extensions>
          <gpxtpx:TrackPointExtension>
            <gpxtpx:hr>113</gpxtpx:hr>
          </gpxtpx:TrackPointExtension>
        </extensions>
      </trkpt>
      <trkpt lat="30.536312281633016" lon="104.0611578247653">
        <ele>0.0</ele>
        <time>2025-03-14T08:18:50Z</time>
        <extensions>
          <gpxtpx:TrackPointExtension>
            <gpxtpx:hr>113</gpxtpx:hr>
          </gpxtpx:TrackPointExtension>
        </extensions>
      </trkpt>
      <trkpt lat="30.536300002935885" lon="104.06115929288488">
        <ele>0.0</ele>
        <time>2025-03-14T08:18:51Z</time>
        <extensions>
          <gpxtpx:TrackPointExtension>
            <gpxtpx:hr>113</gpxtpx:hr>
          </gpxtpx:TrackPointExtension>
        </extensions>
      </trkpt>
      <trkpt lat="30.53628688004236" lon="104.06116012379077">
        <ele>0.0</ele>
        <time>2025-03-14T08:18:52Z</time>
        <extensions>
          <gpxtpx:TrackPointExtension>
            <gpxtpx:hr>113</gpxtpx:hr>
          </gpxtpx:TrackPointExtension>
        </extensions>
      </trkpt>
      <trkpt lat="30.53627287671702" lon="104.06116057793264">
        <ele>0.0</ele>
        <time>2025-03-14T08:18:53Z</time>
        <extensions>
          <gpxtpx:TrackPointExtension>
            <gpxtpx:hr>116</gpxtpx:hr>
          </gpxtpx:TrackPointExtension>
        </extensions>
      </trkpt>
      <trkpt lat="30.53625814428909" lon="104.06116083921935">
        <ele>0.0</ele>
        <time>2025-03-14T08:18:54Z</time>
        <extensions>
          <gpxtpx:TrackPointExtension>
            <gpxtpx:hr>116</gpxtpx:hr>
          </gpxtpx:TrackPointExtension>
        </extensions>
      </trkpt>
      <trkpt lat="30.536242466787698" lon="104.0611613180393">
        <ele>0.0</ele>
        <time>2025-03-14T08:18:55Z</time>
        <extensions>
          <gpxtpx:TrackPointExtension>
            <gpxtpx:hr>116</gpxtpx:hr>
          </gpxtpx:TrackPointExtension>
        </extensions>
      </trkpt>
      <trkpt lat="30.53622624923263" lon="104.06116238601136">
        <ele>0.0</ele>
        <time>2025-03-14T08:18:56Z</time>
        <extensions>
          <gpxtpx:TrackPointExtension>
            <gpxtpx:hr>116</gpxtpx:hr>
          </gpxtpx:TrackPointExtension>
        </extensions>
      </trkpt>
      <trkpt lat="30.53620973774974" lon="104.06116465698926">
        <ele>0.0</ele>
        <time>2025-03-14T08:18:57Z</time>
        <extensions>
          <gpxtpx:TrackPointExtension>
            <gpxtpx:hr>116</gpxtpx:hr>
          </gpxtpx:TrackPointExtension>
        </extensions>
      </trkpt>
      <trkpt lat="30.53619350361548" lon="104.06116778837315">
        <ele>0.0</ele>
        <time>2025-03-14T08:18:58Z</time>
        <extensions>
          <gpxtpx:TrackPointExtension>
            <gpxtpx:hr>116</gpxtpx:hr>
          </gpxtpx:TrackPointExtension>
        </extensions>
      </trkpt>
      <trkpt lat="30.536177232366185" lon="104.06117061042526">
        <ele>0.0</ele>
        <time>2025-03-14T08:18:59Z</time>
        <extensions>
          <gpxtpx:TrackPointExtension>
            <gpxtpx:hr>116</gpxtpx:hr>
          </gpxtpx:TrackPointExtension>
        </extensions>
      </trkpt>
      <trkpt lat="30.53616069328824" lon="104.06117238129559">
        <ele>0.0</ele>
        <time>2025-03-14T08:19:00Z</time>
        <extensions>
          <gpxtpx:TrackPointExtension>
            <gpxtpx:hr>116</gpxtpx:hr>
          </gpxtpx:TrackPointExtension>
        </extensions>
      </trkpt>
      <trkpt lat="30.536143524532736" lon="104.06117271173973">
        <ele>0.0</ele>
        <time>2025-03-14T08:19:01Z</time>
        <extensions>
          <gpxtpx:TrackPointExtension>
            <gpxtpx:hr>116</gpxtpx:hr>
          </gpxtpx:TrackPointExtension>
        </extensions>
      </trkpt>
      <trkpt lat="30.536126113702313" lon="104.06117215646861">
        <ele>0.0</ele>
        <time>2025-03-14T08:19:02Z</time>
        <extensions>
          <gpxtpx:TrackPointExtension>
            <gpxtpx:hr>116</gpxtpx:hr>
          </gpxtpx:TrackPointExtension>
        </extensions>
      </trkpt>
      <trkpt lat="30.536108619905697" lon="104.06117107626639">
        <ele>0.0</ele>
        <time>2025-03-14T08:19:03Z</time>
        <extensions>
          <gpxtpx:TrackPointExtension>
            <gpxtpx:hr>115</gpxtpx:hr>
          </gpxtpx:TrackPointExtension>
        </extensions>
      </trkpt>
      <trkpt lat="30.53609129310139" lon="104.06117010648337">
        <ele>0.0</ele>
        <time>2025-03-14T08:19:04Z</time>
        <extensions>
          <gpxtpx:TrackPointExtension>
            <gpxtpx:hr>115</gpxtpx:hr>
          </gpxtpx:TrackPointExtension>
        </extensions>
      </trkpt>
      <trkpt lat="30.53607431934627" lon="104.06116927116285">
        <ele>0.0</ele>
        <time>2025-03-14T08:19:05Z</time>
        <extensions>
          <gpxtpx:TrackPointExtension>
            <gpxtpx:hr>115</gpxtpx:hr>
          </gpxtpx:TrackPointExtension>
        </extensions>
      </trkpt>
      <trkpt lat="30.536057820698268" lon="104.06116822056578">
        <ele>0.0</ele>
        <time>2025-03-14T08:19:06Z</time>
        <extensions>
          <gpxtpx:TrackPointExtension>
            <gpxtpx:hr>115</gpxtpx:hr>
          </gpxtpx:TrackPointExtension>
        </extensions>
      </trkpt>
      <trkpt lat="30.53604141482361" lon="104.06116716532499">
        <ele>0.0</ele>
        <time>2025-03-14T08:19:07Z</time>
        <extensions>
          <gpxtpx:TrackPointExtension>
            <gpxtpx:hr>115</gpxtpx:hr>
          </gpxtpx:TrackPointExtension>
        </extensions>
      </trkpt>
      <trkpt lat="30.536024731088403" lon="104.06116672318956">
        <ele>0.0</ele>
        <time>2025-03-14T08:19:08Z</time>
        <extensions>
          <gpxtpx:TrackPointExtension>
            <gpxtpx:hr>115</gpxtpx:hr>
          </gpxtpx:TrackPointExtension>
        </extensions>
      </trkpt>
      <trkpt lat="30.536007305327836" lon="104.06116794560488">
        <ele>0.0</ele>
        <time>2025-03-14T08:19:09Z</time>
        <extensions>
          <gpxtpx:TrackPointExtension>
            <gpxtpx:hr>115</gpxtpx:hr>
          </gpxtpx:TrackPointExtension>
        </extensions>
      </trkpt>
      <trkpt lat="30.535989057464093" lon="104.06117120160286">
        <ele>0.0</ele>
        <time>2025-03-14T08:19:10Z</time>
        <extensions>
          <gpxtpx:TrackPointExtension>
            <gpxtpx:hr>115</gpxtpx:hr>
          </gpxtpx:TrackPointExtension>
        </extensions>
      </trkpt>
      <trkpt lat="30.53596977298088" lon="104.06117627910032">
        <ele>0.0</ele>
        <time>2025-03-14T08:19:11Z</time>
        <extensions>
          <gpxtpx:TrackPointExtension>
            <gpxtpx:hr>115</gpxtpx:hr>
          </gpxtpx:TrackPointExtension>
        </extensions>
      </trkpt>
      <trkpt lat="30.535949579890246" lon="104.06118292269342">
        <ele>0.0</ele>
        <time>2025-03-14T08:19:12Z</time>
        <extensions>
          <gpxtpx:TrackPointExtension>
            <gpxtpx:hr>115</gpxtpx:hr>
          </gpxtpx:TrackPointExtension>
        </extensions>
      </trkpt>
      <trkpt lat="30.53592899102305" lon="104.0611906729799">
        <ele>0.0</ele>
        <time>2025-03-14T08:19:13Z</time>
        <extensions>
          <gpxtpx:TrackPointExtension>
            <gpxtpx:hr>116</gpxtpx:hr>
          </gpxtpx:TrackPointExtension>
        </extensions>
      </trkpt>
      <trkpt lat="30.53590850849993" lon="104.06119924653989">
        <ele>0.0</ele>
        <time>2025-03-14T08:19:14Z</time>
        <extensions>
          <gpxtpx:TrackPointExtension>
            <gpxtpx:hr>116</gpxtpx:hr>
          </gpxtpx:TrackPointExtension>
        </extensions>
      </trkpt>
      <trkpt lat="30.535889045663286" lon="104.0612079250685">
        <ele>0.0</ele>
        <time>2025-03-14T08:19:15Z</time>
        <extensions>
          <gpxtpx:TrackPointExtension>
            <gpxtpx:hr>116</gpxtpx:hr>
          </gpxtpx:TrackPointExtension>
        </extensions>
      </trkpt>
      <trkpt lat="30.53587016040267" lon="104.06121638846967">
        <ele>0.0</ele>
        <time>2025-03-14T08:19:16Z</time>
        <extensions>
          <gpxtpx:TrackPointExtension>
            <gpxtpx:hr>116</gpxtpx:hr>
          </gpxtpx:TrackPointExtension>
        </extensions>
      </trkpt>
      <trkpt lat="30.535852012742858" lon="104.06122465580565">
        <ele>0.0</ele>
        <time>2025-03-14T08:19:17Z</time>
        <extensions>
          <gpxtpx:TrackPointExtension>
            <gpxtpx:hr>116</gpxtpx:hr>
          </gpxtpx:TrackPointExtension>
        </extensions>
      </trkpt>
      <trkpt lat="30.535833819820887" lon="104.06123333051136">
        <ele>0.0</ele>
        <time>2025-03-14T08:19:18Z</time>
        <extensions>
          <gpxtpx:TrackPointExtension>
            <gpxtpx:hr>117</gpxtpx:hr>
          </gpxtpx:TrackPointExtension>
        </extensions>
      </trkpt>
      <trkpt lat="30.535815851330945" lon="104.06124203183467">
        <ele>0.0</ele>
        <time>2025-03-14T08:19:19Z</time>
        <extensions>
          <gpxtpx:TrackPointExtension>
            <gpxtpx:hr>117</gpxtpx:hr>
          </gpxtpx:TrackPointExtension>
        </extensions>
      </trkpt>
      <trkpt lat="30.535798078732867" lon="104.06124997621757">
        <ele>0.0</ele>
        <time>2025-03-14T08:19:20Z</time>
        <extensions>
          <gpxtpx:TrackPointExtension>
            <gpxtpx:hr>117</gpxtpx:hr>
          </gpxtpx:TrackPointExtension>
        </extensions>
      </trkpt>
      <trkpt lat="30.535780957266972" lon="104.0612562257057">
        <ele>0.0</ele>
        <time>2025-03-14T08:19:21Z</time>
        <extensions>
          <gpxtpx:TrackPointExtension>
            <gpxtpx:hr>117</gpxtpx:hr>
          </gpxtpx:TrackPointExtension>
        </extensions>
      </trkpt>
      <trkpt lat="30.535764338484423" lon="104.06126078612076">
        <ele>0.0</ele>
        <time>2025-03-14T08:19:22Z</time>
        <extensions>
          <gpxtpx:TrackPointExtension>
            <gpxtpx:hr>117</gpxtpx:hr>
          </gpxtpx:TrackPointExtension>
        </extensions>
      </trkpt>
      <trkpt lat="30.53574807151532" lon="104.06126347529522">
        <ele>0.0</ele>
        <time>2025-03-14T08:19:23Z</time>
        <extensions>
          <gpxtpx:TrackPointExtension>
            <gpxtpx:hr>115</gpxtpx:hr>
          </gpxtpx:TrackPointExtension>
        </extensions>
      </trkpt>
      <trkpt lat="30.535731545636693" lon="104.06126425012746">
        <ele>0.0</ele>
        <time>2025-03-14T08:19:24Z</time>
        <extensions>
          <gpxtpx:TrackPointExtension>
            <gpxtpx:hr>115</gpxtpx:hr>
          </gpxtpx:TrackPointExtension>
        </extensions>
      </trkpt>
      <trkpt lat="30.53571503990986" lon="104.06126301493839">
        <ele>0.0</ele>
        <time>2025-03-14T08:19:25Z</time>
        <extensions>
          <gpxtpx:TrackPointExtension>
            <gpxtpx:hr>115</gpxtpx:hr>
          </gpxtpx:TrackPointExtension>
        </extensions>
      </trkpt>
      <trkpt lat="30.535696575878852" lon="104.06126017061344">
        <ele>0.0</ele>
        <time>2025-03-14T08:19:26Z</time>
        <extensions>
          <gpxtpx:TrackPointExtension>
            <gpxtpx:hr>115</gpxtpx:hr>
          </gpxtpx:TrackPointExtension>
        </extensions>
      </trkpt>
      <trkpt lat="30.53567833199411" lon="104.0612563533182">
        <ele>0.0</ele>
        <time>2025-03-14T08:19:27Z</time>
        <extensions>
          <gpxtpx:TrackPointExtension>
            <gpxtpx:hr>115</gpxtpx:hr>
          </gpxtpx:TrackPointExtension>
        </extensions>
      </trkpt>
      <trkpt lat="30.535659573169223" lon="104.06125148826432">
        <ele>0.0</ele>
        <time>2025-03-14T08:19:28Z</time>
        <extensions>
          <gpxtpx:TrackPointExtension>
            <gpxtpx:hr>117</gpxtpx:hr>
          </gpxtpx:TrackPointExtension>
        </extensions>
      </trkpt>
      <trkpt lat="30.535642189419153" lon="104.06124698214194">
        <ele>0.0</ele>
        <time>2025-03-14T08:19:29Z</time>
        <extensions>
          <gpxtpx:TrackPointExtension>
            <gpxtpx:hr>117</gpxtpx:hr>
          </gpxtpx:TrackPointExtension>
        </extensions>
      </trkpt>
      <trkpt lat="30.53562404568654" lon="104.06124314586987">
        <ele>0.0</ele>
        <time>2025-03-14T08:19:30Z</time>
        <extensions>
          <gpxtpx:TrackPointExtension>
            <gpxtpx:hr>117</gpxtpx:hr>
          </gpxtpx:TrackPointExtension>
        </extensions>
      </trkpt>
      <trkpt lat="30.53560578576954" lon="104.06124050546418">
        <ele>0.0</ele>
        <time>2025-03-14T08:19:31Z</time>
        <extensions>
          <gpxtpx:TrackPointExtension>
            <gpxtpx:hr>117</gpxtpx:hr>
          </gpxtpx:TrackPointExtension>
        </extensions>
      </trkpt>
      <trkpt lat="30.535587487580713" lon="104.06123809035648">
        <ele>0.0</ele>
        <time>2025-03-14T08:19:32Z</time>
        <extensions>
          <gpxtpx:TrackPointExtension>
            <gpxtpx:hr>117</gpxtpx:hr>
          </gpxtpx:TrackPointExtension>
        </extensions>
      </trkpt>
      <trkpt lat="30.535568998425926" lon="104.06123699319669">
        <ele>0.0</ele>
        <time>2025-03-14T08:19:33Z</time>
        <extensions>
          <gpxtpx:TrackPointExtension>
            <gpxtpx:hr>117</gpxtpx:hr>
          </gpxtpx:TrackPointExtension>
        </extensions>
      </trkpt>
      <trkpt lat="30.535550378232386" lon="104.06123781424108">
        <ele>0.0</ele>
        <time>2025-03-14T08:19:34Z</time>
        <extensions>
          <gpxtpx:TrackPointExtension>
            <gpxtpx:hr>117</gpxtpx:hr>
          </gpxtpx:TrackPointExtension>
        </extensions>
      </trkpt>
      <trkpt lat="30.53553173582686" lon="104.0612402761925">
        <ele>0.0</ele>
        <time>2025-03-14T08:19:35Z</time>
        <extensions>
          <gpxtpx:TrackPointExtension>
            <gpxtpx:hr>117</gpxtpx:hr>
          </gpxtpx:TrackPointExtension>
        </extensions>
      </trkpt>
      <trkpt lat="30.535513855712814" lon="104.06124253230377">
        <ele>0.0</ele>
        <time>2025-03-14T08:19:36Z</time>
        <extensions>
          <gpxtpx:TrackPointExtension>
            <gpxtpx:hr>117</gpxtpx:hr>
          </gpxtpx:TrackPointExtension>
        </extensions>
      </trkpt>
      <trkpt lat="30.535497407523536" lon="104.06124386003265">
        <ele>0.0</ele>
        <time>2025-03-14T08:19:37Z</time>
        <extensions>
          <gpxtpx:TrackPointExtension>
            <gpxtpx:hr>117</gpxtpx:hr>
          </gpxtpx:TrackPointExtension>
        </extensions>
      </trkpt>
      <trkpt lat="30.535479663745782" lon="104.06124452194412">
        <ele>0.0</ele>
        <time>2025-03-14T08:19:38Z</time>
        <extensions>
          <gpxtpx:TrackPointExtension>
            <gpxtpx:hr>117</gpxtpx:hr>
          </gpxtpx:TrackPointExtension>
        </extensions>
      </trkpt>
      <trkpt lat="30.535462436329933" lon="104.0612455523228">
        <ele>0.0</ele>
        <time>2025-03-14T08:19:39Z</time>
        <extensions>
          <gpxtpx:TrackPointExtension>
            <gpxtpx:hr>117</gpxtpx:hr>
          </gpxtpx:TrackPointExtension>
        </extensions>
      </trkpt>
      <trkpt lat="30.535443826325302" lon="104.0612473600569">
        <ele>0.0</ele>
        <time>2025-03-14T08:19:40Z</time>
        <extensions>
          <gpxtpx:TrackPointExtension>
            <gpxtpx:hr>117</gpxtpx:hr>
          </gpxtpx:TrackPointExtension>
        </extensions>
      </trkpt>
      <trkpt lat="30.53542600622054" lon="104.06124983849564">
        <ele>0.0</ele>
        <time>2025-03-14T08:19:41Z</time>
        <extensions>
          <gpxtpx:TrackPointExtension>
            <gpxtpx:hr>117</gpxtpx:hr>
          </gpxtpx:TrackPointExtension>
        </extensions>
      </trkpt>
      <trkpt lat="30.535406834588482" lon="104.06125227486002">
        <ele>0.0</ele>
        <time>2025-03-14T08:19:42Z</time>
        <extensions>
          <gpxtpx:TrackPointExtension>
            <gpxtpx:hr>117</gpxtpx:hr>
          </gpxtpx:TrackPointExtension>
        </extensions>
      </trkpt>
      <trkpt lat="30.535387227010023" lon="104.06125463943573">
        <ele>0.0</ele>
        <time>2025-03-14T08:19:43Z</time>
        <extensions>
          <gpxtpx:TrackPointExtension>
            <gpxtpx:hr>117</gpxtpx:hr>
          </gpxtpx:TrackPointExtension>
        </extensions>
      </trkpt>
      <trkpt lat="30.535368142645154" lon="104.06125678665971">
        <ele>0.0</ele>
        <time>2025-03-14T08:19:44Z</time>
        <extensions>
          <gpxtpx:TrackPointExtension>
            <gpxtpx:hr>117</gpxtpx:hr>
          </gpxtpx:TrackPointExtension>
        </extensions>
      </trkpt>
      <trkpt lat="30.53534959184444" lon="104.06125911343374">
        <ele>0.0</ele>
        <time>2025-03-14T08:19:45Z</time>
        <extensions>
          <gpxtpx:TrackPointExtension>
            <gpxtpx:hr>117</gpxtpx:hr>
          </gpxtpx:TrackPointExtension>
        </extensions>
      </trkpt>
      <trkpt lat="30.535331772582982" lon="104.06126136990059">
        <ele>0.0</ele>
        <time>2025-03-14T08:19:46Z</time>
        <extensions>
          <gpxtpx:TrackPointExtension>
            <gpxtpx:hr>117</gpxtpx:hr>
          </gpxtpx:TrackPointExtension>
        </extensions>
      </trkpt>
      <trkpt lat="30.535313852235983" lon="104.06126351738884">
        <ele>0.0</ele>
        <time>2025-03-14T08:19:47Z</time>
        <extensions>
          <gpxtpx:TrackPointExtension>
            <gpxtpx:hr>117</gpxtpx:hr>
          </gpxtpx:TrackPointExtension>
        </extensions>
      </trkpt>
      <trkpt lat="30.535295537864855" lon="104.06126528207088">
        <ele>0.0</ele>
        <time>2025-03-14T08:19:48Z</time>
        <extensions>
          <gpxtpx:TrackPointExtension>
            <gpxtpx:hr>116</gpxtpx:hr>
          </gpxtpx:TrackPointExtension>
        </extensions>
      </trkpt>
      <trkpt lat="30.53527663740284" lon="104.06126696359327">
        <ele>0.0</ele>
        <time>2025-03-14T08:19:49Z</time>
        <extensions>
          <gpxtpx:TrackPointExtension>
            <gpxtpx:hr>116</gpxtpx:hr>
          </gpxtpx:TrackPointExtension>
        </extensions>
      </trkpt>
      <trkpt lat="30.535257308207132" lon="104.06126880606038">
        <ele>0.0</ele>
        <time>2025-03-14T08:19:50Z</time>
        <extensions>
          <gpxtpx:TrackPointExtension>
            <gpxtpx:hr>116</gpxtpx:hr>
          </gpxtpx:TrackPointExtension>
        </extensions>
      </trkpt>
      <trkpt lat="30.535238098216077" lon="104.06127005175124">
        <ele>0.0</ele>
        <time>2025-03-14T08:19:51Z</time>
        <extensions>
          <gpxtpx:TrackPointExtension>
            <gpxtpx:hr>116</gpxtpx:hr>
          </gpxtpx:TrackPointExtension>
        </extensions>
      </trkpt>
      <trkpt lat="30.53521953156185" lon="104.06126985341201">
        <ele>0.0</ele>
        <time>2025-03-14T08:19:52Z</time>
        <extensions>
          <gpxtpx:TrackPointExtension>
            <gpxtpx:hr>116</gpxtpx:hr>
          </gpxtpx:TrackPointExtension>
        </extensions>
      </trkpt>
      <trkpt lat="30.535201986742887" lon="104.06126772149048">
        <ele>0.0</ele>
        <time>2025-03-14T08:19:53Z</time>
        <extensions>
          <gpxtpx:TrackPointExtension>
            <gpxtpx:hr>116</gpxtpx:hr>
          </gpxtpx:TrackPointExtension>
        </extensions>
      </trkpt>
      <trkpt lat="30.535185248665087" lon="104.06126443702013">
        <ele>0.0</ele>
        <time>2025-03-14T08:19:54Z</time>
        <extensions>
          <gpxtpx:TrackPointExtension>
            <gpxtpx:hr>116</gpxtpx:hr>
          </gpxtpx:TrackPointExtension>
        </extensions>
      </trkpt>
      <trkpt lat="30.53516899615602" lon="104.06126077145979">
        <ele>0.0</ele>
        <time>2025-03-14T08:19:55Z</time>
        <extensions>
          <gpxtpx:TrackPointExtension>
            <gpxtpx:hr>116</gpxtpx:hr>
          </gpxtpx:TrackPointExtension>
        </extensions>
      </trkpt>
      <trkpt lat="30.535151222521346" lon="104.06125678312128">
        <ele>0.0</ele>
        <time>2025-03-14T08:19:56Z</time>
        <extensions>
          <gpxtpx:TrackPointExtension>
            <gpxtpx:hr>116</gpxtpx:hr>
          </gpxtpx:TrackPointExtension>
        </extensions>
      </trkpt>
      <trkpt lat="30.53513366107849" lon="104.06125265756704">
        <ele>0.0</ele>
        <time>2025-03-14T08:19:57Z</time>
        <extensions>
          <gpxtpx:TrackPointExtension>
            <gpxtpx:hr>116</gpxtpx:hr>
          </gpxtpx:TrackPointExtension>
        </extensions>
      </trkpt>
      <trkpt lat="30.535115471132546" lon="104.06124819304922">
        <ele>0.0</ele>
        <time>2025-03-14T08:19:58Z</time>
        <extensions>
          <gpxtpx:TrackPointExtension>
            <gpxtpx:hr>115</gpxtpx:hr>
          </gpxtpx:TrackPointExtension>
        </extensions>
      </trkpt>
      <trkpt lat="30.535097759585206" lon="104.06124389341204">
        <ele>0.0</ele>
        <time>2025-03-14T08:19:59Z</time>
        <extensions>
          <gpxtpx:TrackPointExtension>
            <gpxtpx:hr>115</gpxtpx:hr>
          </gpxtpx:TrackPointExtension>
        </extensions>
      </trkpt>
      <trkpt lat="30.535078702505974" lon="104.06123976298356">
        <ele>0.0</ele>
        <time>2025-03-14T08:20:00Z</time>
        <extensions>
          <gpxtpx:TrackPointExtension>
            <gpxtpx:hr>115</gpxtpx:hr>
          </gpxtpx:TrackPointExtension>
        </extensions>
      </trkpt>
      <trkpt lat="30.535059085717496" lon="104.061236357539">
        <ele>0.0</ele>
        <time>2025-03-14T08:20:01Z</time>
        <extensions>
          <gpxtpx:TrackPointExtension>
            <gpxtpx:hr>115</gpxtpx:hr>
          </gpxtpx:TrackPointExtension>
        </extensions>
      </trkpt>
      <trkpt lat="30.535039679323553" lon="104.06123409894549">
        <ele>0.0</ele>
        <time>2025-03-14T08:20:02Z</time>
        <extensions>
          <gpxtpx:TrackPointExtension>
            <gpxtpx:hr>115</gpxtpx:hr>
          </gpxtpx:TrackPointExtension>
        </extensions>
      </trkpt>
      <trkpt lat="30.535020825236387" lon="104.06123285481063">
        <ele>0.0</ele>
        <time>2025-03-14T08:20:03Z</time>
        <extensions>
          <gpxtpx:TrackPointExtension>
            <gpxtpx:hr>116</gpxtpx:hr>
          </gpxtpx:TrackPointExtension>
        </extensions>
      </trkpt>
      <trkpt lat="30.53500269626972" lon="104.061232187235">
        <ele>0.0</ele>
        <time>2025-03-14T08:20:04Z</time>
        <extensions>
          <gpxtpx:TrackPointExtension>
            <gpxtpx:hr>116</gpxtpx:hr>
          </gpxtpx:TrackPointExtension>
        </extensions>
      </trkpt>
      <trkpt lat="30.534985220741298" lon="104.06123171397407">
        <ele>0.0</ele>
        <time>2025-03-14T08:20:05Z</time>
        <extensions>
          <gpxtpx:TrackPointExtension>
            <gpxtpx:hr>116</gpxtpx:hr>
          </gpxtpx:TrackPointExtension>
        </extensions>
      </trkpt>
      <trkpt lat="30.534967914828545" lon="104.0612317958463">
        <ele>0.0</ele>
        <time>2025-03-14T08:20:06Z</time>
        <extensions>
          <gpxtpx:TrackPointExtension>
            <gpxtpx:hr>116</gpxtpx:hr>
          </gpxtpx:TrackPointExtension>
        </extensions>
      </trkpt>
      <trkpt lat="30.534950772579876" lon="104.0612324116958">
        <ele>0.0</ele>
        <time>2025-03-14T08:20:07Z</time>
        <extensions>
          <gpxtpx:TrackPointExtension>
            <gpxtpx:hr>116</gpxtpx:hr>
          </gpxtpx:TrackPointExtension>
        </extensions>
      </trkpt>
      <trkpt lat="30.5349335153578" lon="104.0612335482999">
        <ele>0.0</ele>
        <time>2025-03-14T08:20:08Z</time>
        <extensions>
          <gpxtpx:TrackPointExtension>
            <gpxtpx:hr>117</gpxtpx:hr>
          </gpxtpx:TrackPointExtension>
        </extensions>
      </trkpt>
      <trkpt lat="30.534915937039163" lon="104.06123465105829">
        <ele>0.0</ele>
        <time>2025-03-14T08:20:09Z</time>
        <extensions>
          <gpxtpx:TrackPointExtension>
            <gpxtpx:hr>117</gpxtpx:hr>
          </gpxtpx:TrackPointExtension>
        </extensions>
      </trkpt>
      <trkpt lat="30.5348977272129" lon="104.06123562144826">
        <ele>0.0</ele>
        <time>2025-03-14T08:20:10Z</time>
        <extensions>
          <gpxtpx:TrackPointExtension>
            <gpxtpx:hr>117</gpxtpx:hr>
          </gpxtpx:TrackPointExtension>
        </extensions>
      </trkpt>
      <trkpt lat="30.534879428215483" lon="104.06123606662767">
        <ele>0.0</ele>
        <time>2025-03-14T08:20:11Z</time>
        <extensions>
          <gpxtpx:TrackPointExtension>
            <gpxtpx:hr>117</gpxtpx:hr>
          </gpxtpx:TrackPointExtension>
        </extensions>
      </trkpt>
      <trkpt lat="30.534861226936385" lon="104.06123587202563">
        <ele>0.0</ele>
        <time>2025-03-14T08:20:12Z</time>
        <extensions>
          <gpxtpx:TrackPointExtension>
            <gpxtpx:hr>117</gpxtpx:hr>
          </gpxtpx:TrackPointExtension>
        </extensions>
      </trkpt>
      <trkpt lat="30.534843405387207" lon="104.06123480669959">
        <ele>0.0</ele>
        <time>2025-03-14T08:20:13Z</time>
        <extensions>
          <gpxtpx:TrackPointExtension>
            <gpxtpx:hr>118</gpxtpx:hr>
          </gpxtpx:TrackPointExtension>
        </extensions>
      </trkpt>
      <trkpt lat="30.534825552400726" lon="104.06123342457363">
        <ele>0.0</ele>
        <time>2025-03-14T08:20:14Z</time>
        <extensions>
          <gpxtpx:TrackPointExtension>
            <gpxtpx:hr>118</gpxtpx:hr>
          </gpxtpx:TrackPointExtension>
        </extensions>
      </trkpt>
      <trkpt lat="30.53480817416323" lon="104.06123193518435">
        <ele>0.0</ele>
        <time>2025-03-14T08:20:15Z</time>
        <extensions>
          <gpxtpx:TrackPointExtension>
            <gpxtpx:hr>118</gpxtpx:hr>
          </gpxtpx:TrackPointExtension>
        </extensions>
      </trkpt>
      <trkpt lat="30.534791019001503" lon="104.0612314933215">
        <ele>0.0</ele>
        <time>2025-03-14T08:20:16Z</time>
        <extensions>
          <gpxtpx:TrackPointExtension>
            <gpxtpx:hr>118</gpxtpx:hr>
          </gpxtpx:TrackPointExtension>
        </extensions>
      </trkpt>
      <trkpt lat="30.534774747706496" lon="104.06123292629859">
        <ele>0.0</ele>
        <time>2025-03-14T08:20:17Z</time>
        <extensions>
          <gpxtpx:TrackPointExtension>
            <gpxtpx:hr>118</gpxtpx:hr>
          </gpxtpx:TrackPointExtension>
        </extensions>
      </trkpt>
      <trkpt lat="30.534757589708168" lon="104.06123733285409">
        <ele>0.0</ele>
        <time>2025-03-14T08:20:18Z</time>
        <extensions>
          <gpxtpx:TrackPointExtension>
            <gpxtpx:hr>120</gpxtpx:hr>
          </gpxtpx:TrackPointExtension>
        </extensions>
      </trkpt>
      <trkpt lat="30.534742068489457" lon="104.06124522418061">
        <ele>0.0</ele>
        <time>2025-03-14T08:20:19Z</time>
        <extensions>
          <gpxtpx:TrackPointExtension>
            <gpxtpx:hr>120</gpxtpx:hr>
          </gpxtpx:TrackPointExtension>
        </extensions>
      </trkpt>
      <trkpt lat="30.534727954562786" lon="104.06125672269323">
        <ele>0.0</ele>
        <time>2025-03-14T08:20:20Z</time>
        <extensions>
          <gpxtpx:TrackPointExtension>
            <gpxtpx:hr>120</gpxtpx:hr>
          </gpxtpx:TrackPointExtension>
        </extensions>
      </trkpt>
      <trkpt lat="30.534716927577357" lon="104.06127114725568">
        <ele>0.0</ele>
        <time>2025-03-14T08:20:21Z</time>
        <extensions>
          <gpxtpx:TrackPointExtension>
            <gpxtpx:hr>120</gpxtpx:hr>
          </gpxtpx:TrackPointExtension>
        </extensions>
      </trkpt>
      <trkpt lat="30.534706943197445" lon="104.06128737962923">
        <ele>0.0</ele>
        <time>2025-03-14T08:20:22Z</time>
        <extensions>
          <gpxtpx:TrackPointExtension>
            <gpxtpx:hr>120</gpxtpx:hr>
          </gpxtpx:TrackPointExtension>
        </extensions>
      </trkpt>
      <trkpt lat="30.534698042761793" lon="104.06130432344058">
        <ele>0.0</ele>
        <time>2025-03-14T08:20:23Z</time>
        <extensions>
          <gpxtpx:TrackPointExtension>
            <gpxtpx:hr>119</gpxtpx:hr>
          </gpxtpx:TrackPointExtension>
        </extensions>
      </trkpt>
      <trkpt lat="30.534689919996488" lon="104.06132193571099">
        <ele>0.0</ele>
        <time>2025-03-14T08:20:24Z</time>
        <extensions>
          <gpxtpx:TrackPointExtension>
            <gpxtpx:hr>119</gpxtpx:hr>
          </gpxtpx:TrackPointExtension>
        </extensions>
      </trkpt>
      <trkpt lat="30.534682514435723" lon="104.06134004304951">
        <ele>0.0</ele>
        <time>2025-03-14T08:20:25Z</time>
        <extensions>
          <gpxtpx:TrackPointExtension>
            <gpxtpx:hr>119</gpxtpx:hr>
          </gpxtpx:TrackPointExtension>
        </extensions>
      </trkpt>
      <trkpt lat="30.534674977135122" lon="104.06135894932083">
        <ele>0.0</ele>
        <time>2025-03-14T08:20:26Z</time>
        <extensions>
          <gpxtpx:TrackPointExtension>
            <gpxtpx:hr>119</gpxtpx:hr>
          </gpxtpx:TrackPointExtension>
        </extensions>
      </trkpt>
      <trkpt lat="30.534667016450744" lon="104.06137783844176">
        <ele>0.0</ele>
        <time>2025-03-14T08:20:27Z</time>
        <extensions>
          <gpxtpx:TrackPointExtension>
            <gpxtpx:hr>119</gpxtpx:hr>
          </gpxtpx:TrackPointExtension>
        </extensions>
      </trkpt>
      <trkpt lat="30.53465765592755" lon="104.06139672222419">
        <ele>0.0</ele>
        <time>2025-03-14T08:20:28Z</time>
        <extensions>
          <gpxtpx:TrackPointExtension>
            <gpxtpx:hr>120</gpxtpx:hr>
          </gpxtpx:TrackPointExtension>
        </extensions>
      </trkpt>
      <trkpt lat="30.534647260024435" lon="104.06141424025184">
        <ele>0.0</ele>
        <time>2025-03-14T08:20:29Z</time>
        <extensions>
          <gpxtpx:TrackPointExtension>
            <gpxtpx:hr>120</gpxtpx:hr>
          </gpxtpx:TrackPointExtension>
        </extensions>
      </trkpt>
      <trkpt lat="30.534635739134274" lon="104.06143045169097">
        <ele>0.0</ele>
        <time>2025-03-14T08:20:30Z</time>
        <extensions>
          <gpxtpx:TrackPointExtension>
            <gpxtpx:hr>120</gpxtpx:hr>
          </gpxtpx:TrackPointExtension>
        </extensions>
      </trkpt>
      <trkpt lat="30.53462335498394" lon="104.06144469665486">
        <ele>0.0</ele>
        <time>2025-03-14T08:20:31Z</time>
        <extensions>
          <gpxtpx:TrackPointExtension>
            <gpxtpx:hr>120</gpxtpx:hr>
          </gpxtpx:TrackPointExtension>
        </extensions>
      </trkpt>
      <trkpt lat="30.534609499761448" lon="104.06145689637803">
        <ele>0.0</ele>
        <time>2025-03-14T08:20:32Z</time>
        <extensions>
          <gpxtpx:TrackPointExtension>
            <gpxtpx:hr>120</gpxtpx:hr>
          </gpxtpx:TrackPointExtension>
        </extensions>
      </trkpt>
      <trkpt lat="30.53459399105591" lon="104.06146643926884">
        <ele>0.0</ele>
        <time>2025-03-14T08:20:33Z</time>
        <extensions>
          <gpxtpx:TrackPointExtension>
            <gpxtpx:hr>120</gpxtpx:hr>
          </gpxtpx:TrackPointExtension>
        </extensions>
      </trkpt>
      <trkpt lat="30.534577272796216" lon="104.06147302082876">
        <ele>0.0</ele>
        <time>2025-03-14T08:20:34Z</time>
        <extensions>
          <gpxtpx:TrackPointExtension>
            <gpxtpx:hr>120</gpxtpx:hr>
          </gpxtpx:TrackPointExtension>
        </extensions>
      </trkpt>
      <trkpt lat="30.53455842922454" lon="104.06147737011592">
        <ele>0.0</ele>
        <time>2025-03-14T08:20:35Z</time>
        <extensions>
          <gpxtpx:TrackPointExtension>
            <gpxtpx:hr>120</gpxtpx:hr>
          </gpxtpx:TrackPointExtension>
        </extensions>
      </trkpt>
      <trkpt lat="30.53453990742155" lon="104.0614797325803">
        <ele>0.0</ele>
        <time>2025-03-14T08:20:36Z</time>
        <extensions>
          <gpxtpx:TrackPointExtension>
            <gpxtpx:hr>120</gpxtpx:hr>
          </gpxtpx:TrackPointExtension>
        </extensions>
      </trkpt>
      <trkpt lat="30.534521309726642" lon="104.06148045595899">
        <ele>0.0</ele>
        <time>2025-03-14T08:20:37Z</time>
        <extensions>
          <gpxtpx:TrackPointExtension>
            <gpxtpx:hr>120</gpxtpx:hr>
          </gpxtpx:TrackPointExtension>
        </extensions>
      </trkpt>
      <trkpt lat="30.534504069858126" lon="104.06147898399934">
        <ele>0.0</ele>
        <time>2025-03-14T08:20:38Z</time>
        <extensions>
          <gpxtpx:TrackPointExtension>
            <gpxtpx:hr>123</gpxtpx:hr>
          </gpxtpx:TrackPointExtension>
        </extensions>
      </trkpt>
      <trkpt lat="30.534486045052738" lon="104.06147554433086">
        <ele>0.0</ele>
        <time>2025-03-14T08:20:39Z</time>
        <extensions>
          <gpxtpx:TrackPointExtension>
            <gpxtpx:hr>123</gpxtpx:hr>
          </gpxtpx:TrackPointExtension>
        </extensions>
      </trkpt>
      <trkpt lat="30.534467350718963" lon="104.06147059169743">
        <ele>0.0</ele>
        <time>2025-03-14T08:20:40Z</time>
        <extensions>
          <gpxtpx:TrackPointExtension>
            <gpxtpx:hr>123</gpxtpx:hr>
          </gpxtpx:TrackPointExtension>
        </extensions>
      </trkpt>
      <trkpt lat="30.534448164535497" lon="104.0614655547849">
        <ele>0.0</ele>
        <time>2025-03-14T08:20:41Z</time>
        <extensions>
          <gpxtpx:TrackPointExtension>
            <gpxtpx:hr>123</gpxtpx:hr>
          </gpxtpx:TrackPointExtension>
        </extensions>
      </trkpt>
      <trkpt lat="30.534428553200257" lon="104.06146142990328">
        <ele>0.0</ele>
        <time>2025-03-14T08:20:42Z</time>
        <extensions>
          <gpxtpx:TrackPointExtension>
            <gpxtpx:hr>123</gpxtpx:hr>
          </gpxtpx:TrackPointExtension>
        </extensions>
      </trkpt>
      <trkpt lat="30.534408386094707" lon="104.06145810376647">
        <ele>0.0</ele>
        <time>2025-03-14T08:20:43Z</time>
        <extensions>
          <gpxtpx:TrackPointExtension>
            <gpxtpx:hr>126</gpxtpx:hr>
          </gpxtpx:TrackPointExtension>
        </extensions>
      </trkpt>
      <trkpt lat="30.53438705144621" lon="104.06145486837544">
        <ele>0.0</ele>
        <time>2025-03-14T08:20:44Z</time>
        <extensions>
          <gpxtpx:TrackPointExtension>
            <gpxtpx:hr>126</gpxtpx:hr>
          </gpxtpx:TrackPointExtension>
        </extensions>
      </trkpt>
      <trkpt lat="30.534364396378734" lon="104.06145126217082">
        <ele>0.0</ele>
        <time>2025-03-14T08:20:45Z</time>
        <extensions>
          <gpxtpx:TrackPointExtension>
            <gpxtpx:hr>126</gpxtpx:hr>
          </gpxtpx:TrackPointExtension>
        </extensions>
      </trkpt>
      <trkpt lat="30.534340127135685" lon="104.06144793961394">
        <ele>0.0</ele>
        <time>2025-03-14T08:20:46Z</time>
        <extensions>
          <gpxtpx:TrackPointExtension>
            <gpxtpx:hr>126</gpxtpx:hr>
          </gpxtpx:TrackPointExtension>
        </extensions>
      </trkpt>
      <trkpt lat="30.5343123477063" lon="104.061445480531">
        <ele>0.0</ele>
        <time>2025-03-14T08:20:47Z</time>
        <extensions>
          <gpxtpx:TrackPointExtension>
            <gpxtpx:hr>126</gpxtpx:hr>
          </gpxtpx:TrackPointExtension>
        </extensions>
      </trkpt>
      <trkpt lat="30.53428285414471" lon="104.06144485724833">
        <ele>0.0</ele>
        <time>2025-03-14T08:20:48Z</time>
        <extensions>
          <gpxtpx:TrackPointExtension>
            <gpxtpx:hr>127</gpxtpx:hr>
          </gpxtpx:TrackPointExtension>
        </extensions>
      </trkpt>
      <trkpt lat="30.534251325813695" lon="104.06144620537594">
        <ele>0.0</ele>
        <time>2025-03-14T08:20:49Z</time>
        <extensions>
          <gpxtpx:TrackPointExtension>
            <gpxtpx:hr>127</gpxtpx:hr>
          </gpxtpx:TrackPointExtension>
        </extensions>
      </trkpt>
      <trkpt lat="30.53421997329196" lon="104.06145013182008">
        <ele>0.0</ele>
        <time>2025-03-14T08:20:50Z</time>
        <extensions>
          <gpxtpx:TrackPointExtension>
            <gpxtpx:hr>127</gpxtpx:hr>
          </gpxtpx:TrackPointExtension>
        </extensions>
      </trkpt>
      <trkpt lat="30.53418608089634" lon="104.06145560060676">
        <ele>0.0</ele>
        <time>2025-03-14T08:20:51Z</time>
        <extensions>
          <gpxtpx:TrackPointExtension>
            <gpxtpx:hr>127</gpxtpx:hr>
          </gpxtpx:TrackPointExtension>
        </extensions>
      </trkpt>
      <trkpt lat="30.53415316551203" lon="104.06146190100813">
        <ele>0.0</ele>
        <time>2025-03-14T08:20:52Z</time>
        <extensions>
          <gpxtpx:TrackPointExtension>
            <gpxtpx:hr>127</gpxtpx:hr>
          </gpxtpx:TrackPointExtension>
        </extensions>
      </trkpt>
      <trkpt lat="30.534122043531884" lon="104.06146832020413">
        <ele>0.0</ele>
        <time>2025-03-14T08:20:53Z</time>
        <extensions>
          <gpxtpx:TrackPointExtension>
            <gpxtpx:hr>128</gpxtpx:hr>
          </gpxtpx:TrackPointExtension>
        </extensions>
      </trkpt>
      <trkpt lat="30.534092291197506" lon="104.0614753899685">
        <ele>0.0</ele>
        <time>2025-03-14T08:20:54Z</time>
        <extensions>
          <gpxtpx:TrackPointExtension>
            <gpxtpx:hr>128</gpxtpx:hr>
          </gpxtpx:TrackPointExtension>
        </extensions>
      </trkpt>
      <trkpt lat="30.53406361783518" lon="104.06148341548321">
        <ele>0.0</ele>
        <time>2025-03-14T08:20:55Z</time>
        <extensions>
          <gpxtpx:TrackPointExtension>
            <gpxtpx:hr>128</gpxtpx:hr>
          </gpxtpx:TrackPointExtension>
        </extensions>
      </trkpt>
      <trkpt lat="30.53403531762272" lon="104.06149223364893">
        <ele>0.0</ele>
        <time>2025-03-14T08:20:56Z</time>
        <extensions>
          <gpxtpx:TrackPointExtension>
            <gpxtpx:hr>128</gpxtpx:hr>
          </gpxtpx:TrackPointExtension>
        </extensions>
      </trkpt>
      <trkpt lat="30.53400745587861" lon="104.06150236840983">
        <ele>0.0</ele>
        <time>2025-03-14T08:20:57Z</time>
        <extensions>
          <gpxtpx:TrackPointExtension>
            <gpxtpx:hr>128</gpxtpx:hr>
          </gpxtpx:TrackPointExtension>
        </extensions>
      </trkpt>
      <trkpt lat="30.533980231493246" lon="104.0615119063385">
        <ele>0.0</ele>
        <time>2025-03-14T08:20:58Z</time>
        <extensions>
          <gpxtpx:TrackPointExtension>
            <gpxtpx:hr>124</gpxtpx:hr>
          </gpxtpx:TrackPointExtension>
        </extensions>
      </trkpt>
      <trkpt lat="30.533954443023983" lon="104.06152066492213">
        <ele>0.0</ele>
        <time>2025-03-14T08:20:59Z</time>
        <extensions>
          <gpxtpx:TrackPointExtension>
            <gpxtpx:hr>124</gpxtpx:hr>
          </gpxtpx:TrackPointExtension>
        </extensions>
      </trkpt>
      <trkpt lat="30.53393260395526" lon="104.06152725288959">
        <ele>0.0</ele>
        <time>2025-03-14T08:21:00Z</time>
        <extensions>
          <gpxtpx:TrackPointExtension>
            <gpxtpx:hr>124</gpxtpx:hr>
          </gpxtpx:TrackPointExtension>
        </extensions>
      </trkpt>
      <trkpt lat="30.53391334113518" lon="104.06153328277053">
        <ele>0.0</ele>
        <time>2025-03-14T08:21:01Z</time>
        <extensions>
          <gpxtpx:TrackPointExtension>
            <gpxtpx:hr>124</gpxtpx:hr>
          </gpxtpx:TrackPointExtension>
        </extensions>
      </trkpt>
      <trkpt lat="30.533896591484385" lon="104.06153903030574">
        <ele>0.0</ele>
        <time>2025-03-14T08:21:02Z</time>
        <extensions>
          <gpxtpx:TrackPointExtension>
            <gpxtpx:hr>124</gpxtpx:hr>
          </gpxtpx:TrackPointExtension>
        </extensions>
      </trkpt>
      <trkpt lat="30.53388283946884" lon="104.06154410954376">
        <ele>0.0</ele>
        <time>2025-03-14T08:21:03Z</time>
        <extensions>
          <gpxtpx:TrackPointExtension>
            <gpxtpx:hr>126</gpxtpx:hr>
          </gpxtpx:TrackPointExtension>
        </extensions>
      </trkpt>
      <trkpt lat="30.53387085468298" lon="104.06154835620829">
        <ele>0.0</ele>
        <time>2025-03-14T08:21:04Z</time>
        <extensions>
          <gpxtpx:TrackPointExtension>
            <gpxtpx:hr>126</gpxtpx:hr>
          </gpxtpx:TrackPointExtension>
        </extensions>
      </trkpt>
      <trkpt lat="30.533859839616632" lon="104.06155178086692">
        <ele>0.0</ele>
        <time>2025-03-14T08:21:05Z</time>
        <extensions>
          <gpxtpx:TrackPointExtension>
            <gpxtpx:hr>126</gpxtpx:hr>
          </gpxtpx:TrackPointExtension>
        </extensions>
      </trkpt>
      <trkpt lat="30.533848289850166" lon="104.061555312428">
        <ele>0.0</ele>
        <time>2025-03-14T08:21:06Z</time>
        <extensions>
          <gpxtpx:TrackPointExtension>
            <gpxtpx:hr>126</gpxtpx:hr>
          </gpxtpx:TrackPointExtension>
        </extensions>
      </trkpt>
      <trkpt lat="30.533835696580276" lon="104.06155877009664">
        <ele>0.0</ele>
        <time>2025-03-14T08:21:07Z</time>
        <extensions>
          <gpxtpx:TrackPointExtension>
            <gpxtpx:hr>126</gpxtpx:hr>
          </gpxtpx:TrackPointExtension>
        </extensions>
      </trkpt>
      <trkpt lat="30.53382161923306" lon="104.0615613728583">
        <ele>0.0</ele>
        <time>2025-03-14T08:21:08Z</time>
        <extensions>
          <gpxtpx:TrackPointExtension>
            <gpxtpx:hr>126</gpxtpx:hr>
          </gpxtpx:TrackPointExtension>
        </extensions>
      </trkpt>
      <trkpt lat="30.533804442369906" lon="104.06156229201633">
        <ele>0.0</ele>
        <time>2025-03-14T08:21:09Z</time>
        <extensions>
          <gpxtpx:TrackPointExtension>
            <gpxtpx:hr>126</gpxtpx:hr>
          </gpxtpx:TrackPointExtension>
        </extensions>
      </trkpt>
      <trkpt lat="30.53378614212803" lon="104.06156156581302">
        <ele>0.0</ele>
        <time>2025-03-14T08:21:10Z</time>
        <extensions>
          <gpxtpx:TrackPointExtension>
            <gpxtpx:hr>126</gpxtpx:hr>
          </gpxtpx:TrackPointExtension>
        </extensions>
      </trkpt>
      <trkpt lat="30.53376885692595" lon="104.06155973901214">
        <ele>0.0</ele>
        <time>2025-03-14T08:21:11Z</time>
        <extensions>
          <gpxtpx:TrackPointExtension>
            <gpxtpx:hr>126</gpxtpx:hr>
          </gpxtpx:TrackPointExtension>
        </extensions>
      </trkpt>
      <trkpt lat="30.533750831152158" lon="104.06155728448981">
        <ele>0.0</ele>
        <time>2025-03-14T08:21:12Z</time>
        <extensions>
          <gpxtpx:TrackPointExtension>
            <gpxtpx:hr>126</gpxtpx:hr>
          </gpxtpx:TrackPointExtension>
        </extensions>
      </trkpt>
      <trkpt lat="30.533732736809778" lon="104.06155336153799">
        <ele>0.0</ele>
        <time>2025-03-14T08:21:13Z</time>
        <extensions>
          <gpxtpx:TrackPointExtension>
            <gpxtpx:hr>126</gpxtpx:hr>
          </gpxtpx:TrackPointExtension>
        </extensions>
      </trkpt>
      <trkpt lat="30.533713255354645" lon="104.06154627925493">
        <ele>0.0</ele>
        <time>2025-03-14T08:21:14Z</time>
        <extensions>
          <gpxtpx:TrackPointExtension>
            <gpxtpx:hr>126</gpxtpx:hr>
          </gpxtpx:TrackPointExtension>
        </extensions>
      </trkpt>
      <trkpt lat="30.533696196930194" lon="104.0615360859466">
        <ele>0.0</ele>
        <time>2025-03-14T08:21:15Z</time>
        <extensions>
          <gpxtpx:TrackPointExtension>
            <gpxtpx:hr>126</gpxtpx:hr>
          </gpxtpx:TrackPointExtension>
        </extensions>
      </trkpt>
      <trkpt lat="30.533677532657446" lon="104.06152312801615">
        <ele>0.0</ele>
        <time>2025-03-14T08:21:16Z</time>
        <extensions>
          <gpxtpx:TrackPointExtension>
            <gpxtpx:hr>126</gpxtpx:hr>
          </gpxtpx:TrackPointExtension>
        </extensions>
      </trkpt>
      <trkpt lat="30.53365996762146" lon="104.0615126427639">
        <ele>0.0</ele>
        <time>2025-03-14T08:21:17Z</time>
        <extensions>
          <gpxtpx:TrackPointExtension>
            <gpxtpx:hr>126</gpxtpx:hr>
          </gpxtpx:TrackPointExtension>
        </extensions>
      </trkpt>
      <trkpt lat="30.533641347898666" lon="104.0615043479922">
        <ele>0.0</ele>
        <time>2025-03-14T08:21:18Z</time>
        <extensions>
          <gpxtpx:TrackPointExtension>
            <gpxtpx:hr>126</gpxtpx:hr>
          </gpxtpx:TrackPointExtension>
        </extensions>
      </trkpt>
      <trkpt lat="30.53362415102276" lon="104.06150056558256">
        <ele>0.0</ele>
        <time>2025-03-14T08:21:19Z</time>
        <extensions>
          <gpxtpx:TrackPointExtension>
            <gpxtpx:hr>126</gpxtpx:hr>
          </gpxtpx:TrackPointExtension>
        </extensions>
      </trkpt>
      <trkpt lat="30.533606247902387" lon="104.06149880573236">
        <ele>0.0</ele>
        <time>2025-03-14T08:21:20Z</time>
        <extensions>
          <gpxtpx:TrackPointExtension>
            <gpxtpx:hr>126</gpxtpx:hr>
          </gpxtpx:TrackPointExtension>
        </extensions>
      </trkpt>
      <trkpt lat="30.53358958192707" lon="104.06150112189259">
        <ele>0.0</ele>
        <time>2025-03-14T08:21:21Z</time>
        <extensions>
          <gpxtpx:TrackPointExtension>
            <gpxtpx:hr>126</gpxtpx:hr>
          </gpxtpx:TrackPointExtension>
        </extensions>
      </trkpt>
      <trkpt lat="30.533573799323822" lon="104.06150738024824">
        <ele>0.0</ele>
        <time>2025-03-14T08:21:22Z</time>
        <extensions>
          <gpxtpx:TrackPointExtension>
            <gpxtpx:hr>126</gpxtpx:hr>
          </gpxtpx:TrackPointExtension>
        </extensions>
      </trkpt>
      <trkpt lat="30.533557247210144" lon="104.06151730834345">
        <ele>0.0</ele>
        <time>2025-03-14T08:21:23Z</time>
        <extensions>
          <gpxtpx:TrackPointExtension>
            <gpxtpx:hr>130</gpxtpx:hr>
          </gpxtpx:TrackPointExtension>
        </extensions>
      </trkpt>
      <trkpt lat="30.533539341024355" lon="104.06152952214782">
        <ele>0.0</ele>
        <time>2025-03-14T08:21:24Z</time>
        <extensions>
          <gpxtpx:TrackPointExtension>
            <gpxtpx:hr>130</gpxtpx:hr>
          </gpxtpx:TrackPointExtension>
        </extensions>
      </trkpt>
      <trkpt lat="30.533519352326852" lon="104.06154242685434">
        <ele>0.0</ele>
        <time>2025-03-14T08:21:25Z</time>
        <extensions>
          <gpxtpx:TrackPointExtension>
            <gpxtpx:hr>130</gpxtpx:hr>
          </gpxtpx:TrackPointExtension>
        </extensions>
      </trkpt>
      <trkpt lat="30.533497777539615" lon="104.06155576001474">
        <ele>0.0</ele>
        <time>2025-03-14T08:21:26Z</time>
        <extensions>
          <gpxtpx:TrackPointExtension>
            <gpxtpx:hr>130</gpxtpx:hr>
          </gpxtpx:TrackPointExtension>
        </extensions>
      </trkpt>
      <trkpt lat="30.533478843041085" lon="104.06156902931392">
        <ele>0.0</ele>
        <time>2025-03-14T08:21:27Z</time>
        <extensions>
          <gpxtpx:TrackPointExtension>
            <gpxtpx:hr>130</gpxtpx:hr>
          </gpxtpx:TrackPointExtension>
        </extensions>
      </trkpt>
      <trkpt lat="30.533465274036054" lon="104.06158353662654">
        <ele>0.0</ele>
        <time>2025-03-14T08:21:28Z</time>
        <extensions>
          <gpxtpx:TrackPointExtension>
            <gpxtpx:hr>131</gpxtpx:hr>
          </gpxtpx:TrackPointExtension>
        </extensions>
      </trkpt>
      <trkpt lat="30.533460189665856" lon="104.06159976338795">
        <ele>0.0</ele>
        <time>2025-03-14T08:21:29Z</time>
        <extensions>
          <gpxtpx:TrackPointExtension>
            <gpxtpx:hr>131</gpxtpx:hr>
          </gpxtpx:TrackPointExtension>
        </extensions>
      </trkpt>
      <trkpt lat="30.5334613638058" lon="104.06161861319244">
        <ele>0.0</ele>
        <time>2025-03-14T08:21:30Z</time>
        <extensions>
          <gpxtpx:TrackPointExtension>
            <gpxtpx:hr>131</gpxtpx:hr>
          </gpxtpx:TrackPointExtension>
        </extensions>
      </trkpt>
      <trkpt lat="30.533467475865496" lon="104.0616400669804">
        <ele>0.0</ele>
        <time>2025-03-14T08:21:31Z</time>
        <extensions>
          <gpxtpx:TrackPointExtension>
            <gpxtpx:hr>131</gpxtpx:hr>
          </gpxtpx:TrackPointExtension>
        </extensions>
      </trkpt>
      <trkpt lat="30.533477235778935" lon="104.0616652574867">
        <ele>0.0</ele>
        <time>2025-03-14T08:21:32Z</time>
        <extensions>
          <gpxtpx:TrackPointExtension>
            <gpxtpx:hr>131</gpxtpx:hr>
          </gpxtpx:TrackPointExtension>
        </extensions>
      </trkpt>
      <trkpt lat="30.53348866568913" lon="104.06169226609185">
        <ele>0.0</ele>
        <time>2025-03-14T08:21:33Z</time>
        <extensions>
          <gpxtpx:TrackPointExtension>
            <gpxtpx:hr>131</gpxtpx:hr>
          </gpxtpx:TrackPointExtension>
        </extensions>
      </trkpt>
      <trkpt lat="30.533501494154446" lon="104.06172069656898">
        <ele>0.0</ele>
        <time>2025-03-14T08:21:34Z</time>
        <extensions>
          <gpxtpx:TrackPointExtension>
            <gpxtpx:hr>131</gpxtpx:hr>
          </gpxtpx:TrackPointExtension>
        </extensions>
      </trkpt>
      <trkpt lat="30.533514370792265" lon="104.06174859961045">
        <ele>0.0</ele>
        <time>2025-03-14T08:21:35Z</time>
        <extensions>
          <gpxtpx:TrackPointExtension>
            <gpxtpx:hr>131</gpxtpx:hr>
          </gpxtpx:TrackPointExtension>
        </extensions>
      </trkpt>
      <trkpt lat="30.533528088066284" lon="104.06177804487885">
        <ele>0.0</ele>
        <time>2025-03-14T08:21:36Z</time>
        <extensions>
          <gpxtpx:TrackPointExtension>
            <gpxtpx:hr>131</gpxtpx:hr>
          </gpxtpx:TrackPointExtension>
        </extensions>
      </trkpt>
      <trkpt lat="30.533541918083493" lon="104.06180830719698">
        <ele>0.0</ele>
        <time>2025-03-14T08:21:37Z</time>
        <extensions>
          <gpxtpx:TrackPointExtension>
            <gpxtpx:hr>131</gpxtpx:hr>
          </gpxtpx:TrackPointExtension>
        </extensions>
      </trkpt>
      <trkpt lat="30.533556776020898" lon="104.0618416038681">
        <ele>0.0</ele>
        <time>2025-03-14T08:21:38Z</time>
        <extensions>
          <gpxtpx:TrackPointExtension>
            <gpxtpx:hr>135</gpxtpx:hr>
          </gpxtpx:TrackPointExtension>
        </extensions>
      </trkpt>
      <trkpt lat="30.533571426195028" lon="104.06187521088798">
        <ele>0.0</ele>
        <time>2025-03-14T08:21:39Z</time>
        <extensions>
          <gpxtpx:TrackPointExtension>
            <gpxtpx:hr>135</gpxtpx:hr>
          </gpxtpx:TrackPointExtension>
        </extensions>
      </trkpt>
      <trkpt lat="30.533585682714715" lon="104.06190944378459">
        <ele>0.0</ele>
        <time>2025-03-14T08:21:40Z</time>
        <extensions>
          <gpxtpx:TrackPointExtension>
            <gpxtpx:hr>135</gpxtpx:hr>
          </gpxtpx:TrackPointExtension>
        </extensions>
      </trkpt>
      <trkpt lat="30.53359931205835" lon="104.06194429413063">
        <ele>0.0</ele>
        <time>2025-03-14T08:21:41Z</time>
        <extensions>
          <gpxtpx:TrackPointExtension>
            <gpxtpx:hr>135</gpxtpx:hr>
          </gpxtpx:TrackPointExtension>
        </extensions>
      </trkpt>
      <trkpt lat="30.533611513690346" lon="104.06197893205547">
        <ele>0.0</ele>
        <time>2025-03-14T08:21:42Z</time>
        <extensions>
          <gpxtpx:TrackPointExtension>
            <gpxtpx:hr>135</gpxtpx:hr>
          </gpxtpx:TrackPointExtension>
        </extensions>
      </trkpt>
      <trkpt lat="30.53362285475091" lon="104.06201336363877">
        <ele>0.0</ele>
        <time>2025-03-14T08:21:43Z</time>
        <extensions>
          <gpxtpx:TrackPointExtension>
            <gpxtpx:hr>136</gpxtpx:hr>
          </gpxtpx:TrackPointExtension>
        </extensions>
      </trkpt>
      <trkpt lat="30.53363230639831" lon="104.06204483485693">
        <ele>0.0</ele>
        <time>2025-03-14T08:21:44Z</time>
        <extensions>
          <gpxtpx:TrackPointExtension>
            <gpxtpx:hr>136</gpxtpx:hr>
          </gpxtpx:TrackPointExtension>
        </extensions>
      </trkpt>
      <trkpt lat="30.533642699378806" lon="104.06207798968988">
        <ele>0.0</ele>
        <time>2025-03-14T08:21:45Z</time>
        <extensions>
          <gpxtpx:TrackPointExtension>
            <gpxtpx:hr>136</gpxtpx:hr>
          </gpxtpx:TrackPointExtension>
        </extensions>
      </trkpt>
      <trkpt lat="30.533654338929214" lon="104.06211061654523">
        <ele>0.0</ele>
        <time>2025-03-14T08:21:46Z</time>
        <extensions>
          <gpxtpx:TrackPointExtension>
            <gpxtpx:hr>136</gpxtpx:hr>
          </gpxtpx:TrackPointExtension>
        </extensions>
      </trkpt>
      <trkpt lat="30.533668253699908" lon="104.06214344443696">
        <ele>0.0</ele>
        <time>2025-03-14T08:21:47Z</time>
        <extensions>
          <gpxtpx:TrackPointExtension>
            <gpxtpx:hr>136</gpxtpx:hr>
          </gpxtpx:TrackPointExtension>
        </extensions>
      </trkpt>
      <trkpt lat="30.53368482874896" lon="104.06217692003335">
        <ele>0.0</ele>
        <time>2025-03-14T08:21:48Z</time>
        <extensions>
          <gpxtpx:TrackPointExtension>
            <gpxtpx:hr>138</gpxtpx:hr>
          </gpxtpx:TrackPointExtension>
        </extensions>
      </trkpt>
      <trkpt lat="30.533702379911027" lon="104.06221061587894">
        <ele>0.0</ele>
        <time>2025-03-14T08:21:49Z</time>
        <extensions>
          <gpxtpx:TrackPointExtension>
            <gpxtpx:hr>138</gpxtpx:hr>
          </gpxtpx:TrackPointExtension>
        </extensions>
      </trkpt>
      <trkpt lat="30.533720464393404" lon="104.06224506523333">
        <ele>0.0</ele>
        <time>2025-03-14T08:21:50Z</time>
        <extensions>
          <gpxtpx:TrackPointExtension>
            <gpxtpx:hr>138</gpxtpx:hr>
          </gpxtpx:TrackPointExtension>
        </extensions>
      </trkpt>
      <trkpt lat="30.533737559270076" lon="104.0622774751082">
        <ele>0.0</ele>
        <time>2025-03-14T08:21:51Z</time>
        <extensions>
          <gpxtpx:TrackPointExtension>
            <gpxtpx:hr>138</gpxtpx:hr>
          </gpxtpx:TrackPointExtension>
        </extensions>
      </trkpt>
      <trkpt lat="30.53375633209199" lon="104.06231294327073">
        <ele>0.0</ele>
        <time>2025-03-14T08:21:52Z</time>
        <extensions>
          <gpxtpx:TrackPointExtension>
            <gpxtpx:hr>138</gpxtpx:hr>
          </gpxtpx:TrackPointExtension>
        </extensions>
      </trkpt>
      <trkpt lat="30.53377503805715" lon="104.06234839433475">
        <ele>0.0</ele>
        <time>2025-03-14T08:21:53Z</time>
        <extensions>
          <gpxtpx:TrackPointExtension>
            <gpxtpx:hr>139</gpxtpx:hr>
          </gpxtpx:TrackPointExtension>
        </extensions>
      </trkpt>
      <trkpt lat="30.533792795037716" lon="104.06238691639045">
        <ele>0.0</ele>
        <time>2025-03-14T08:21:54Z</time>
        <extensions>
          <gpxtpx:TrackPointExtension>
            <gpxtpx:hr>139</gpxtpx:hr>
          </gpxtpx:TrackPointExtension>
        </extensions>
      </trkpt>
      <trkpt lat="30.53380835247667" lon="104.06242111992077">
        <ele>0.0</ele>
        <time>2025-03-14T08:21:55Z</time>
        <extensions>
          <gpxtpx:TrackPointExtension>
            <gpxtpx:hr>139</gpxtpx:hr>
          </gpxtpx:TrackPointExtension>
        </extensions>
      </trkpt>
      <trkpt lat="30.53382529771286" lon="104.06245390954594">
        <ele>0.0</ele>
        <time>2025-03-14T08:21:56Z</time>
        <extensions>
          <gpxtpx:TrackPointExtension>
            <gpxtpx:hr>139</gpxtpx:hr>
          </gpxtpx:TrackPointExtension>
        </extensions>
      </trkpt>
      <trkpt lat="30.53384550352889" lon="104.062485391103">
        <ele>0.0</ele>
        <time>2025-03-14T08:21:57Z</time>
        <extensions>
          <gpxtpx:TrackPointExtension>
            <gpxtpx:hr>139</gpxtpx:hr>
          </gpxtpx:TrackPointExtension>
        </extensions>
      </trkpt>
      <trkpt lat="30.53386562192183" lon="104.06251966568512">
        <ele>0.0</ele>
        <time>2025-03-14T08:21:58Z</time>
        <extensions>
          <gpxtpx:TrackPointExtension>
            <gpxtpx:hr>140</gpxtpx:hr>
          </gpxtpx:TrackPointExtension>
        </extensions>
      </trkpt>
      <trkpt lat="30.53388390966701" lon="104.06255596531632">
        <ele>0.0</ele>
        <time>2025-03-14T08:21:59Z</time>
        <extensions>
          <gpxtpx:TrackPointExtension>
            <gpxtpx:hr>140</gpxtpx:hr>
          </gpxtpx:TrackPointExtension>
        </extensions>
      </trkpt>
      <trkpt lat="30.533899143083783" lon="104.06259093511754">
        <ele>0.0</ele>
        <time>2025-03-14T08:22:00Z</time>
        <extensions>
          <gpxtpx:TrackPointExtension>
            <gpxtpx:hr>140</gpxtpx:hr>
          </gpxtpx:TrackPointExtension>
        </extensions>
      </trkpt>
      <trkpt lat="30.533915401376547" lon="104.0626273228457">
        <ele>0.0</ele>
        <time>2025-03-14T08:22:01Z</time>
        <extensions>
          <gpxtpx:TrackPointExtension>
            <gpxtpx:hr>140</gpxtpx:hr>
          </gpxtpx:TrackPointExtension>
        </extensions>
      </trkpt>
      <trkpt lat="30.533931025196903" lon="104.06266311169398">
        <ele>0.0</ele>
        <time>2025-03-14T08:22:02Z</time>
        <extensions>
          <gpxtpx:TrackPointExtension>
            <gpxtpx:hr>140</gpxtpx:hr>
          </gpxtpx:TrackPointExtension>
        </extensions>
      </trkpt>
      <trkpt lat="30.533947925274788" lon="104.06270069838266">
        <ele>0.0</ele>
        <time>2025-03-14T08:22:03Z</time>
        <extensions>
          <gpxtpx:TrackPointExtension>
            <gpxtpx:hr>143</gpxtpx:hr>
          </gpxtpx:TrackPointExtension>
        </extensions>
      </trkpt>
      <trkpt lat="30.533962990406653" lon="104.06273554419197">
        <ele>0.0</ele>
        <time>2025-03-14T08:22:04Z</time>
        <extensions>
          <gpxtpx:TrackPointExtension>
            <gpxtpx:hr>143</gpxtpx:hr>
          </gpxtpx:TrackPointExtension>
        </extensions>
      </trkpt>
      <trkpt lat="30.53397503128343" lon="104.06277120128395">
        <ele>0.0</ele>
        <time>2025-03-14T08:22:05Z</time>
        <extensions>
          <gpxtpx:TrackPointExtension>
            <gpxtpx:hr>143</gpxtpx:hr>
          </gpxtpx:TrackPointExtension>
        </extensions>
      </trkpt>
      <trkpt lat="30.53398298838132" lon="104.06280891845309">
        <ele>0.0</ele>
        <time>2025-03-14T08:22:06Z</time>
        <extensions>
          <gpxtpx:TrackPointExtension>
            <gpxtpx:hr>143</gpxtpx:hr>
          </gpxtpx:TrackPointExtension>
        </extensions>
      </trkpt>
      <trkpt lat="30.533989554123924" lon="104.06285454404248">
        <ele>0.0</ele>
        <time>2025-03-14T08:22:07Z</time>
        <extensions>
          <gpxtpx:TrackPointExtension>
            <gpxtpx:hr>143</gpxtpx:hr>
          </gpxtpx:TrackPointExtension>
        </extensions>
      </trkpt>
      <trkpt lat="30.533997779080924" lon="104.06290198426821">
        <ele>0.0</ele>
        <time>2025-03-14T08:22:08Z</time>
        <extensions>
          <gpxtpx:TrackPointExtension>
            <gpxtpx:hr>142</gpxtpx:hr>
          </gpxtpx:TrackPointExtension>
        </extensions>
      </trkpt>
      <trkpt lat="30.534009684424124" lon="104.0629451947451">
        <ele>0.0</ele>
        <time>2025-03-14T08:22:09Z</time>
        <extensions>
          <gpxtpx:TrackPointExtension>
            <gpxtpx:hr>142</gpxtpx:hr>
          </gpxtpx:TrackPointExtension>
        </extensions>
      </trkpt>
      <trkpt lat="30.53402654948819" lon="104.06298219433836">
        <ele>0.0</ele>
        <time>2025-03-14T08:22:10Z</time>
        <extensions>
          <gpxtpx:TrackPointExtension>
            <gpxtpx:hr>142</gpxtpx:hr>
          </gpxtpx:TrackPointExtension>
        </extensions>
      </trkpt>
      <trkpt lat="30.53404721036807" lon="104.06301723357889">
        <ele>0.0</ele>
        <time>2025-03-14T08:22:11Z</time>
        <extensions>
          <gpxtpx:TrackPointExtension>
            <gpxtpx:hr>142</gpxtpx:hr>
          </gpxtpx:TrackPointExtension>
        </extensions>
      </trkpt>
      <trkpt lat="30.534070133095653" lon="104.06305370586492">
        <ele>0.0</ele>
        <time>2025-03-14T08:22:12Z</time>
        <extensions>
          <gpxtpx:TrackPointExtension>
            <gpxtpx:hr>142</gpxtpx:hr>
          </gpxtpx:TrackPointExtension>
        </extensions>
      </trkpt>
      <trkpt lat="30.534091876408223" lon="104.06308737655064">
        <ele>0.0</ele>
        <time>2025-03-14T08:22:13Z</time>
        <extensions>
          <gpxtpx:TrackPointExtension>
            <gpxtpx:hr>142</gpxtpx:hr>
          </gpxtpx:TrackPointExtension>
        </extensions>
      </trkpt>
      <trkpt lat="30.534113904864466" lon="104.06312006534306">
        <ele>0.0</ele>
        <time>2025-03-14T08:22:14Z</time>
        <extensions>
          <gpxtpx:TrackPointExtension>
            <gpxtpx:hr>142</gpxtpx:hr>
          </gpxtpx:TrackPointExtension>
        </extensions>
      </trkpt>
      <trkpt lat="30.534132788586188" lon="104.06314972604481">
        <ele>0.0</ele>
        <time>2025-03-14T08:22:15Z</time>
        <extensions>
          <gpxtpx:TrackPointExtension>
            <gpxtpx:hr>142</gpxtpx:hr>
          </gpxtpx:TrackPointExtension>
        </extensions>
      </trkpt>
      <trkpt lat="30.534149646575052" lon="104.06318042397635">
        <ele>0.0</ele>
        <time>2025-03-14T08:22:16Z</time>
        <extensions>
          <gpxtpx:TrackPointExtension>
            <gpxtpx:hr>142</gpxtpx:hr>
          </gpxtpx:TrackPointExtension>
        </extensions>
      </trkpt>
      <trkpt lat="30.534162903093577" lon="104.06321114785788">
        <ele>0.0</ele>
        <time>2025-03-14T08:22:17Z</time>
        <extensions>
          <gpxtpx:TrackPointExtension>
            <gpxtpx:hr>142</gpxtpx:hr>
          </gpxtpx:TrackPointExtension>
        </extensions>
      </trkpt>
      <trkpt lat="30.534175459063768" lon="104.06324616858787">
        <ele>0.0</ele>
        <time>2025-03-14T08:22:18Z</time>
        <extensions>
          <gpxtpx:TrackPointExtension>
            <gpxtpx:hr>141</gpxtpx:hr>
          </gpxtpx:TrackPointExtension>
        </extensions>
      </trkpt>
      <trkpt lat="30.534187308815216" lon="104.06328202597754">
        <ele>0.0</ele>
        <time>2025-03-14T08:22:19Z</time>
        <extensions>
          <gpxtpx:TrackPointExtension>
            <gpxtpx:hr>141</gpxtpx:hr>
          </gpxtpx:TrackPointExtension>
        </extensions>
      </trkpt>
      <trkpt lat="30.534199474441188" lon="104.06331876607797">
        <ele>0.0</ele>
        <time>2025-03-14T08:22:20Z</time>
        <extensions>
          <gpxtpx:TrackPointExtension>
            <gpxtpx:hr>141</gpxtpx:hr>
          </gpxtpx:TrackPointExtension>
        </extensions>
      </trkpt>
      <trkpt lat="30.53421149322202" lon="104.06335402653438">
        <ele>0.0</ele>
        <time>2025-03-14T08:22:21Z</time>
        <extensions>
          <gpxtpx:TrackPointExtension>
            <gpxtpx:hr>141</gpxtpx:hr>
          </gpxtpx:TrackPointExtension>
        </extensions>
      </trkpt>
      <trkpt lat="30.534224488926853" lon="104.06339230714951">
        <ele>0.0</ele>
        <time>2025-03-14T08:22:22Z</time>
        <extensions>
          <gpxtpx:TrackPointExtension>
            <gpxtpx:hr>141</gpxtpx:hr>
          </gpxtpx:TrackPointExtension>
        </extensions>
      </trkpt>
      <trkpt lat="30.534237387739918" lon="104.06343141048356">
        <ele>0.0</ele>
        <time>2025-03-14T08:22:23Z</time>
        <extensions>
          <gpxtpx:TrackPointExtension>
            <gpxtpx:hr>141</gpxtpx:hr>
          </gpxtpx:TrackPointExtension>
        </extensions>
      </trkpt>
      <trkpt lat="30.534250156872915" lon="104.06346919567488">
        <ele>0.0</ele>
        <time>2025-03-14T08:22:24Z</time>
        <extensions>
          <gpxtpx:TrackPointExtension>
            <gpxtpx:hr>141</gpxtpx:hr>
          </gpxtpx:TrackPointExtension>
        </extensions>
      </trkpt>
      <trkpt lat="30.534263020788458" lon="104.06350408083738">
        <ele>0.0</ele>
        <time>2025-03-14T08:22:25Z</time>
        <extensions>
          <gpxtpx:TrackPointExtension>
            <gpxtpx:hr>141</gpxtpx:hr>
          </gpxtpx:TrackPointExtension>
        </extensions>
      </trkpt>
      <trkpt lat="30.53427813200931" lon="104.06353850708872">
        <ele>0.0</ele>
        <time>2025-03-14T08:22:26Z</time>
        <extensions>
          <gpxtpx:TrackPointExtension>
            <gpxtpx:hr>141</gpxtpx:hr>
          </gpxtpx:TrackPointExtension>
        </extensions>
      </trkpt>
      <trkpt lat="30.534294356104404" lon="104.06357137643674">
        <ele>0.0</ele>
        <time>2025-03-14T08:22:27Z</time>
        <extensions>
          <gpxtpx:TrackPointExtension>
            <gpxtpx:hr>141</gpxtpx:hr>
          </gpxtpx:TrackPointExtension>
        </extensions>
      </trkpt>
      <trkpt lat="30.534309921561643" lon="104.06360140716743">
        <ele>0.0</ele>
        <time>2025-03-14T08:22:28Z</time>
        <extensions>
          <gpxtpx:TrackPointExtension>
            <gpxtpx:hr>140</gpxtpx:hr>
          </gpxtpx:TrackPointExtension>
        </extensions>
      </trkpt>
      <trkpt lat="30.534323096830857" lon="104.06362945137312">
        <ele>0.0</ele>
        <time>2025-03-14T08:22:29Z</time>
        <extensions>
          <gpxtpx:TrackPointExtension>
            <gpxtpx:hr>140</gpxtpx:hr>
          </gpxtpx:TrackPointExtension>
        </extensions>
      </trkpt>
      <trkpt lat="30.534332970728844" lon="104.06365575493994">
        <ele>0.0</ele>
        <time>2025-03-14T08:22:30Z</time>
        <extensions>
          <gpxtpx:TrackPointExtension>
            <gpxtpx:hr>140</gpxtpx:hr>
          </gpxtpx:TrackPointExtension>
        </extensions>
      </trkpt>
      <trkpt lat="30.53433984307345" lon="104.06368043291793">
        <ele>0.0</ele>
        <time>2025-03-14T08:22:31Z</time>
        <extensions>
          <gpxtpx:TrackPointExtension>
            <gpxtpx:hr>140</gpxtpx:hr>
          </gpxtpx:TrackPointExtension>
        </extensions>
      </trkpt>
      <trkpt lat="30.53434348936583" lon="104.06370140481195">
        <ele>0.0</ele>
        <time>2025-03-14T08:22:32Z</time>
        <extensions>
          <gpxtpx:TrackPointExtension>
            <gpxtpx:hr>140</gpxtpx:hr>
          </gpxtpx:TrackPointExtension>
        </extensions>
      </trkpt>
      <trkpt lat="30.53434628324276" lon="104.06372093435195">
        <ele>0.0</ele>
        <time>2025-03-14T08:22:33Z</time>
        <extensions>
          <gpxtpx:TrackPointExtension>
            <gpxtpx:hr>141</gpxtpx:hr>
          </gpxtpx:TrackPointExtension>
        </extensions>
      </trkpt>
      <trkpt lat="30.534349541414787" lon="104.06373917192302">
        <ele>0.0</ele>
        <time>2025-03-14T08:22:34Z</time>
        <extensions>
          <gpxtpx:TrackPointExtension>
            <gpxtpx:hr>141</gpxtpx:hr>
          </gpxtpx:TrackPointExtension>
        </extensions>
      </trkpt>
      <trkpt lat="30.534353900007766" lon="104.06375647087226">
        <ele>0.0</ele>
        <time>2025-03-14T08:22:35Z</time>
        <extensions>
          <gpxtpx:TrackPointExtension>
            <gpxtpx:hr>141</gpxtpx:hr>
          </gpxtpx:TrackPointExtension>
        </extensions>
      </trkpt>
      <trkpt lat="30.534359327509538" lon="104.06377320026232">
        <ele>0.0</ele>
        <time>2025-03-14T08:22:36Z</time>
        <extensions>
          <gpxtpx:TrackPointExtension>
            <gpxtpx:hr>141</gpxtpx:hr>
          </gpxtpx:TrackPointExtension>
        </extensions>
      </trkpt>
      <trkpt lat="30.534365465167543" lon="104.06378983414162">
        <ele>0.0</ele>
        <time>2025-03-14T08:22:37Z</time>
        <extensions>
          <gpxtpx:TrackPointExtension>
            <gpxtpx:hr>141</gpxtpx:hr>
          </gpxtpx:TrackPointExtension>
        </extensions>
      </trkpt>
      <trkpt lat="30.53437244856932" lon="104.06380637463563">
        <ele>0.0</ele>
        <time>2025-03-14T08:22:38Z</time>
        <extensions>
          <gpxtpx:TrackPointExtension>
            <gpxtpx:hr>136</gpxtpx:hr>
          </gpxtpx:TrackPointExtension>
        </extensions>
      </trkpt>
      <trkpt lat="30.534380281536183" lon="104.06382280087303">
        <ele>0.0</ele>
        <time>2025-03-14T08:22:39Z</time>
        <extensions>
          <gpxtpx:TrackPointExtension>
            <gpxtpx:hr>136</gpxtpx:hr>
          </gpxtpx:TrackPointExtension>
        </extensions>
      </trkpt>
      <trkpt lat="30.534388683821565" lon="104.06383905482727">
        <ele>0.0</ele>
        <time>2025-03-14T08:22:40Z</time>
        <extensions>
          <gpxtpx:TrackPointExtension>
            <gpxtpx:hr>136</gpxtpx:hr>
          </gpxtpx:TrackPointExtension>
        </extensions>
      </trkpt>
      <trkpt lat="30.534397474313277" lon="104.06385525530334">
        <ele>0.0</ele>
        <time>2025-03-14T08:22:41Z</time>
        <extensions>
          <gpxtpx:TrackPointExtension>
            <gpxtpx:hr>136</gpxtpx:hr>
          </gpxtpx:TrackPointExtension>
        </extensions>
      </trkpt>
      <trkpt lat="30.534406420046544" lon="104.06387165419014">
        <ele>0.0</ele>
        <time>2025-03-14T08:22:42Z</time>
        <extensions>
          <gpxtpx:TrackPointExtension>
            <gpxtpx:hr>136</gpxtpx:hr>
          </gpxtpx:TrackPointExtension>
        </extensions>
      </trkpt>
      <trkpt lat="30.534415648836042" lon="104.06388833757956">
        <ele>0.0</ele>
        <time>2025-03-14T08:22:43Z</time>
        <extensions>
          <gpxtpx:TrackPointExtension>
            <gpxtpx:hr>135</gpxtpx:hr>
          </gpxtpx:TrackPointExtension>
        </extensions>
      </trkpt>
      <trkpt lat="30.534425208391696" lon="104.06390498987857">
        <ele>0.0</ele>
        <time>2025-03-14T08:22:44Z</time>
        <extensions>
          <gpxtpx:TrackPointExtension>
            <gpxtpx:hr>135</gpxtpx:hr>
          </gpxtpx:TrackPointExtension>
        </extensions>
      </trkpt>
      <trkpt lat="30.534435404909182" lon="104.06392155977534">
        <ele>0.0</ele>
        <time>2025-03-14T08:22:45Z</time>
        <extensions>
          <gpxtpx:TrackPointExtension>
            <gpxtpx:hr>135</gpxtpx:hr>
          </gpxtpx:TrackPointExtension>
        </extensions>
      </trkpt>
      <trkpt lat="30.53444515239567" lon="104.06393605583747">
        <ele>0.0</ele>
        <time>2025-03-14T08:22:46Z</time>
        <extensions>
          <gpxtpx:TrackPointExtension>
            <gpxtpx:hr>135</gpxtpx:hr>
          </gpxtpx:TrackPointExtension>
        </extensions>
      </trkpt>
      <trkpt lat="30.534455715953122" lon="104.06394986697066">
        <ele>0.0</ele>
        <time>2025-03-14T08:22:47Z</time>
        <extensions>
          <gpxtpx:TrackPointExtension>
            <gpxtpx:hr>135</gpxtpx:hr>
          </gpxtpx:TrackPointExtension>
        </extensions>
      </trkpt>
      <trkpt lat="30.53446654055688" lon="104.06396257246338">
        <ele>0.0</ele>
        <time>2025-03-14T08:22:48Z</time>
        <extensions>
          <gpxtpx:TrackPointExtension>
            <gpxtpx:hr>135</gpxtpx:hr>
          </gpxtpx:TrackPointExtension>
        </extensions>
      </trkpt>
      <trkpt lat="30.53447892126308" lon="104.06397657159035">
        <ele>0.0</ele>
        <time>2025-03-14T08:22:49Z</time>
        <extensions>
          <gpxtpx:TrackPointExtension>
            <gpxtpx:hr>135</gpxtpx:hr>
          </gpxtpx:TrackPointExtension>
        </extensions>
      </trkpt>
      <trkpt lat="30.534491462583258" lon="104.06399022641658">
        <ele>0.0</ele>
        <time>2025-03-14T08:22:50Z</time>
        <extensions>
          <gpxtpx:TrackPointExtension>
            <gpxtpx:hr>135</gpxtpx:hr>
          </gpxtpx:TrackPointExtension>
        </extensions>
      </trkpt>
      <trkpt lat="30.53450431077957" lon="104.06400386372663">
        <ele>0.0</ele>
        <time>2025-03-14T08:22:51Z</time>
        <extensions>
          <gpxtpx:TrackPointExtension>
            <gpxtpx:hr>135</gpxtpx:hr>
          </gpxtpx:TrackPointExtension>
        </extensions>
      </trkpt>
      <trkpt lat="30.534516544723235" lon="104.06401677956372">
        <ele>0.0</ele>
        <time>2025-03-14T08:22:52Z</time>
        <extensions>
          <gpxtpx:TrackPointExtension>
            <gpxtpx:hr>135</gpxtpx:hr>
          </gpxtpx:TrackPointExtension>
        </extensions>
      </trkpt>
      <trkpt lat="30.534528398280223" lon="104.064030147641">
        <ele>0.0</ele>
        <time>2025-03-14T08:22:53Z</time>
        <extensions>
          <gpxtpx:TrackPointExtension>
            <gpxtpx:hr>132</gpxtpx:hr>
          </gpxtpx:TrackPointExtension>
        </extensions>
      </trkpt>
      <trkpt lat="30.534539797898777" lon="104.06404443634736">
        <ele>0.0</ele>
        <time>2025-03-14T08:22:54Z</time>
        <extensions>
          <gpxtpx:TrackPointExtension>
            <gpxtpx:hr>132</gpxtpx:hr>
          </gpxtpx:TrackPointExtension>
        </extensions>
      </trkpt>
      <trkpt lat="30.534551349799642" lon="104.06406007489166">
        <ele>0.0</ele>
        <time>2025-03-14T08:22:55Z</time>
        <extensions>
          <gpxtpx:TrackPointExtension>
            <gpxtpx:hr>132</gpxtpx:hr>
          </gpxtpx:TrackPointExtension>
        </extensions>
      </trkpt>
      <trkpt lat="30.534562928254054" lon="104.06407637981762">
        <ele>0.0</ele>
        <time>2025-03-14T08:22:56Z</time>
        <extensions>
          <gpxtpx:TrackPointExtension>
            <gpxtpx:hr>132</gpxtpx:hr>
          </gpxtpx:TrackPointExtension>
        </extensions>
      </trkpt>
      <trkpt lat="30.534574720205477" lon="104.06409279531658">
        <ele>0.0</ele>
        <time>2025-03-14T08:22:57Z</time>
        <extensions>
          <gpxtpx:TrackPointExtension>
            <gpxtpx:hr>132</gpxtpx:hr>
          </gpxtpx:TrackPointExtension>
        </extensions>
      </trkpt>
      <trkpt lat="30.53458680656001" lon="104.06410889764746">
        <ele>0.0</ele>
        <time>2025-03-14T08:22:58Z</time>
        <extensions>
          <gpxtpx:TrackPointExtension>
            <gpxtpx:hr>130</gpxtpx:hr>
          </gpxtpx:TrackPointExtension>
        </extensions>
      </trkpt>
      <trkpt lat="30.5345988796145" lon="104.06412477221775">
        <ele>0.0</ele>
        <time>2025-03-14T08:22:59Z</time>
        <extensions>
          <gpxtpx:TrackPointExtension>
            <gpxtpx:hr>130</gpxtpx:hr>
          </gpxtpx:TrackPointExtension>
        </extensions>
      </trkpt>
      <trkpt lat="30.534610810221363" lon="104.06414054634241">
        <ele>0.0</ele>
        <time>2025-03-14T08:23:00Z</time>
        <extensions>
          <gpxtpx:TrackPointExtension>
            <gpxtpx:hr>130</gpxtpx:hr>
          </gpxtpx:TrackPointExtension>
        </extensions>
      </trkpt>
      <trkpt lat="30.53462257283975" lon="104.06415647068988">
        <ele>0.0</ele>
        <time>2025-03-14T08:23:01Z</time>
        <extensions>
          <gpxtpx:TrackPointExtension>
            <gpxtpx:hr>130</gpxtpx:hr>
          </gpxtpx:TrackPointExtension>
        </extensions>
      </trkpt>
      <trkpt lat="30.53463440264837" lon="104.06417246675707">
        <ele>0.0</ele>
        <time>2025-03-14T08:23:02Z</time>
        <extensions>
          <gpxtpx:TrackPointExtension>
            <gpxtpx:hr>130</gpxtpx:hr>
          </gpxtpx:TrackPointExtension>
        </extensions>
      </trkpt>
      <trkpt lat="30.534646164737204" lon="104.06418860508386">
        <ele>0.0</ele>
        <time>2025-03-14T08:23:03Z</time>
        <extensions>
          <gpxtpx:TrackPointExtension>
            <gpxtpx:hr>132</gpxtpx:hr>
          </gpxtpx:TrackPointExtension>
        </extensions>
      </trkpt>
      <trkpt lat="30.53465754289537" lon="104.06420501819585">
        <ele>0.0</ele>
        <time>2025-03-14T08:23:04Z</time>
        <extensions>
          <gpxtpx:TrackPointExtension>
            <gpxtpx:hr>132</gpxtpx:hr>
          </gpxtpx:TrackPointExtension>
        </extensions>
      </trkpt>
      <trkpt lat="30.534668167401385" lon="104.06422213392408">
        <ele>0.0</ele>
        <time>2025-03-14T08:23:05Z</time>
        <extensions>
          <gpxtpx:TrackPointExtension>
            <gpxtpx:hr>132</gpxtpx:hr>
          </gpxtpx:TrackPointExtension>
        </extensions>
      </trkpt>
      <trkpt lat="30.534677673048048" lon="104.06424008216422">
        <ele>0.0</ele>
        <time>2025-03-14T08:23:06Z</time>
        <extensions>
          <gpxtpx:TrackPointExtension>
            <gpxtpx:hr>132</gpxtpx:hr>
          </gpxtpx:TrackPointExtension>
        </extensions>
      </trkpt>
      <trkpt lat="30.53468597010055" lon="104.06425939508371">
        <ele>0.0</ele>
        <time>2025-03-14T08:23:07Z</time>
        <extensions>
          <gpxtpx:TrackPointExtension>
            <gpxtpx:hr>132</gpxtpx:hr>
          </gpxtpx:TrackPointExtension>
        </extensions>
      </trkpt>
      <trkpt lat="30.534693844896704" lon="104.06428051740714">
        <ele>0.0</ele>
        <time>2025-03-14T08:23:08Z</time>
        <extensions>
          <gpxtpx:TrackPointExtension>
            <gpxtpx:hr>131</gpxtpx:hr>
          </gpxtpx:TrackPointExtension>
        </extensions>
      </trkpt>
      <trkpt lat="30.534702297544932" lon="104.06430460942184">
        <ele>0.0</ele>
        <time>2025-03-14T08:23:09Z</time>
        <extensions>
          <gpxtpx:TrackPointExtension>
            <gpxtpx:hr>131</gpxtpx:hr>
          </gpxtpx:TrackPointExtension>
        </extensions>
      </trkpt>
      <trkpt lat="30.534711718726964" lon="104.06433203525009">
        <ele>0.0</ele>
        <time>2025-03-14T08:23:10Z</time>
        <extensions>
          <gpxtpx:TrackPointExtension>
            <gpxtpx:hr>131</gpxtpx:hr>
          </gpxtpx:TrackPointExtension>
        </extensions>
      </trkpt>
      <trkpt lat="30.534722154148376" lon="104.06436249902725">
        <ele>0.0</ele>
        <time>2025-03-14T08:23:11Z</time>
        <extensions>
          <gpxtpx:TrackPointExtension>
            <gpxtpx:hr>131</gpxtpx:hr>
          </gpxtpx:TrackPointExtension>
        </extensions>
      </trkpt>
      <trkpt lat="30.53473322188431" lon="104.06439454643296">
        <ele>0.0</ele>
        <time>2025-03-14T08:23:12Z</time>
        <extensions>
          <gpxtpx:TrackPointExtension>
            <gpxtpx:hr>131</gpxtpx:hr>
          </gpxtpx:TrackPointExtension>
        </extensions>
      </trkpt>
      <trkpt lat="30.53474606498981" lon="104.06442896641377">
        <ele>0.0</ele>
        <time>2025-03-14T08:23:13Z</time>
        <extensions>
          <gpxtpx:TrackPointExtension>
            <gpxtpx:hr>133</gpxtpx:hr>
          </gpxtpx:TrackPointExtension>
        </extensions>
      </trkpt>
      <trkpt lat="30.534759264622412" lon="104.06446329232284">
        <ele>0.0</ele>
        <time>2025-03-14T08:23:14Z</time>
        <extensions>
          <gpxtpx:TrackPointExtension>
            <gpxtpx:hr>133</gpxtpx:hr>
          </gpxtpx:TrackPointExtension>
        </extensions>
      </trkpt>
      <trkpt lat="30.534773146693528" lon="104.06449796317848">
        <ele>0.0</ele>
        <time>2025-03-14T08:23:15Z</time>
        <extensions>
          <gpxtpx:TrackPointExtension>
            <gpxtpx:hr>133</gpxtpx:hr>
          </gpxtpx:TrackPointExtension>
        </extensions>
      </trkpt>
      <trkpt lat="30.534786661894646" lon="104.06453093759971">
        <ele>0.0</ele>
        <time>2025-03-14T08:23:16Z</time>
        <extensions>
          <gpxtpx:TrackPointExtension>
            <gpxtpx:hr>133</gpxtpx:hr>
          </gpxtpx:TrackPointExtension>
        </extensions>
      </trkpt>
      <trkpt lat="30.53480073709046" lon="104.064564133018">
        <ele>0.0</ele>
        <time>2025-03-14T08:23:17Z</time>
        <extensions>
          <gpxtpx:TrackPointExtension>
            <gpxtpx:hr>133</gpxtpx:hr>
          </gpxtpx:TrackPointExtension>
        </extensions>
      </trkpt>
      <trkpt lat="30.534814628595182" lon="104.06459682210586">
        <ele>0.0</ele>
        <time>2025-03-14T08:23:18Z</time>
        <extensions>
          <gpxtpx:TrackPointExtension>
            <gpxtpx:hr>135</gpxtpx:hr>
          </gpxtpx:TrackPointExtension>
        </extensions>
      </trkpt>
      <trkpt lat="30.534828297997965" lon="104.0646290044223">
        <ele>0.0</ele>
        <time>2025-03-14T08:23:19Z</time>
        <extensions>
          <gpxtpx:TrackPointExtension>
            <gpxtpx:hr>135</gpxtpx:hr>
          </gpxtpx:TrackPointExtension>
        </extensions>
      </trkpt>
      <trkpt lat="30.53484162478777" lon="104.0646599573673">
        <ele>0.0</ele>
        <time>2025-03-14T08:23:20Z</time>
        <extensions>
          <gpxtpx:TrackPointExtension>
            <gpxtpx:hr>135</gpxtpx:hr>
          </gpxtpx:TrackPointExtension>
        </extensions>
      </trkpt>
      <trkpt lat="30.534855597902993" lon="104.0646919023067">
        <ele>0.0</ele>
        <time>2025-03-14T08:23:21Z</time>
        <extensions>
          <gpxtpx:TrackPointExtension>
            <gpxtpx:hr>135</gpxtpx:hr>
          </gpxtpx:TrackPointExtension>
        </extensions>
      </trkpt>
      <trkpt lat="30.534868770807204" lon="104.06472339842878">
        <ele>0.0</ele>
        <time>2025-03-14T08:23:22Z</time>
        <extensions>
          <gpxtpx:TrackPointExtension>
            <gpxtpx:hr>135</gpxtpx:hr>
          </gpxtpx:TrackPointExtension>
        </extensions>
      </trkpt>
      <trkpt lat="30.5348811784387" lon="104.0647560404717">
        <ele>0.0</ele>
        <time>2025-03-14T08:23:23Z</time>
        <extensions>
          <gpxtpx:TrackPointExtension>
            <gpxtpx:hr>136</gpxtpx:hr>
          </gpxtpx:TrackPointExtension>
        </extensions>
      </trkpt>
      <trkpt lat="30.534892164389458" lon="104.06478817896422">
        <ele>0.0</ele>
        <time>2025-03-14T08:23:24Z</time>
        <extensions>
          <gpxtpx:TrackPointExtension>
            <gpxtpx:hr>136</gpxtpx:hr>
          </gpxtpx:TrackPointExtension>
        </extensions>
      </trkpt>
      <trkpt lat="30.534903884922375" lon="104.064823093861">
        <ele>0.0</ele>
        <time>2025-03-14T08:23:25Z</time>
        <extensions>
          <gpxtpx:TrackPointExtension>
            <gpxtpx:hr>136</gpxtpx:hr>
          </gpxtpx:TrackPointExtension>
        </extensions>
      </trkpt>
      <trkpt lat="30.5349160263012" lon="104.06485738405944">
        <ele>0.0</ele>
        <time>2025-03-14T08:23:26Z</time>
        <extensions>
          <gpxtpx:TrackPointExtension>
            <gpxtpx:hr>136</gpxtpx:hr>
          </gpxtpx:TrackPointExtension>
        </extensions>
      </trkpt>
      <trkpt lat="30.534929164368837" lon="104.06489086941572">
        <ele>0.0</ele>
        <time>2025-03-14T08:23:27Z</time>
        <extensions>
          <gpxtpx:TrackPointExtension>
            <gpxtpx:hr>136</gpxtpx:hr>
          </gpxtpx:TrackPointExtension>
        </extensions>
      </trkpt>
      <trkpt lat="30.534942676276327" lon="104.06492134748056">
        <ele>0.0</ele>
        <time>2025-03-14T08:23:28Z</time>
        <extensions>
          <gpxtpx:TrackPointExtension>
            <gpxtpx:hr>136</gpxtpx:hr>
          </gpxtpx:TrackPointExtension>
        </extensions>
      </trkpt>
      <trkpt lat="30.534958122717043" lon="104.06495304121698">
        <ele>0.0</ele>
        <time>2025-03-14T08:23:29Z</time>
        <extensions>
          <gpxtpx:TrackPointExtension>
            <gpxtpx:hr>136</gpxtpx:hr>
          </gpxtpx:TrackPointExtension>
        </extensions>
      </trkpt>
      <trkpt lat="30.534974411886548" lon="104.06498444653302">
        <ele>0.0</ele>
        <time>2025-03-14T08:23:30Z</time>
        <extensions>
          <gpxtpx:TrackPointExtension>
            <gpxtpx:hr>136</gpxtpx:hr>
          </gpxtpx:TrackPointExtension>
        </extensions>
      </trkpt>
      <trkpt lat="30.534992118068352" lon="104.06501662943775">
        <ele>0.0</ele>
        <time>2025-03-14T08:23:31Z</time>
        <extensions>
          <gpxtpx:TrackPointExtension>
            <gpxtpx:hr>136</gpxtpx:hr>
          </gpxtpx:TrackPointExtension>
        </extensions>
      </trkpt>
      <trkpt lat="30.53501028402203" lon="104.0650477261825">
        <ele>0.0</ele>
        <time>2025-03-14T08:23:32Z</time>
        <extensions>
          <gpxtpx:TrackPointExtension>
            <gpxtpx:hr>136</gpxtpx:hr>
          </gpxtpx:TrackPointExtension>
        </extensions>
      </trkpt>
      <trkpt lat="30.535030996454328" lon="104.06508061055534">
        <ele>0.0</ele>
        <time>2025-03-14T08:23:33Z</time>
        <extensions>
          <gpxtpx:TrackPointExtension>
            <gpxtpx:hr>138</gpxtpx:hr>
          </gpxtpx:TrackPointExtension>
        </extensions>
      </trkpt>
      <trkpt lat="30.535051861648938" lon="104.06511181055494">
        <ele>0.0</ele>
        <time>2025-03-14T08:23:34Z</time>
        <extensions>
          <gpxtpx:TrackPointExtension>
            <gpxtpx:hr>138</gpxtpx:hr>
          </gpxtpx:TrackPointExtension>
        </extensions>
      </trkpt>
      <trkpt lat="30.535074509050702" lon="104.06514314066301">
        <ele>0.0</ele>
        <time>2025-03-14T08:23:35Z</time>
        <extensions>
          <gpxtpx:TrackPointExtension>
            <gpxtpx:hr>138</gpxtpx:hr>
          </gpxtpx:TrackPointExtension>
        </extensions>
      </trkpt>
      <trkpt lat="30.53509610069771" lon="104.06517110639427">
        <ele>0.0</ele>
        <time>2025-03-14T08:23:36Z</time>
        <extensions>
          <gpxtpx:TrackPointExtension>
            <gpxtpx:hr>138</gpxtpx:hr>
          </gpxtpx:TrackPointExtension>
        </extensions>
      </trkpt>
      <trkpt lat="30.535118390882054" lon="104.06519907636029">
        <ele>0.0</ele>
        <time>2025-03-14T08:23:37Z</time>
        <extensions>
          <gpxtpx:TrackPointExtension>
            <gpxtpx:hr>138</gpxtpx:hr>
          </gpxtpx:TrackPointExtension>
        </extensions>
      </trkpt>
      <trkpt lat="30.535139263642787" lon="104.06522545582955">
        <ele>0.0</ele>
        <time>2025-03-14T08:23:38Z</time>
        <extensions>
          <gpxtpx:TrackPointExtension>
            <gpxtpx:hr>139</gpxtpx:hr>
          </gpxtpx:TrackPointExtension>
        </extensions>
      </trkpt>
      <trkpt lat="30.535161052709004" lon="104.06525376604435">
        <ele>0.0</ele>
        <time>2025-03-14T08:23:39Z</time>
        <extensions>
          <gpxtpx:TrackPointExtension>
            <gpxtpx:hr>139</gpxtpx:hr>
          </gpxtpx:TrackPointExtension>
        </extensions>
      </trkpt>
      <trkpt lat="30.535181970462364" lon="104.06528220869733">
        <ele>0.0</ele>
        <time>2025-03-14T08:23:40Z</time>
        <extensions>
          <gpxtpx:TrackPointExtension>
            <gpxtpx:hr>139</gpxtpx:hr>
          </gpxtpx:TrackPointExtension>
        </extensions>
      </trkpt>
      <trkpt lat="30.53520205615036" lon="104.06531173055608">
        <ele>0.0</ele>
        <time>2025-03-14T08:23:41Z</time>
        <extensions>
          <gpxtpx:TrackPointExtension>
            <gpxtpx:hr>139</gpxtpx:hr>
          </gpxtpx:TrackPointExtension>
        </extensions>
      </trkpt>
      <trkpt lat="30.53522010945373" lon="104.06534168073877">
        <ele>0.0</ele>
        <time>2025-03-14T08:23:42Z</time>
        <extensions>
          <gpxtpx:TrackPointExtension>
            <gpxtpx:hr>139</gpxtpx:hr>
          </gpxtpx:TrackPointExtension>
        </extensions>
      </trkpt>
      <trkpt lat="30.535237541113876" lon="104.06537299349691">
        <ele>0.0</ele>
        <time>2025-03-14T08:23:43Z</time>
        <extensions>
          <gpxtpx:TrackPointExtension>
            <gpxtpx:hr>141</gpxtpx:hr>
          </gpxtpx:TrackPointExtension>
        </extensions>
      </trkpt>
      <trkpt lat="30.53525572716744" lon="104.06540686589967">
        <ele>0.0</ele>
        <time>2025-03-14T08:23:44Z</time>
        <extensions>
          <gpxtpx:TrackPointExtension>
            <gpxtpx:hr>141</gpxtpx:hr>
          </gpxtpx:TrackPointExtension>
        </extensions>
      </trkpt>
      <trkpt lat="30.53527372040354" lon="104.06544066053955">
        <ele>0.0</ele>
        <time>2025-03-14T08:23:45Z</time>
        <extensions>
          <gpxtpx:TrackPointExtension>
            <gpxtpx:hr>141</gpxtpx:hr>
          </gpxtpx:TrackPointExtension>
        </extensions>
      </trkpt>
      <trkpt lat="30.535291820326847" lon="104.06547485229427">
        <ele>0.0</ele>
        <time>2025-03-14T08:23:46Z</time>
        <extensions>
          <gpxtpx:TrackPointExtension>
            <gpxtpx:hr>141</gpxtpx:hr>
          </gpxtpx:TrackPointExtension>
        </extensions>
      </trkpt>
      <trkpt lat="30.535309770917983" lon="104.06550912114776">
        <ele>0.0</ele>
        <time>2025-03-14T08:23:47Z</time>
        <extensions>
          <gpxtpx:TrackPointExtension>
            <gpxtpx:hr>141</gpxtpx:hr>
          </gpxtpx:TrackPointExtension>
        </extensions>
      </trkpt>
      <trkpt lat="30.53532788224445" lon="104.06554340716056">
        <ele>0.0</ele>
        <time>2025-03-14T08:23:48Z</time>
        <extensions>
          <gpxtpx:TrackPointExtension>
            <gpxtpx:hr>142</gpxtpx:hr>
          </gpxtpx:TrackPointExtension>
        </extensions>
      </trkpt>
      <trkpt lat="30.535345875699022" lon="104.06557738948136">
        <ele>0.0</ele>
        <time>2025-03-14T08:23:49Z</time>
        <extensions>
          <gpxtpx:TrackPointExtension>
            <gpxtpx:hr>142</gpxtpx:hr>
          </gpxtpx:TrackPointExtension>
        </extensions>
      </trkpt>
      <trkpt lat="30.53536422363697" lon="104.06561145736964">
        <ele>0.0</ele>
        <time>2025-03-14T08:23:50Z</time>
        <extensions>
          <gpxtpx:TrackPointExtension>
            <gpxtpx:hr>142</gpxtpx:hr>
          </gpxtpx:TrackPointExtension>
        </extensions>
      </trkpt>
      <trkpt lat="30.53538260174018" lon="104.06564582975152">
        <ele>0.0</ele>
        <time>2025-03-14T08:23:51Z</time>
        <extensions>
          <gpxtpx:TrackPointExtension>
            <gpxtpx:hr>142</gpxtpx:hr>
          </gpxtpx:TrackPointExtension>
        </extensions>
      </trkpt>
      <trkpt lat="30.53540152792234" lon="104.06568141572386">
        <ele>0.0</ele>
        <time>2025-03-14T08:23:52Z</time>
        <extensions>
          <gpxtpx:TrackPointExtension>
            <gpxtpx:hr>142</gpxtpx:hr>
          </gpxtpx:TrackPointExtension>
        </extensions>
      </trkpt>
      <trkpt lat="30.535419286431406" lon="104.0657158403387">
        <ele>0.0</ele>
        <time>2025-03-14T08:23:53Z</time>
        <extensions>
          <gpxtpx:TrackPointExtension>
            <gpxtpx:hr>142</gpxtpx:hr>
          </gpxtpx:TrackPointExtension>
        </extensions>
      </trkpt>
      <trkpt lat="30.535437815127707" lon="104.06575299420743">
        <ele>0.0</ele>
        <time>2025-03-14T08:23:54Z</time>
        <extensions>
          <gpxtpx:TrackPointExtension>
            <gpxtpx:hr>142</gpxtpx:hr>
          </gpxtpx:TrackPointExtension>
        </extensions>
      </trkpt>
      <trkpt lat="30.535455541494972" lon="104.06578989921985">
        <ele>0.0</ele>
        <time>2025-03-14T08:23:55Z</time>
        <extensions>
          <gpxtpx:TrackPointExtension>
            <gpxtpx:hr>142</gpxtpx:hr>
          </gpxtpx:TrackPointExtension>
        </extensions>
      </trkpt>
      <trkpt lat="30.535473118707255" lon="104.06582710367778">
        <ele>0.0</ele>
        <time>2025-03-14T08:23:56Z</time>
        <extensions>
          <gpxtpx:TrackPointExtension>
            <gpxtpx:hr>142</gpxtpx:hr>
          </gpxtpx:TrackPointExtension>
        </extensions>
      </trkpt>
      <trkpt lat="30.53549010958907" lon="104.06586163163998">
        <ele>0.0</ele>
        <time>2025-03-14T08:23:57Z</time>
        <extensions>
          <gpxtpx:TrackPointExtension>
            <gpxtpx:hr>142</gpxtpx:hr>
          </gpxtpx:TrackPointExtension>
        </extensions>
      </trkpt>
      <trkpt lat="30.535508705227763" lon="104.06589750846683">
        <ele>0.0</ele>
        <time>2025-03-14T08:23:58Z</time>
        <extensions>
          <gpxtpx:TrackPointExtension>
            <gpxtpx:hr>144</gpxtpx:hr>
          </gpxtpx:TrackPointExtension>
        </extensions>
      </trkpt>
      <trkpt lat="30.53552744143277" lon="104.06593225866148">
        <ele>0.0</ele>
        <time>2025-03-14T08:23:59Z</time>
        <extensions>
          <gpxtpx:TrackPointExtension>
            <gpxtpx:hr>144</gpxtpx:hr>
          </gpxtpx:TrackPointExtension>
        </extensions>
      </trkpt>
      <trkpt lat="30.535545916685738" lon="104.0659673808886">
        <ele>0.0</ele>
        <time>2025-03-14T08:24:00Z</time>
        <extensions>
          <gpxtpx:TrackPointExtension>
            <gpxtpx:hr>144</gpxtpx:hr>
          </gpxtpx:TrackPointExtension>
        </extensions>
      </trkpt>
      <trkpt lat="30.535562902447555" lon="104.06600115871862">
        <ele>0.0</ele>
        <time>2025-03-14T08:24:01Z</time>
        <extensions>
          <gpxtpx:TrackPointExtension>
            <gpxtpx:hr>144</gpxtpx:hr>
          </gpxtpx:TrackPointExtension>
        </extensions>
      </trkpt>
      <trkpt lat="30.535579837198114" lon="104.06603758255908">
        <ele>0.0</ele>
        <time>2025-03-14T08:24:02Z</time>
        <extensions>
          <gpxtpx:TrackPointExtension>
            <gpxtpx:hr>144</gpxtpx:hr>
          </gpxtpx:TrackPointExtension>
        </extensions>
      </trkpt>
      <trkpt lat="30.53559561522897" lon="104.06607395617256">
        <ele>0.0</ele>
        <time>2025-03-14T08:24:03Z</time>
        <extensions>
          <gpxtpx:TrackPointExtension>
            <gpxtpx:hr>144</gpxtpx:hr>
          </gpxtpx:TrackPointExtension>
        </extensions>
      </trkpt>
      <trkpt lat="30.53561075646213" lon="104.0661110587905">
        <ele>0.0</ele>
        <time>2025-03-14T08:24:04Z</time>
        <extensions>
          <gpxtpx:TrackPointExtension>
            <gpxtpx:hr>144</gpxtpx:hr>
          </gpxtpx:TrackPointExtension>
        </extensions>
      </trkpt>
      <trkpt lat="30.53562461914061" lon="104.06614652195063">
        <ele>0.0</ele>
        <time>2025-03-14T08:24:05Z</time>
        <extensions>
          <gpxtpx:TrackPointExtension>
            <gpxtpx:hr>144</gpxtpx:hr>
          </gpxtpx:TrackPointExtension>
        </extensions>
      </trkpt>
      <trkpt lat="30.53563911790139" lon="104.06618408125755">
        <ele>0.0</ele>
        <time>2025-03-14T08:24:06Z</time>
        <extensions>
          <gpxtpx:TrackPointExtension>
            <gpxtpx:hr>144</gpxtpx:hr>
          </gpxtpx:TrackPointExtension>
        </extensions>
      </trkpt>
      <trkpt lat="30.53565338399433" lon="104.06622058378609">
        <ele>0.0</ele>
        <time>2025-03-14T08:24:07Z</time>
        <extensions>
          <gpxtpx:TrackPointExtension>
            <gpxtpx:hr>144</gpxtpx:hr>
          </gpxtpx:TrackPointExtension>
        </extensions>
      </trkpt>
      <trkpt lat="30.53566803790604" lon="104.06625645054852">
        <ele>0.0</ele>
        <time>2025-03-14T08:24:08Z</time>
        <extensions>
          <gpxtpx:TrackPointExtension>
            <gpxtpx:hr>143</gpxtpx:hr>
          </gpxtpx:TrackPointExtension>
        </extensions>
      </trkpt>
      <trkpt lat="30.535683233163404" lon="104.06629128020555">
        <ele>0.0</ele>
        <time>2025-03-14T08:24:09Z</time>
        <extensions>
          <gpxtpx:TrackPointExtension>
            <gpxtpx:hr>143</gpxtpx:hr>
          </gpxtpx:TrackPointExtension>
        </extensions>
      </trkpt>
      <trkpt lat="30.535698465133084" lon="104.06632545389552">
        <ele>0.0</ele>
        <time>2025-03-14T08:24:10Z</time>
        <extensions>
          <gpxtpx:TrackPointExtension>
            <gpxtpx:hr>143</gpxtpx:hr>
          </gpxtpx:TrackPointExtension>
        </extensions>
      </trkpt>
      <trkpt lat="30.53571401739289" lon="104.0663593722156">
        <ele>0.0</ele>
        <time>2025-03-14T08:24:11Z</time>
        <extensions>
          <gpxtpx:TrackPointExtension>
            <gpxtpx:hr>143</gpxtpx:hr>
          </gpxtpx:TrackPointExtension>
        </extensions>
      </trkpt>
      <trkpt lat="30.535728594065784" lon="104.06639128482475">
        <ele>0.0</ele>
        <time>2025-03-14T08:24:12Z</time>
        <extensions>
          <gpxtpx:TrackPointExtension>
            <gpxtpx:hr>143</gpxtpx:hr>
          </gpxtpx:TrackPointExtension>
        </extensions>
      </trkpt>
      <trkpt lat="30.535745327010165" lon="104.06642267746477">
        <ele>0.0</ele>
        <time>2025-03-14T08:24:13Z</time>
        <extensions>
          <gpxtpx:TrackPointExtension>
            <gpxtpx:hr>143</gpxtpx:hr>
          </gpxtpx:TrackPointExtension>
        </extensions>
      </trkpt>
      <trkpt lat="30.53576018463647" lon="104.06645122929108">
        <ele>0.0</ele>
        <time>2025-03-14T08:24:14Z</time>
        <extensions>
          <gpxtpx:TrackPointExtension>
            <gpxtpx:hr>143</gpxtpx:hr>
          </gpxtpx:TrackPointExtension>
        </extensions>
      </trkpt>
      <trkpt lat="30.535771597672674" lon="104.06647834107373">
        <ele>0.0</ele>
        <time>2025-03-14T08:24:15Z</time>
        <extensions>
          <gpxtpx:TrackPointExtension>
            <gpxtpx:hr>143</gpxtpx:hr>
          </gpxtpx:TrackPointExtension>
        </extensions>
      </trkpt>
      <trkpt lat="30.535777932698725" lon="104.06650454961003">
        <ele>0.0</ele>
        <time>2025-03-14T08:24:16Z</time>
        <extensions>
          <gpxtpx:TrackPointExtension>
            <gpxtpx:hr>143</gpxtpx:hr>
          </gpxtpx:TrackPointExtension>
        </extensions>
      </trkpt>
      <trkpt lat="30.535781290278127" lon="104.06653061599116">
        <ele>0.0</ele>
        <time>2025-03-14T08:24:17Z</time>
        <extensions>
          <gpxtpx:TrackPointExtension>
            <gpxtpx:hr>143</gpxtpx:hr>
          </gpxtpx:TrackPointExtension>
        </extensions>
      </trkpt>
      <trkpt lat="30.535783160604858" lon="104.06655359419713">
        <ele>0.0</ele>
        <time>2025-03-14T08:24:18Z</time>
        <extensions>
          <gpxtpx:TrackPointExtension>
            <gpxtpx:hr>143</gpxtpx:hr>
          </gpxtpx:TrackPointExtension>
        </extensions>
      </trkpt>
      <trkpt lat="30.53578244024545" lon="104.06657318868216">
        <ele>0.0</ele>
        <time>2025-03-14T08:24:19Z</time>
        <extensions>
          <gpxtpx:TrackPointExtension>
            <gpxtpx:hr>143</gpxtpx:hr>
          </gpxtpx:TrackPointExtension>
        </extensions>
      </trkpt>
      <trkpt lat="30.535780185444747" lon="104.06659059702709">
        <ele>0.0</ele>
        <time>2025-03-14T08:24:20Z</time>
        <extensions>
          <gpxtpx:TrackPointExtension>
            <gpxtpx:hr>143</gpxtpx:hr>
          </gpxtpx:TrackPointExtension>
        </extensions>
      </trkpt>
      <trkpt lat="30.53577629283995" lon="104.06660780601982">
        <ele>0.0</ele>
        <time>2025-03-14T08:24:21Z</time>
        <extensions>
          <gpxtpx:TrackPointExtension>
            <gpxtpx:hr>143</gpxtpx:hr>
          </gpxtpx:TrackPointExtension>
        </extensions>
      </trkpt>
      <trkpt lat="30.535770922439376" lon="104.0666250072602">
        <ele>0.0</ele>
        <time>2025-03-14T08:24:22Z</time>
        <extensions>
          <gpxtpx:TrackPointExtension>
            <gpxtpx:hr>143</gpxtpx:hr>
          </gpxtpx:TrackPointExtension>
        </extensions>
      </trkpt>
      <trkpt lat="30.53576453677669" lon="104.0666400229009">
        <ele>0.0</ele>
        <time>2025-03-14T08:24:23Z</time>
        <extensions>
          <gpxtpx:TrackPointExtension>
            <gpxtpx:hr>140</gpxtpx:hr>
          </gpxtpx:TrackPointExtension>
        </extensions>
      </trkpt>
      <trkpt lat="30.535757627446603" lon="104.0666537917228">
        <ele>0.0</ele>
        <time>2025-03-14T08:24:24Z</time>
        <extensions>
          <gpxtpx:TrackPointExtension>
            <gpxtpx:hr>140</gpxtpx:hr>
          </gpxtpx:TrackPointExtension>
        </extensions>
      </trkpt>
      <trkpt lat="30.535750331727737" lon="104.06666517947474">
        <ele>0.0</ele>
        <time>2025-03-14T08:24:25Z</time>
        <extensions>
          <gpxtpx:TrackPointExtension>
            <gpxtpx:hr>140</gpxtpx:hr>
          </gpxtpx:TrackPointExtension>
        </extensions>
      </trkpt>
      <trkpt lat="30.53574190270219" lon="104.06667526370649">
        <ele>0.0</ele>
        <time>2025-03-14T08:24:26Z</time>
        <extensions>
          <gpxtpx:TrackPointExtension>
            <gpxtpx:hr>140</gpxtpx:hr>
          </gpxtpx:TrackPointExtension>
        </extensions>
      </trkpt>
      <trkpt lat="30.53573206407763" lon="104.06668209280127">
        <ele>0.0</ele>
        <time>2025-03-14T08:24:27Z</time>
        <extensions>
          <gpxtpx:TrackPointExtension>
            <gpxtpx:hr>140</gpxtpx:hr>
          </gpxtpx:TrackPointExtension>
        </extensions>
      </trkpt>
      <trkpt lat="30.535721053146485" lon="104.06668653598896">
        <ele>0.0</ele>
        <time>2025-03-14T08:24:28Z</time>
        <extensions>
          <gpxtpx:TrackPointExtension>
            <gpxtpx:hr>139</gpxtpx:hr>
          </gpxtpx:TrackPointExtension>
        </extensions>
      </trkpt>
      <trkpt lat="30.535709290649596" lon="104.06668940945659">
        <ele>0.0</ele>
        <time>2025-03-14T08:24:29Z</time>
        <extensions>
          <gpxtpx:TrackPointExtension>
            <gpxtpx:hr>139</gpxtpx:hr>
          </gpxtpx:TrackPointExtension>
        </extensions>
      </trkpt>
      <trkpt lat="30.535696858639675" lon="104.06669168505553">
        <ele>0.0</ele>
        <time>2025-03-14T08:24:30Z</time>
        <extensions>
          <gpxtpx:TrackPointExtension>
            <gpxtpx:hr>139</gpxtpx:hr>
          </gpxtpx:TrackPointExtension>
        </extensions>
      </trkpt>
      <trkpt lat="30.5356838774025" lon="104.06669374780999">
        <ele>0.0</ele>
        <time>2025-03-14T08:24:31Z</time>
        <extensions>
          <gpxtpx:TrackPointExtension>
            <gpxtpx:hr>139</gpxtpx:hr>
          </gpxtpx:TrackPointExtension>
        </extensions>
      </trkpt>
      <trkpt lat="30.535670087482647" lon="104.06669577142945">
        <ele>0.0</ele>
        <time>2025-03-14T08:24:32Z</time>
        <extensions>
          <gpxtpx:TrackPointExtension>
            <gpxtpx:hr>139</gpxtpx:hr>
          </gpxtpx:TrackPointExtension>
        </extensions>
      </trkpt>
      <trkpt lat="30.535657080850438" lon="104.06669752401415">
        <ele>0.0</ele>
        <time>2025-03-14T08:24:33Z</time>
        <extensions>
          <gpxtpx:TrackPointExtension>
            <gpxtpx:hr>141</gpxtpx:hr>
          </gpxtpx:TrackPointExtension>
        </extensions>
      </trkpt>
      <trkpt lat="30.53564280821546" lon="104.06669874928852">
        <ele>0.0</ele>
        <time>2025-03-14T08:24:34Z</time>
        <extensions>
          <gpxtpx:TrackPointExtension>
            <gpxtpx:hr>141</gpxtpx:hr>
          </gpxtpx:TrackPointExtension>
        </extensions>
      </trkpt>
      <trkpt lat="30.535627982592676" lon="104.06669927725372">
        <ele>0.0</ele>
        <time>2025-03-14T08:24:35Z</time>
        <extensions>
          <gpxtpx:TrackPointExtension>
            <gpxtpx:hr>141</gpxtpx:hr>
          </gpxtpx:TrackPointExtension>
        </extensions>
      </trkpt>
      <trkpt lat="30.535611025003767" lon="104.06669928299638">
        <ele>0.0</ele>
        <time>2025-03-14T08:24:36Z</time>
        <extensions>
          <gpxtpx:TrackPointExtension>
            <gpxtpx:hr>141</gpxtpx:hr>
          </gpxtpx:TrackPointExtension>
        </extensions>
      </trkpt>
      <trkpt lat="30.5355940966058" lon="104.06669891348533">
        <ele>0.0</ele>
        <time>2025-03-14T08:24:37Z</time>
        <extensions>
          <gpxtpx:TrackPointExtension>
            <gpxtpx:hr>141</gpxtpx:hr>
          </gpxtpx:TrackPointExtension>
        </extensions>
      </trkpt>
      <trkpt lat="30.535576600544353" lon="104.06669813693641">
        <ele>0.0</ele>
        <time>2025-03-14T08:24:38Z</time>
        <extensions>
          <gpxtpx:TrackPointExtension>
            <gpxtpx:hr>127</gpxtpx:hr>
          </gpxtpx:TrackPointExtension>
        </extensions>
      </trkpt>
      <trkpt lat="30.535560057105748" lon="104.06669729254668">
        <ele>0.0</ele>
        <time>2025-03-14T08:24:39Z</time>
        <extensions>
          <gpxtpx:TrackPointExtension>
            <gpxtpx:hr>127</gpxtpx:hr>
          </gpxtpx:TrackPointExtension>
        </extensions>
      </trkpt>
      <trkpt lat="30.535542910442377" lon="104.06669695540506">
        <ele>0.0</ele>
        <time>2025-03-14T08:24:40Z</time>
        <extensions>
          <gpxtpx:TrackPointExtension>
            <gpxtpx:hr>127</gpxtpx:hr>
          </gpxtpx:TrackPointExtension>
        </extensions>
      </trkpt>
      <trkpt lat="30.535525948070656" lon="104.0666984268316">
        <ele>0.0</ele>
        <time>2025-03-14T08:24:41Z</time>
        <extensions>
          <gpxtpx:TrackPointExtension>
            <gpxtpx:hr>127</gpxtpx:hr>
          </gpxtpx:TrackPointExtension>
        </extensions>
      </trkpt>
      <trkpt lat="30.535508209223913" lon="104.06670184437057">
        <ele>0.0</ele>
        <time>2025-03-14T08:24:42Z</time>
        <extensions>
          <gpxtpx:TrackPointExtension>
            <gpxtpx:hr>127</gpxtpx:hr>
          </gpxtpx:TrackPointExtension>
        </extensions>
      </trkpt>
      <trkpt lat="30.535491343532595" lon="104.06670611492063">
        <ele>0.0</ele>
        <time>2025-03-14T08:24:43Z</time>
        <extensions>
          <gpxtpx:TrackPointExtension>
            <gpxtpx:hr>123</gpxtpx:hr>
          </gpxtpx:TrackPointExtension>
        </extensions>
      </trkpt>
      <trkpt lat="30.53547504227136" lon="104.06670979909403">
        <ele>0.0</ele>
        <time>2025-03-14T08:24:44Z</time>
        <extensions>
          <gpxtpx:TrackPointExtension>
            <gpxtpx:hr>123</gpxtpx:hr>
          </gpxtpx:TrackPointExtension>
        </extensions>
      </trkpt>
      <trkpt lat="30.535459072844503" lon="104.06671190955676">
        <ele>0.0</ele>
        <time>2025-03-14T08:24:45Z</time>
        <extensions>
          <gpxtpx:TrackPointExtension>
            <gpxtpx:hr>123</gpxtpx:hr>
          </gpxtpx:TrackPointExtension>
        </extensions>
      </trkpt>
      <trkpt lat="30.535445098453216" lon="104.06671306575866">
        <ele>0.0</ele>
        <time>2025-03-14T08:24:46Z</time>
        <extensions>
          <gpxtpx:TrackPointExtension>
            <gpxtpx:hr>123</gpxtpx:hr>
          </gpxtpx:TrackPointExtension>
        </extensions>
      </trkpt>
      <trkpt lat="30.53543133305623" lon="104.06671310786426">
        <ele>0.0</ele>
        <time>2025-03-14T08:24:47Z</time>
        <extensions>
          <gpxtpx:TrackPointExtension>
            <gpxtpx:hr>123</gpxtpx:hr>
          </gpxtpx:TrackPointExtension>
        </extensions>
      </trkpt>
      <trkpt lat="30.53541792716759" lon="104.06671256948387">
        <ele>0.0</ele>
        <time>2025-03-14T08:24:48Z</time>
        <extensions>
          <gpxtpx:TrackPointExtension>
            <gpxtpx:hr>119</gpxtpx:hr>
          </gpxtpx:TrackPointExtension>
        </extensions>
      </trkpt>
      <trkpt lat="30.53540287481082" lon="104.06671145187094">
        <ele>0.0</ele>
        <time>2025-03-14T08:24:49Z</time>
        <extensions>
          <gpxtpx:TrackPointExtension>
            <gpxtpx:hr>119</gpxtpx:hr>
          </gpxtpx:TrackPointExtension>
        </extensions>
      </trkpt>
      <trkpt lat="30.535387763312336" lon="104.0667105023725">
        <ele>0.0</ele>
        <time>2025-03-14T08:24:50Z</time>
        <extensions>
          <gpxtpx:TrackPointExtension>
            <gpxtpx:hr>119</gpxtpx:hr>
          </gpxtpx:TrackPointExtension>
        </extensions>
      </trkpt>
      <trkpt lat="30.535371964528444" lon="104.06670983166778">
        <ele>0.0</ele>
        <time>2025-03-14T08:24:51Z</time>
        <extensions>
          <gpxtpx:TrackPointExtension>
            <gpxtpx:hr>119</gpxtpx:hr>
          </gpxtpx:TrackPointExtension>
        </extensions>
      </trkpt>
      <trkpt lat="30.53535592474288" lon="104.06670952548613">
        <ele>0.0</ele>
        <time>2025-03-14T08:24:52Z</time>
        <extensions>
          <gpxtpx:TrackPointExtension>
            <gpxtpx:hr>119</gpxtpx:hr>
          </gpxtpx:TrackPointExtension>
        </extensions>
      </trkpt>
      <trkpt lat="30.53533972773851" lon="104.06670966210125">
        <ele>0.0</ele>
        <time>2025-03-14T08:24:53Z</time>
        <extensions>
          <gpxtpx:TrackPointExtension>
            <gpxtpx:hr>118</gpxtpx:hr>
          </gpxtpx:TrackPointExtension>
        </extensions>
      </trkpt>
      <trkpt lat="30.535323860360432" lon="104.06671009317424">
        <ele>0.0</ele>
        <time>2025-03-14T08:24:54Z</time>
        <extensions>
          <gpxtpx:TrackPointExtension>
            <gpxtpx:hr>118</gpxtpx:hr>
          </gpxtpx:TrackPointExtension>
        </extensions>
      </trkpt>
      <trkpt lat="30.535308196357587" lon="104.0667104630738">
        <ele>0.0</ele>
        <time>2025-03-14T08:24:55Z</time>
        <extensions>
          <gpxtpx:TrackPointExtension>
            <gpxtpx:hr>118</gpxtpx:hr>
          </gpxtpx:TrackPointExtension>
        </extensions>
      </trkpt>
      <trkpt lat="30.535292930511176" lon="104.06671039816662">
        <ele>0.0</ele>
        <time>2025-03-14T08:24:56Z</time>
        <extensions>
          <gpxtpx:TrackPointExtension>
            <gpxtpx:hr>118</gpxtpx:hr>
          </gpxtpx:TrackPointExtension>
        </extensions>
      </trkpt>
      <trkpt lat="30.53527785529295" lon="104.06670997576157">
        <ele>0.0</ele>
        <time>2025-03-14T08:24:57Z</time>
        <extensions>
          <gpxtpx:TrackPointExtension>
            <gpxtpx:hr>118</gpxtpx:hr>
          </gpxtpx:TrackPointExtension>
        </extensions>
      </trkpt>
      <trkpt lat="30.535262690214516" lon="104.06670936115769">
        <ele>0.0</ele>
        <time>2025-03-14T08:24:58Z</time>
        <extensions>
          <gpxtpx:TrackPointExtension>
            <gpxtpx:hr>117</gpxtpx:hr>
          </gpxtpx:TrackPointExtension>
        </extensions>
      </trkpt>
      <trkpt lat="30.53524748413148" lon="104.06670886106112">
        <ele>0.0</ele>
        <time>2025-03-14T08:24:59Z</time>
        <extensions>
          <gpxtpx:TrackPointExtension>
            <gpxtpx:hr>117</gpxtpx:hr>
          </gpxtpx:TrackPointExtension>
        </extensions>
      </trkpt>
      <trkpt lat="30.535232003501143" lon="104.06670875136834">
        <ele>0.0</ele>
        <time>2025-03-14T08:25:00Z</time>
        <extensions>
          <gpxtpx:TrackPointExtension>
            <gpxtpx:hr>117</gpxtpx:hr>
          </gpxtpx:TrackPointExtension>
        </extensions>
      </trkpt>
      <trkpt lat="30.535217981205616" lon="104.06670955598135">
        <ele>0.0</ele>
        <time>2025-03-14T08:25:01Z</time>
        <extensions>
          <gpxtpx:TrackPointExtension>
            <gpxtpx:hr>117</gpxtpx:hr>
          </gpxtpx:TrackPointExtension>
        </extensions>
      </trkpt>
      <trkpt lat="30.535203189827754" lon="104.06671112568833">
        <ele>0.0</ele>
        <time>2025-03-14T08:25:02Z</time>
        <extensions>
          <gpxtpx:TrackPointExtension>
            <gpxtpx:hr>117</gpxtpx:hr>
          </gpxtpx:TrackPointExtension>
        </extensions>
      </trkpt>
      <trkpt lat="30.53518803013131" lon="104.06671300079634">
        <ele>0.0</ele>
        <time>2025-03-14T08:25:03Z</time>
        <extensions>
          <gpxtpx:TrackPointExtension>
            <gpxtpx:hr>117</gpxtpx:hr>
          </gpxtpx:TrackPointExtension>
        </extensions>
      </trkpt>
      <trkpt lat="30.535171001313298" lon="104.06671437482669">
        <ele>0.0</ele>
        <time>2025-03-14T08:25:04Z</time>
        <extensions>
          <gpxtpx:TrackPointExtension>
            <gpxtpx:hr>117</gpxtpx:hr>
          </gpxtpx:TrackPointExtension>
        </extensions>
      </trkpt>
      <trkpt lat="30.53515411324675" lon="104.06671482242918">
        <ele>0.0</ele>
        <time>2025-03-14T08:25:05Z</time>
        <extensions>
          <gpxtpx:TrackPointExtension>
            <gpxtpx:hr>117</gpxtpx:hr>
          </gpxtpx:TrackPointExtension>
        </extensions>
      </trkpt>
      <trkpt lat="30.535137218887645" lon="104.06671459263549">
        <ele>0.0</ele>
        <time>2025-03-14T08:25:06Z</time>
        <extensions>
          <gpxtpx:TrackPointExtension>
            <gpxtpx:hr>117</gpxtpx:hr>
          </gpxtpx:TrackPointExtension>
        </extensions>
      </trkpt>
      <trkpt lat="30.53512015699092" lon="104.06671396983845">
        <ele>0.0</ele>
        <time>2025-03-14T08:25:07Z</time>
        <extensions>
          <gpxtpx:TrackPointExtension>
            <gpxtpx:hr>117</gpxtpx:hr>
          </gpxtpx:TrackPointExtension>
        </extensions>
      </trkpt>
      <trkpt lat="30.535102350149632" lon="104.06671328879358">
        <ele>0.0</ele>
        <time>2025-03-14T08:25:08Z</time>
        <extensions>
          <gpxtpx:TrackPointExtension>
            <gpxtpx:hr>117</gpxtpx:hr>
          </gpxtpx:TrackPointExtension>
        </extensions>
      </trkpt>
      <trkpt lat="30.535083116272606" lon="104.06671252095902">
        <ele>0.0</ele>
        <time>2025-03-14T08:25:09Z</time>
        <extensions>
          <gpxtpx:TrackPointExtension>
            <gpxtpx:hr>117</gpxtpx:hr>
          </gpxtpx:TrackPointExtension>
        </extensions>
      </trkpt>
      <trkpt lat="30.535061578150824" lon="104.06671226100684">
        <ele>0.0</ele>
        <time>2025-03-14T08:25:10Z</time>
        <extensions>
          <gpxtpx:TrackPointExtension>
            <gpxtpx:hr>117</gpxtpx:hr>
          </gpxtpx:TrackPointExtension>
        </extensions>
      </trkpt>
      <trkpt lat="30.53503732096126" lon="104.06671299233709">
        <ele>0.0</ele>
        <time>2025-03-14T08:25:11Z</time>
        <extensions>
          <gpxtpx:TrackPointExtension>
            <gpxtpx:hr>117</gpxtpx:hr>
          </gpxtpx:TrackPointExtension>
        </extensions>
      </trkpt>
      <trkpt lat="30.535008614733492" lon="104.06671499033601">
        <ele>0.0</ele>
        <time>2025-03-14T08:25:12Z</time>
        <extensions>
          <gpxtpx:TrackPointExtension>
            <gpxtpx:hr>117</gpxtpx:hr>
          </gpxtpx:TrackPointExtension>
        </extensions>
      </trkpt>
      <trkpt lat="30.534977921129638" lon="104.0667176234356">
        <ele>0.0</ele>
        <time>2025-03-14T08:25:13Z</time>
        <extensions>
          <gpxtpx:TrackPointExtension>
            <gpxtpx:hr>118</gpxtpx:hr>
          </gpxtpx:TrackPointExtension>
        </extensions>
      </trkpt>
      <trkpt lat="30.534945837821592" lon="104.06672035417493">
        <ele>0.0</ele>
        <time>2025-03-14T08:25:14Z</time>
        <extensions>
          <gpxtpx:TrackPointExtension>
            <gpxtpx:hr>118</gpxtpx:hr>
          </gpxtpx:TrackPointExtension>
        </extensions>
      </trkpt>
      <trkpt lat="30.534914477410904" lon="104.0667227398651">
        <ele>0.0</ele>
        <time>2025-03-14T08:25:15Z</time>
        <extensions>
          <gpxtpx:TrackPointExtension>
            <gpxtpx:hr>118</gpxtpx:hr>
          </gpxtpx:TrackPointExtension>
        </extensions>
      </trkpt>
      <trkpt lat="30.5348826991163" lon="104.06672438621794">
        <ele>0.0</ele>
        <time>2025-03-14T08:25:16Z</time>
        <extensions>
          <gpxtpx:TrackPointExtension>
            <gpxtpx:hr>118</gpxtpx:hr>
          </gpxtpx:TrackPointExtension>
        </extensions>
      </trkpt>
      <trkpt lat="30.534849082651448" lon="104.06672529593476">
        <ele>0.0</ele>
        <time>2025-03-14T08:25:17Z</time>
        <extensions>
          <gpxtpx:TrackPointExtension>
            <gpxtpx:hr>118</gpxtpx:hr>
          </gpxtpx:TrackPointExtension>
        </extensions>
      </trkpt>
      <trkpt lat="30.53481601975097" lon="104.06672532047423">
        <ele>0.0</ele>
        <time>2025-03-14T08:25:18Z</time>
        <extensions>
          <gpxtpx:TrackPointExtension>
            <gpxtpx:hr>119</gpxtpx:hr>
          </gpxtpx:TrackPointExtension>
        </extensions>
      </trkpt>
      <trkpt lat="30.534782551876212" lon="104.06672515627874">
        <ele>0.0</ele>
        <time>2025-03-14T08:25:19Z</time>
        <extensions>
          <gpxtpx:TrackPointExtension>
            <gpxtpx:hr>119</gpxtpx:hr>
          </gpxtpx:TrackPointExtension>
        </extensions>
      </trkpt>
      <trkpt lat="30.534750634214312" lon="104.06672503362397">
        <ele>0.0</ele>
        <time>2025-03-14T08:25:20Z</time>
        <extensions>
          <gpxtpx:TrackPointExtension>
            <gpxtpx:hr>119</gpxtpx:hr>
          </gpxtpx:TrackPointExtension>
        </extensions>
      </trkpt>
      <trkpt lat="30.534716664902877" lon="104.06672541788514">
        <ele>0.0</ele>
        <time>2025-03-14T08:25:21Z</time>
        <extensions>
          <gpxtpx:TrackPointExtension>
            <gpxtpx:hr>119</gpxtpx:hr>
          </gpxtpx:TrackPointExtension>
        </extensions>
      </trkpt>
      <trkpt lat="30.534683396710566" lon="104.06672589532273">
        <ele>0.0</ele>
        <time>2025-03-14T08:25:22Z</time>
        <extensions>
          <gpxtpx:TrackPointExtension>
            <gpxtpx:hr>119</gpxtpx:hr>
          </gpxtpx:TrackPointExtension>
        </extensions>
      </trkpt>
      <trkpt lat="30.53465018130795" lon="104.06672637331756">
        <ele>0.0</ele>
        <time>2025-03-14T08:25:23Z</time>
        <extensions>
          <gpxtpx:TrackPointExtension>
            <gpxtpx:hr>122</gpxtpx:hr>
          </gpxtpx:TrackPointExtension>
        </extensions>
      </trkpt>
      <trkpt lat="30.53461876062239" lon="104.06672647738165">
        <ele>0.0</ele>
        <time>2025-03-14T08:25:24Z</time>
        <extensions>
          <gpxtpx:TrackPointExtension>
            <gpxtpx:hr>122</gpxtpx:hr>
          </gpxtpx:TrackPointExtension>
        </extensions>
      </trkpt>
      <trkpt lat="30.534586802270688" lon="104.06672626891138">
        <ele>0.0</ele>
        <time>2025-03-14T08:25:25Z</time>
        <extensions>
          <gpxtpx:TrackPointExtension>
            <gpxtpx:hr>122</gpxtpx:hr>
          </gpxtpx:TrackPointExtension>
        </extensions>
      </trkpt>
      <trkpt lat="30.534555322243833" lon="104.06672556451704">
        <ele>0.0</ele>
        <time>2025-03-14T08:25:26Z</time>
        <extensions>
          <gpxtpx:TrackPointExtension>
            <gpxtpx:hr>122</gpxtpx:hr>
          </gpxtpx:TrackPointExtension>
        </extensions>
      </trkpt>
      <trkpt lat="30.53452226281827" lon="104.0667244384665">
        <ele>0.0</ele>
        <time>2025-03-14T08:25:27Z</time>
        <extensions>
          <gpxtpx:TrackPointExtension>
            <gpxtpx:hr>122</gpxtpx:hr>
          </gpxtpx:TrackPointExtension>
        </extensions>
      </trkpt>
      <trkpt lat="30.534489931961083" lon="104.06672276724169">
        <ele>0.0</ele>
        <time>2025-03-14T08:25:28Z</time>
        <extensions>
          <gpxtpx:TrackPointExtension>
            <gpxtpx:hr>124</gpxtpx:hr>
          </gpxtpx:TrackPointExtension>
        </extensions>
      </trkpt>
      <trkpt lat="30.534457274763266" lon="104.06672063307361">
        <ele>0.0</ele>
        <time>2025-03-14T08:25:29Z</time>
        <extensions>
          <gpxtpx:TrackPointExtension>
            <gpxtpx:hr>124</gpxtpx:hr>
          </gpxtpx:TrackPointExtension>
        </extensions>
      </trkpt>
      <trkpt lat="30.53442680402824" lon="104.06671772651119">
        <ele>0.0</ele>
        <time>2025-03-14T08:25:30Z</time>
        <extensions>
          <gpxtpx:TrackPointExtension>
            <gpxtpx:hr>124</gpxtpx:hr>
          </gpxtpx:TrackPointExtension>
        </extensions>
      </trkpt>
      <trkpt lat="30.534395171978684" lon="104.06671359752302">
        <ele>0.0</ele>
        <time>2025-03-14T08:25:31Z</time>
        <extensions>
          <gpxtpx:TrackPointExtension>
            <gpxtpx:hr>124</gpxtpx:hr>
          </gpxtpx:TrackPointExtension>
        </extensions>
      </trkpt>
      <trkpt lat="30.534366008817532" lon="104.06670725381005">
        <ele>0.0</ele>
        <time>2025-03-14T08:25:32Z</time>
        <extensions>
          <gpxtpx:TrackPointExtension>
            <gpxtpx:hr>124</gpxtpx:hr>
          </gpxtpx:TrackPointExtension>
        </extensions>
      </trkpt>
      <trkpt lat="30.534339346716777" lon="104.06669721217662">
        <ele>0.0</ele>
        <time>2025-03-14T08:25:33Z</time>
        <extensions>
          <gpxtpx:TrackPointExtension>
            <gpxtpx:hr>130</gpxtpx:hr>
          </gpxtpx:TrackPointExtension>
        </extensions>
      </trkpt>
      <trkpt lat="30.53431847729166" lon="104.06668237296759">
        <ele>0.0</ele>
        <time>2025-03-14T08:25:34Z</time>
        <extensions>
          <gpxtpx:TrackPointExtension>
            <gpxtpx:hr>130</gpxtpx:hr>
          </gpxtpx:TrackPointExtension>
        </extensions>
      </trkpt>
      <trkpt lat="30.534300346100803" lon="104.0666611173722">
        <ele>0.0</ele>
        <time>2025-03-14T08:25:35Z</time>
        <extensions>
          <gpxtpx:TrackPointExtension>
            <gpxtpx:hr>130</gpxtpx:hr>
          </gpxtpx:TrackPointExtension>
        </extensions>
      </trkpt>
      <trkpt lat="30.534286470896337" lon="104.06663668786078">
        <ele>0.0</ele>
        <time>2025-03-14T08:25:36Z</time>
        <extensions>
          <gpxtpx:TrackPointExtension>
            <gpxtpx:hr>130</gpxtpx:hr>
          </gpxtpx:TrackPointExtension>
        </extensions>
      </trkpt>
      <trkpt lat="30.534274808899845" lon="104.06661051410434">
        <ele>0.0</ele>
        <time>2025-03-14T08:25:37Z</time>
        <extensions>
          <gpxtpx:TrackPointExtension>
            <gpxtpx:hr>130</gpxtpx:hr>
          </gpxtpx:TrackPointExtension>
        </extensions>
      </trkpt>
      <trkpt lat="30.534265554197752" lon="104.06658522971188">
        <ele>0.0</ele>
        <time>2025-03-14T08:25:38Z</time>
        <extensions>
          <gpxtpx:TrackPointExtension>
            <gpxtpx:hr>135</gpxtpx:hr>
          </gpxtpx:TrackPointExtension>
        </extensions>
      </trkpt>
      <trkpt lat="30.534257034996514" lon="104.06655957602295">
        <ele>0.0</ele>
        <time>2025-03-14T08:25:39Z</time>
        <extensions>
          <gpxtpx:TrackPointExtension>
            <gpxtpx:hr>135</gpxtpx:hr>
          </gpxtpx:TrackPointExtension>
        </extensions>
      </trkpt>
      <trkpt lat="30.534249708884044" lon="104.0665340413017">
        <ele>0.0</ele>
        <time>2025-03-14T08:25:40Z</time>
        <extensions>
          <gpxtpx:TrackPointExtension>
            <gpxtpx:hr>135</gpxtpx:hr>
          </gpxtpx:TrackPointExtension>
        </extensions>
      </trkpt>
      <trkpt lat="30.534243719010874" lon="104.06650843988803">
        <ele>0.0</ele>
        <time>2025-03-14T08:25:41Z</time>
        <extensions>
          <gpxtpx:TrackPointExtension>
            <gpxtpx:hr>135</gpxtpx:hr>
          </gpxtpx:TrackPointExtension>
        </extensions>
      </trkpt>
      <trkpt lat="30.53423891066203" lon="104.06648339334693">
        <ele>0.0</ele>
        <time>2025-03-14T08:25:42Z</time>
        <extensions>
          <gpxtpx:TrackPointExtension>
            <gpxtpx:hr>135</gpxtpx:hr>
          </gpxtpx:TrackPointExtension>
        </extensions>
      </trkpt>
      <trkpt lat="30.534234161587364" lon="104.066455149517">
        <ele>0.0</ele>
        <time>2025-03-14T08:25:43Z</time>
        <extensions>
          <gpxtpx:TrackPointExtension>
            <gpxtpx:hr>139</gpxtpx:hr>
          </gpxtpx:TrackPointExtension>
        </extensions>
      </trkpt>
      <trkpt lat="30.53423122854689" lon="104.06642781379398">
        <ele>0.0</ele>
        <time>2025-03-14T08:25:44Z</time>
        <extensions>
          <gpxtpx:TrackPointExtension>
            <gpxtpx:hr>139</gpxtpx:hr>
          </gpxtpx:TrackPointExtension>
        </extensions>
      </trkpt>
      <trkpt lat="30.534229422240188" lon="104.06639625507844">
        <ele>0.0</ele>
        <time>2025-03-14T08:25:45Z</time>
        <extensions>
          <gpxtpx:TrackPointExtension>
            <gpxtpx:hr>139</gpxtpx:hr>
          </gpxtpx:TrackPointExtension>
        </extensions>
      </trkpt>
      <trkpt lat="30.534230511119816" lon="104.06636633795894">
        <ele>0.0</ele>
        <time>2025-03-14T08:25:46Z</time>
        <extensions>
          <gpxtpx:TrackPointExtension>
            <gpxtpx:hr>139</gpxtpx:hr>
          </gpxtpx:TrackPointExtension>
        </extensions>
      </trkpt>
      <trkpt lat="30.53423238368488" lon="104.066333651182">
        <ele>0.0</ele>
        <time>2025-03-14T08:25:47Z</time>
        <extensions>
          <gpxtpx:TrackPointExtension>
            <gpxtpx:hr>139</gpxtpx:hr>
          </gpxtpx:TrackPointExtension>
        </extensions>
      </trkpt>
      <trkpt lat="30.53423457242475" lon="104.06630239043778">
        <ele>0.0</ele>
        <time>2025-03-14T08:25:48Z</time>
        <extensions>
          <gpxtpx:TrackPointExtension>
            <gpxtpx:hr>142</gpxtpx:hr>
          </gpxtpx:TrackPointExtension>
        </extensions>
      </trkpt>
      <trkpt lat="30.53423512699777" lon="104.06626838027817">
        <ele>0.0</ele>
        <time>2025-03-14T08:25:49Z</time>
        <extensions>
          <gpxtpx:TrackPointExtension>
            <gpxtpx:hr>142</gpxtpx:hr>
          </gpxtpx:TrackPointExtension>
        </extensions>
      </trkpt>
      <trkpt lat="30.53423117310191" lon="104.06623333254305">
        <ele>0.0</ele>
        <time>2025-03-14T08:25:50Z</time>
        <extensions>
          <gpxtpx:TrackPointExtension>
            <gpxtpx:hr>142</gpxtpx:hr>
          </gpxtpx:TrackPointExtension>
        </extensions>
      </trkpt>
      <trkpt lat="30.534223520444396" lon="104.06620213999548">
        <ele>0.0</ele>
        <time>2025-03-14T08:25:51Z</time>
        <extensions>
          <gpxtpx:TrackPointExtension>
            <gpxtpx:hr>142</gpxtpx:hr>
          </gpxtpx:TrackPointExtension>
        </extensions>
      </trkpt>
      <trkpt lat="30.534212779364566" lon="104.06617648580776">
        <ele>0.0</ele>
        <time>2025-03-14T08:25:52Z</time>
        <extensions>
          <gpxtpx:TrackPointExtension>
            <gpxtpx:hr>142</gpxtpx:hr>
          </gpxtpx:TrackPointExtension>
        </extensions>
      </trkpt>
      <trkpt lat="30.534200266339536" lon="104.06615236419302">
        <ele>0.0</ele>
        <time>2025-03-14T08:25:53Z</time>
        <extensions>
          <gpxtpx:TrackPointExtension>
            <gpxtpx:hr>143</gpxtpx:hr>
          </gpxtpx:TrackPointExtension>
        </extensions>
      </trkpt>
      <trkpt lat="30.534187251251023" lon="104.06612770422286">
        <ele>0.0</ele>
        <time>2025-03-14T08:25:54Z</time>
        <extensions>
          <gpxtpx:TrackPointExtension>
            <gpxtpx:hr>143</gpxtpx:hr>
          </gpxtpx:TrackPointExtension>
        </extensions>
      </trkpt>
      <trkpt lat="30.534173557929176" lon="104.06610202993002">
        <ele>0.0</ele>
        <time>2025-03-14T08:25:55Z</time>
        <extensions>
          <gpxtpx:TrackPointExtension>
            <gpxtpx:hr>143</gpxtpx:hr>
          </gpxtpx:TrackPointExtension>
        </extensions>
      </trkpt>
      <trkpt lat="30.53416052563188" lon="104.06607792387173">
        <ele>0.0</ele>
        <time>2025-03-14T08:25:56Z</time>
        <extensions>
          <gpxtpx:TrackPointExtension>
            <gpxtpx:hr>143</gpxtpx:hr>
          </gpxtpx:TrackPointExtension>
        </extensions>
      </trkpt>
      <trkpt lat="30.534145596950776" lon="104.06605031109663">
        <ele>0.0</ele>
        <time>2025-03-14T08:25:57Z</time>
        <extensions>
          <gpxtpx:TrackPointExtension>
            <gpxtpx:hr>143</gpxtpx:hr>
          </gpxtpx:TrackPointExtension>
        </extensions>
      </trkpt>
      <trkpt lat="30.534130537565055" lon="104.06602256388211">
        <ele>0.0</ele>
        <time>2025-03-14T08:25:58Z</time>
        <extensions>
          <gpxtpx:TrackPointExtension>
            <gpxtpx:hr>145</gpxtpx:hr>
          </gpxtpx:TrackPointExtension>
        </extensions>
      </trkpt>
      <trkpt lat="30.534115420821987" lon="104.06599464743043">
        <ele>0.0</ele>
        <time>2025-03-14T08:25:59Z</time>
        <extensions>
          <gpxtpx:TrackPointExtension>
            <gpxtpx:hr>145</gpxtpx:hr>
          </gpxtpx:TrackPointExtension>
        </extensions>
      </trkpt>
      <trkpt lat="30.534101178306262" lon="104.06596822575717">
        <ele>0.0</ele>
        <time>2025-03-14T08:26:00Z</time>
        <extensions>
          <gpxtpx:TrackPointExtension>
            <gpxtpx:hr>145</gpxtpx:hr>
          </gpxtpx:TrackPointExtension>
        </extensions>
      </trkpt>
      <trkpt lat="30.5340865798818" lon="104.06594082003224">
        <ele>0.0</ele>
        <time>2025-03-14T08:26:01Z</time>
        <extensions>
          <gpxtpx:TrackPointExtension>
            <gpxtpx:hr>145</gpxtpx:hr>
          </gpxtpx:TrackPointExtension>
        </extensions>
      </trkpt>
      <trkpt lat="30.53407043896205" lon="104.06591015000777">
        <ele>0.0</ele>
        <time>2025-03-14T08:26:02Z</time>
        <extensions>
          <gpxtpx:TrackPointExtension>
            <gpxtpx:hr>145</gpxtpx:hr>
          </gpxtpx:TrackPointExtension>
        </extensions>
      </trkpt>
      <trkpt lat="30.534054605168407" lon="104.06588002084214">
        <ele>0.0</ele>
        <time>2025-03-14T08:26:03Z</time>
        <extensions>
          <gpxtpx:TrackPointExtension>
            <gpxtpx:hr>146</gpxtpx:hr>
          </gpxtpx:TrackPointExtension>
        </extensions>
      </trkpt>
      <trkpt lat="30.534038727615656" lon="104.06584980835764">
        <ele>0.0</ele>
        <time>2025-03-14T08:26:04Z</time>
        <extensions>
          <gpxtpx:TrackPointExtension>
            <gpxtpx:hr>146</gpxtpx:hr>
          </gpxtpx:TrackPointExtension>
        </extensions>
      </trkpt>
      <trkpt lat="30.53402410977973" lon="104.06582203262592">
        <ele>0.0</ele>
        <time>2025-03-14T08:26:05Z</time>
        <extensions>
          <gpxtpx:TrackPointExtension>
            <gpxtpx:hr>146</gpxtpx:hr>
          </gpxtpx:TrackPointExtension>
        </extensions>
      </trkpt>
      <trkpt lat="30.534009330022137" lon="104.06579375948519">
        <ele>0.0</ele>
        <time>2025-03-14T08:26:06Z</time>
        <extensions>
          <gpxtpx:TrackPointExtension>
            <gpxtpx:hr>146</gpxtpx:hr>
          </gpxtpx:TrackPointExtension>
        </extensions>
      </trkpt>
      <trkpt lat="30.533994643148716" lon="104.06576540462036">
        <ele>0.0</ele>
        <time>2025-03-14T08:26:07Z</time>
        <extensions>
          <gpxtpx:TrackPointExtension>
            <gpxtpx:hr>146</gpxtpx:hr>
          </gpxtpx:TrackPointExtension>
        </extensions>
      </trkpt>
      <trkpt lat="30.533979915203986" lon="104.06573663088689">
        <ele>0.0</ele>
        <time>2025-03-14T08:26:08Z</time>
        <extensions>
          <gpxtpx:TrackPointExtension>
            <gpxtpx:hr>147</gpxtpx:hr>
          </gpxtpx:TrackPointExtension>
        </extensions>
      </trkpt>
      <trkpt lat="30.533965172338643" lon="104.06570750834982">
        <ele>0.0</ele>
        <time>2025-03-14T08:26:09Z</time>
        <extensions>
          <gpxtpx:TrackPointExtension>
            <gpxtpx:hr>147</gpxtpx:hr>
          </gpxtpx:TrackPointExtension>
        </extensions>
      </trkpt>
      <trkpt lat="30.533949285647353" lon="104.06567581784368">
        <ele>0.0</ele>
        <time>2025-03-14T08:26:10Z</time>
        <extensions>
          <gpxtpx:TrackPointExtension>
            <gpxtpx:hr>147</gpxtpx:hr>
          </gpxtpx:TrackPointExtension>
        </extensions>
      </trkpt>
      <trkpt lat="30.533933794928124" lon="104.06564471597144">
        <ele>0.0</ele>
        <time>2025-03-14T08:26:11Z</time>
        <extensions>
          <gpxtpx:TrackPointExtension>
            <gpxtpx:hr>147</gpxtpx:hr>
          </gpxtpx:TrackPointExtension>
        </extensions>
      </trkpt>
      <trkpt lat="30.53391860920898" lon="104.06561401108632">
        <ele>0.0</ele>
        <time>2025-03-14T08:26:12Z</time>
        <extensions>
          <gpxtpx:TrackPointExtension>
            <gpxtpx:hr>147</gpxtpx:hr>
          </gpxtpx:TrackPointExtension>
        </extensions>
      </trkpt>
      <trkpt lat="30.533904691311935" lon="104.0655855666708">
        <ele>0.0</ele>
        <time>2025-03-14T08:26:13Z</time>
        <extensions>
          <gpxtpx:TrackPointExtension>
            <gpxtpx:hr>148</gpxtpx:hr>
          </gpxtpx:TrackPointExtension>
        </extensions>
      </trkpt>
      <trkpt lat="30.533890791590142" lon="104.06555677271356">
        <ele>0.0</ele>
        <time>2025-03-14T08:26:14Z</time>
        <extensions>
          <gpxtpx:TrackPointExtension>
            <gpxtpx:hr>148</gpxtpx:hr>
          </gpxtpx:TrackPointExtension>
        </extensions>
      </trkpt>
      <trkpt lat="30.533875888730922" lon="104.06552544220635">
        <ele>0.0</ele>
        <time>2025-03-14T08:26:15Z</time>
        <extensions>
          <gpxtpx:TrackPointExtension>
            <gpxtpx:hr>148</gpxtpx:hr>
          </gpxtpx:TrackPointExtension>
        </extensions>
      </trkpt>
      <trkpt lat="30.533861555218174" lon="104.06549474322638">
        <ele>0.0</ele>
        <time>2025-03-14T08:26:16Z</time>
        <extensions>
          <gpxtpx:TrackPointExtension>
            <gpxtpx:hr>148</gpxtpx:hr>
          </gpxtpx:TrackPointExtension>
        </extensions>
      </trkpt>
      <trkpt lat="30.533847739827273" lon="104.06546463550323">
        <ele>0.0</ele>
        <time>2025-03-14T08:26:17Z</time>
        <extensions>
          <gpxtpx:TrackPointExtension>
            <gpxtpx:hr>148</gpxtpx:hr>
          </gpxtpx:TrackPointExtension>
        </extensions>
      </trkpt>
      <trkpt lat="30.533835228835116" lon="104.06543682564025">
        <ele>0.0</ele>
        <time>2025-03-14T08:26:18Z</time>
        <extensions>
          <gpxtpx:TrackPointExtension>
            <gpxtpx:hr>148</gpxtpx:hr>
          </gpxtpx:TrackPointExtension>
        </extensions>
      </trkpt>
      <trkpt lat="30.53382263560174" lon="104.06540868984014">
        <ele>0.0</ele>
        <time>2025-03-14T08:26:19Z</time>
        <extensions>
          <gpxtpx:TrackPointExtension>
            <gpxtpx:hr>148</gpxtpx:hr>
          </gpxtpx:TrackPointExtension>
        </extensions>
      </trkpt>
      <trkpt lat="30.53380872889741" lon="104.06537788227449">
        <ele>0.0</ele>
        <time>2025-03-14T08:26:20Z</time>
        <extensions>
          <gpxtpx:TrackPointExtension>
            <gpxtpx:hr>148</gpxtpx:hr>
          </gpxtpx:TrackPointExtension>
        </extensions>
      </trkpt>
      <trkpt lat="30.533794898401123" lon="104.06534742137109">
        <ele>0.0</ele>
        <time>2025-03-14T08:26:21Z</time>
        <extensions>
          <gpxtpx:TrackPointExtension>
            <gpxtpx:hr>148</gpxtpx:hr>
          </gpxtpx:TrackPointExtension>
        </extensions>
      </trkpt>
      <trkpt lat="30.53378113586982" lon="104.0653173381546">
        <ele>0.0</ele>
        <time>2025-03-14T08:26:22Z</time>
        <extensions>
          <gpxtpx:TrackPointExtension>
            <gpxtpx:hr>148</gpxtpx:hr>
          </gpxtpx:TrackPointExtension>
        </extensions>
      </trkpt>
      <trkpt lat="30.53376739387338" lon="104.06528755934833">
        <ele>0.0</ele>
        <time>2025-03-14T08:26:23Z</time>
        <extensions>
          <gpxtpx:TrackPointExtension>
            <gpxtpx:hr>148</gpxtpx:hr>
          </gpxtpx:TrackPointExtension>
        </extensions>
      </trkpt>
      <trkpt lat="30.533753929112446" lon="104.06525861971174">
        <ele>0.0</ele>
        <time>2025-03-14T08:26:24Z</time>
        <extensions>
          <gpxtpx:TrackPointExtension>
            <gpxtpx:hr>148</gpxtpx:hr>
          </gpxtpx:TrackPointExtension>
        </extensions>
      </trkpt>
      <trkpt lat="30.533740410715527" lon="104.06522980209739">
        <ele>0.0</ele>
        <time>2025-03-14T08:26:25Z</time>
        <extensions>
          <gpxtpx:TrackPointExtension>
            <gpxtpx:hr>148</gpxtpx:hr>
          </gpxtpx:TrackPointExtension>
        </extensions>
      </trkpt>
      <trkpt lat="30.53372811859919" lon="104.06520369690678">
        <ele>0.0</ele>
        <time>2025-03-14T08:26:26Z</time>
        <extensions>
          <gpxtpx:TrackPointExtension>
            <gpxtpx:hr>148</gpxtpx:hr>
          </gpxtpx:TrackPointExtension>
        </extensions>
      </trkpt>
      <trkpt lat="30.533714494735428" lon="104.06517501638119">
        <ele>0.0</ele>
        <time>2025-03-14T08:26:27Z</time>
        <extensions>
          <gpxtpx:TrackPointExtension>
            <gpxtpx:hr>148</gpxtpx:hr>
          </gpxtpx:TrackPointExtension>
        </extensions>
      </trkpt>
      <trkpt lat="30.533701299125077" lon="104.06514736578556">
        <ele>0.0</ele>
        <time>2025-03-14T08:26:28Z</time>
        <extensions>
          <gpxtpx:TrackPointExtension>
            <gpxtpx:hr>149</gpxtpx:hr>
          </gpxtpx:TrackPointExtension>
        </extensions>
      </trkpt>
      <trkpt lat="30.533688411585477" lon="104.06512048382888">
        <ele>0.0</ele>
        <time>2025-03-14T08:26:29Z</time>
        <extensions>
          <gpxtpx:TrackPointExtension>
            <gpxtpx:hr>149</gpxtpx:hr>
          </gpxtpx:TrackPointExtension>
        </extensions>
      </trkpt>
      <trkpt lat="30.533676617369057" lon="104.06509599541221">
        <ele>0.0</ele>
        <time>2025-03-14T08:26:30Z</time>
        <extensions>
          <gpxtpx:TrackPointExtension>
            <gpxtpx:hr>149</gpxtpx:hr>
          </gpxtpx:TrackPointExtension>
        </extensions>
      </trkpt>
      <trkpt lat="30.533664007014945" lon="104.06506997669014">
        <ele>0.0</ele>
        <time>2025-03-14T08:26:31Z</time>
        <extensions>
          <gpxtpx:TrackPointExtension>
            <gpxtpx:hr>149</gpxtpx:hr>
          </gpxtpx:TrackPointExtension>
        </extensions>
      </trkpt>
      <trkpt lat="30.533649224189613" lon="104.0650398167005">
        <ele>0.0</ele>
        <time>2025-03-14T08:26:32Z</time>
        <extensions>
          <gpxtpx:TrackPointExtension>
            <gpxtpx:hr>149</gpxtpx:hr>
          </gpxtpx:TrackPointExtension>
        </extensions>
      </trkpt>
      <trkpt lat="30.533631073157537" lon="104.06500296450045">
        <ele>0.0</ele>
        <time>2025-03-14T08:26:33Z</time>
        <extensions>
          <gpxtpx:TrackPointExtension>
            <gpxtpx:hr>145</gpxtpx:hr>
          </gpxtpx:TrackPointExtension>
        </extensions>
      </trkpt>
      <trkpt lat="30.533610800712946" lon="104.06496312680021">
        <ele>0.0</ele>
        <time>2025-03-14T08:26:34Z</time>
        <extensions>
          <gpxtpx:TrackPointExtension>
            <gpxtpx:hr>145</gpxtpx:hr>
          </gpxtpx:TrackPointExtension>
        </extensions>
      </trkpt>
      <trkpt lat="30.533590776850453" lon="104.06492430062832">
        <ele>0.0</ele>
        <time>2025-03-14T08:26:35Z</time>
        <extensions>
          <gpxtpx:TrackPointExtension>
            <gpxtpx:hr>145</gpxtpx:hr>
          </gpxtpx:TrackPointExtension>
        </extensions>
      </trkpt>
      <trkpt lat="30.53357215659012" lon="104.06488838008536">
        <ele>0.0</ele>
        <time>2025-03-14T08:26:36Z</time>
        <extensions>
          <gpxtpx:TrackPointExtension>
            <gpxtpx:hr>145</gpxtpx:hr>
          </gpxtpx:TrackPointExtension>
        </extensions>
      </trkpt>
      <trkpt lat="30.53355561442612" lon="104.06485500429106">
        <ele>0.0</ele>
        <time>2025-03-14T08:26:37Z</time>
        <extensions>
          <gpxtpx:TrackPointExtension>
            <gpxtpx:hr>145</gpxtpx:hr>
          </gpxtpx:TrackPointExtension>
        </extensions>
      </trkpt>
      <trkpt lat="30.53354018916515" lon="104.0648227029582">
        <ele>0.0</ele>
        <time>2025-03-14T08:26:38Z</time>
        <extensions>
          <gpxtpx:TrackPointExtension>
            <gpxtpx:hr>148</gpxtpx:hr>
          </gpxtpx:TrackPointExtension>
        </extensions>
      </trkpt>
      <trkpt lat="30.5335263720468" lon="104.06479300458406">
        <ele>0.0</ele>
        <time>2025-03-14T08:26:39Z</time>
        <extensions>
          <gpxtpx:TrackPointExtension>
            <gpxtpx:hr>148</gpxtpx:hr>
          </gpxtpx:TrackPointExtension>
        </extensions>
      </trkpt>
      <trkpt lat="30.53351171475663" lon="104.06476155790982">
        <ele>0.0</ele>
        <time>2025-03-14T08:26:40Z</time>
        <extensions>
          <gpxtpx:TrackPointExtension>
            <gpxtpx:hr>148</gpxtpx:hr>
          </gpxtpx:TrackPointExtension>
        </extensions>
      </trkpt>
      <trkpt lat="30.533496902055383" lon="104.06473024278512">
        <ele>0.0</ele>
        <time>2025-03-14T08:26:41Z</time>
        <extensions>
          <gpxtpx:TrackPointExtension>
            <gpxtpx:hr>148</gpxtpx:hr>
          </gpxtpx:TrackPointExtension>
        </extensions>
      </trkpt>
      <trkpt lat="30.533481593023648" lon="104.0646981871175">
        <ele>0.0</ele>
        <time>2025-03-14T08:26:42Z</time>
        <extensions>
          <gpxtpx:TrackPointExtension>
            <gpxtpx:hr>148</gpxtpx:hr>
          </gpxtpx:TrackPointExtension>
        </extensions>
      </trkpt>
      <trkpt lat="30.533467014030393" lon="104.06466747456514">
        <ele>0.0</ele>
        <time>2025-03-14T08:26:43Z</time>
        <extensions>
          <gpxtpx:TrackPointExtension>
            <gpxtpx:hr>149</gpxtpx:hr>
          </gpxtpx:TrackPointExtension>
        </extensions>
      </trkpt>
      <trkpt lat="30.53345173759827" lon="104.06463470896485">
        <ele>0.0</ele>
        <time>2025-03-14T08:26:44Z</time>
        <extensions>
          <gpxtpx:TrackPointExtension>
            <gpxtpx:hr>149</gpxtpx:hr>
          </gpxtpx:TrackPointExtension>
        </extensions>
      </trkpt>
      <trkpt lat="30.5334368691525" lon="104.06460224890134">
        <ele>0.0</ele>
        <time>2025-03-14T08:26:45Z</time>
        <extensions>
          <gpxtpx:TrackPointExtension>
            <gpxtpx:hr>149</gpxtpx:hr>
          </gpxtpx:TrackPointExtension>
        </extensions>
      </trkpt>
      <trkpt lat="30.533421888781707" lon="104.06456960884292">
        <ele>0.0</ele>
        <time>2025-03-14T08:26:46Z</time>
        <extensions>
          <gpxtpx:TrackPointExtension>
            <gpxtpx:hr>149</gpxtpx:hr>
          </gpxtpx:TrackPointExtension>
        </extensions>
      </trkpt>
      <trkpt lat="30.53340739985426" lon="104.06453786315582">
        <ele>0.0</ele>
        <time>2025-03-14T08:26:47Z</time>
        <extensions>
          <gpxtpx:TrackPointExtension>
            <gpxtpx:hr>149</gpxtpx:hr>
          </gpxtpx:TrackPointExtension>
        </extensions>
      </trkpt>
      <trkpt lat="30.533392509286696" lon="104.06450560041547">
        <ele>0.0</ele>
        <time>2025-03-14T08:26:48Z</time>
        <extensions>
          <gpxtpx:TrackPointExtension>
            <gpxtpx:hr>151</gpxtpx:hr>
          </gpxtpx:TrackPointExtension>
        </extensions>
      </trkpt>
      <trkpt lat="30.5333769012783" lon="104.06447121065618">
        <ele>0.0</ele>
        <time>2025-03-14T08:26:49Z</time>
        <extensions>
          <gpxtpx:TrackPointExtension>
            <gpxtpx:hr>151</gpxtpx:hr>
          </gpxtpx:TrackPointExtension>
        </extensions>
      </trkpt>
      <trkpt lat="30.53336135852477" lon="104.06443726984772">
        <ele>0.0</ele>
        <time>2025-03-14T08:26:50Z</time>
        <extensions>
          <gpxtpx:TrackPointExtension>
            <gpxtpx:hr>151</gpxtpx:hr>
          </gpxtpx:TrackPointExtension>
        </extensions>
      </trkpt>
      <trkpt lat="30.533345561927742" lon="104.06440321112093">
        <ele>0.0</ele>
        <time>2025-03-14T08:26:51Z</time>
        <extensions>
          <gpxtpx:TrackPointExtension>
            <gpxtpx:hr>151</gpxtpx:hr>
          </gpxtpx:TrackPointExtension>
        </extensions>
      </trkpt>
      <trkpt lat="30.533330264727677" lon="104.06437121093253">
        <ele>0.0</ele>
        <time>2025-03-14T08:26:52Z</time>
        <extensions>
          <gpxtpx:TrackPointExtension>
            <gpxtpx:hr>151</gpxtpx:hr>
          </gpxtpx:TrackPointExtension>
        </extensions>
      </trkpt>
      <trkpt lat="30.53331407722568" lon="104.0643374015394">
        <ele>0.0</ele>
        <time>2025-03-14T08:26:53Z</time>
        <extensions>
          <gpxtpx:TrackPointExtension>
            <gpxtpx:hr>152</gpxtpx:hr>
          </gpxtpx:TrackPointExtension>
        </extensions>
      </trkpt>
      <trkpt lat="30.533298445023984" lon="104.0643044156311">
        <ele>0.0</ele>
        <time>2025-03-14T08:26:54Z</time>
        <extensions>
          <gpxtpx:TrackPointExtension>
            <gpxtpx:hr>152</gpxtpx:hr>
          </gpxtpx:TrackPointExtension>
        </extensions>
      </trkpt>
      <trkpt lat="30.533283016021553" lon="104.06427150400849">
        <ele>0.0</ele>
        <time>2025-03-14T08:26:55Z</time>
        <extensions>
          <gpxtpx:TrackPointExtension>
            <gpxtpx:hr>152</gpxtpx:hr>
          </gpxtpx:TrackPointExtension>
        </extensions>
      </trkpt>
      <trkpt lat="30.5332686535977" lon="104.06424029808628">
        <ele>0.0</ele>
        <time>2025-03-14T08:26:56Z</time>
        <extensions>
          <gpxtpx:TrackPointExtension>
            <gpxtpx:hr>152</gpxtpx:hr>
          </gpxtpx:TrackPointExtension>
        </extensions>
      </trkpt>
      <trkpt lat="30.533254234379076" lon="104.06420820131204">
        <ele>0.0</ele>
        <time>2025-03-14T08:26:57Z</time>
        <extensions>
          <gpxtpx:TrackPointExtension>
            <gpxtpx:hr>152</gpxtpx:hr>
          </gpxtpx:TrackPointExtension>
        </extensions>
      </trkpt>
      <trkpt lat="30.533240003251528" lon="104.06417612845749">
        <ele>0.0</ele>
        <time>2025-03-14T08:26:58Z</time>
        <extensions>
          <gpxtpx:TrackPointExtension>
            <gpxtpx:hr>154</gpxtpx:hr>
          </gpxtpx:TrackPointExtension>
        </extensions>
      </trkpt>
      <trkpt lat="30.53322579790592" lon="104.0641440760626">
        <ele>0.0</ele>
        <time>2025-03-14T08:26:59Z</time>
        <extensions>
          <gpxtpx:TrackPointExtension>
            <gpxtpx:hr>154</gpxtpx:hr>
          </gpxtpx:TrackPointExtension>
        </extensions>
      </trkpt>
      <trkpt lat="30.53321085785269" lon="104.064110848249">
        <ele>0.0</ele>
        <time>2025-03-14T08:27:00Z</time>
        <extensions>
          <gpxtpx:TrackPointExtension>
            <gpxtpx:hr>154</gpxtpx:hr>
          </gpxtpx:TrackPointExtension>
        </extensions>
      </trkpt>
      <trkpt lat="30.53319636777249" lon="104.06407827991976">
        <ele>0.0</ele>
        <time>2025-03-14T08:27:01Z</time>
        <extensions>
          <gpxtpx:TrackPointExtension>
            <gpxtpx:hr>154</gpxtpx:hr>
          </gpxtpx:TrackPointExtension>
        </extensions>
      </trkpt>
      <trkpt lat="30.53318218245986" lon="104.06404610652356">
        <ele>0.0</ele>
        <time>2025-03-14T08:27:02Z</time>
        <extensions>
          <gpxtpx:TrackPointExtension>
            <gpxtpx:hr>154</gpxtpx:hr>
          </gpxtpx:TrackPointExtension>
        </extensions>
      </trkpt>
      <trkpt lat="30.53316922393919" lon="104.06401606871607">
        <ele>0.0</ele>
        <time>2025-03-14T08:27:03Z</time>
        <extensions>
          <gpxtpx:TrackPointExtension>
            <gpxtpx:hr>154</gpxtpx:hr>
          </gpxtpx:TrackPointExtension>
        </extensions>
      </trkpt>
      <trkpt lat="30.533155127119727" lon="104.06398358572757">
        <ele>0.0</ele>
        <time>2025-03-14T08:27:04Z</time>
        <extensions>
          <gpxtpx:TrackPointExtension>
            <gpxtpx:hr>154</gpxtpx:hr>
          </gpxtpx:TrackPointExtension>
        </extensions>
      </trkpt>
      <trkpt lat="30.53314058676682" lon="104.06395114378708">
        <ele>0.0</ele>
        <time>2025-03-14T08:27:05Z</time>
        <extensions>
          <gpxtpx:TrackPointExtension>
            <gpxtpx:hr>154</gpxtpx:hr>
          </gpxtpx:TrackPointExtension>
        </extensions>
      </trkpt>
      <trkpt lat="30.533125479836368" lon="104.06391804771901">
        <ele>0.0</ele>
        <time>2025-03-14T08:27:06Z</time>
        <extensions>
          <gpxtpx:TrackPointExtension>
            <gpxtpx:hr>154</gpxtpx:hr>
          </gpxtpx:TrackPointExtension>
        </extensions>
      </trkpt>
      <trkpt lat="30.53311131208525" lon="104.06388648343395">
        <ele>0.0</ele>
        <time>2025-03-14T08:27:07Z</time>
        <extensions>
          <gpxtpx:TrackPointExtension>
            <gpxtpx:hr>154</gpxtpx:hr>
          </gpxtpx:TrackPointExtension>
        </extensions>
      </trkpt>
      <trkpt lat="30.53309795583586" lon="104.0638543562928">
        <ele>0.0</ele>
        <time>2025-03-14T08:27:08Z</time>
        <extensions>
          <gpxtpx:TrackPointExtension>
            <gpxtpx:hr>156</gpxtpx:hr>
          </gpxtpx:TrackPointExtension>
        </extensions>
      </trkpt>
      <trkpt lat="30.533084724387347" lon="104.06382020936041">
        <ele>0.0</ele>
        <time>2025-03-14T08:27:09Z</time>
        <extensions>
          <gpxtpx:TrackPointExtension>
            <gpxtpx:hr>156</gpxtpx:hr>
          </gpxtpx:TrackPointExtension>
        </extensions>
      </trkpt>
      <trkpt lat="30.533071828162697" lon="104.06378621253586">
        <ele>0.0</ele>
        <time>2025-03-14T08:27:10Z</time>
        <extensions>
          <gpxtpx:TrackPointExtension>
            <gpxtpx:hr>156</gpxtpx:hr>
          </gpxtpx:TrackPointExtension>
        </extensions>
      </trkpt>
      <trkpt lat="30.53305865113455" lon="104.06375231838122">
        <ele>0.0</ele>
        <time>2025-03-14T08:27:11Z</time>
        <extensions>
          <gpxtpx:TrackPointExtension>
            <gpxtpx:hr>156</gpxtpx:hr>
          </gpxtpx:TrackPointExtension>
        </extensions>
      </trkpt>
      <trkpt lat="30.533045377987694" lon="104.06371981982281">
        <ele>0.0</ele>
        <time>2025-03-14T08:27:12Z</time>
        <extensions>
          <gpxtpx:TrackPointExtension>
            <gpxtpx:hr>156</gpxtpx:hr>
          </gpxtpx:TrackPointExtension>
        </extensions>
      </trkpt>
      <trkpt lat="30.533031002454294" lon="104.06368696692516">
        <ele>0.0</ele>
        <time>2025-03-14T08:27:13Z</time>
        <extensions>
          <gpxtpx:TrackPointExtension>
            <gpxtpx:hr>156</gpxtpx:hr>
          </gpxtpx:TrackPointExtension>
        </extensions>
      </trkpt>
      <trkpt lat="30.53301530842122" lon="104.06365395111386">
        <ele>0.0</ele>
        <time>2025-03-14T08:27:14Z</time>
        <extensions>
          <gpxtpx:TrackPointExtension>
            <gpxtpx:hr>156</gpxtpx:hr>
          </gpxtpx:TrackPointExtension>
        </extensions>
      </trkpt>
      <trkpt lat="30.532998980170966" lon="104.06362192152625">
        <ele>0.0</ele>
        <time>2025-03-14T08:27:15Z</time>
        <extensions>
          <gpxtpx:TrackPointExtension>
            <gpxtpx:hr>156</gpxtpx:hr>
          </gpxtpx:TrackPointExtension>
        </extensions>
      </trkpt>
      <trkpt lat="30.53298193888534" lon="104.06358970620069">
        <ele>0.0</ele>
        <time>2025-03-14T08:27:16Z</time>
        <extensions>
          <gpxtpx:TrackPointExtension>
            <gpxtpx:hr>156</gpxtpx:hr>
          </gpxtpx:TrackPointExtension>
        </extensions>
      </trkpt>
      <trkpt lat="30.532966234025654" lon="104.0635599019457">
        <ele>0.0</ele>
        <time>2025-03-14T08:27:17Z</time>
        <extensions>
          <gpxtpx:TrackPointExtension>
            <gpxtpx:hr>156</gpxtpx:hr>
          </gpxtpx:TrackPointExtension>
        </extensions>
      </trkpt>
      <trkpt lat="30.532953364945726" lon="104.06353397782256">
        <ele>0.0</ele>
        <time>2025-03-14T08:27:18Z</time>
        <extensions>
          <gpxtpx:TrackPointExtension>
            <gpxtpx:hr>155</gpxtpx:hr>
          </gpxtpx:TrackPointExtension>
        </extensions>
      </trkpt>
      <trkpt lat="30.5329433049634" lon="104.06351258386451">
        <ele>0.0</ele>
        <time>2025-03-14T08:27:19Z</time>
        <extensions>
          <gpxtpx:TrackPointExtension>
            <gpxtpx:hr>155</gpxtpx:hr>
          </gpxtpx:TrackPointExtension>
        </extensions>
      </trkpt>
      <trkpt lat="30.532934827080993" lon="104.06349397006306">
        <ele>0.0</ele>
        <time>2025-03-14T08:27:20Z</time>
        <extensions>
          <gpxtpx:TrackPointExtension>
            <gpxtpx:hr>155</gpxtpx:hr>
          </gpxtpx:TrackPointExtension>
        </extensions>
      </trkpt>
      <trkpt lat="30.532926338966373" lon="104.0634765121518">
        <ele>0.0</ele>
        <time>2025-03-14T08:27:21Z</time>
        <extensions>
          <gpxtpx:TrackPointExtension>
            <gpxtpx:hr>155</gpxtpx:hr>
          </gpxtpx:TrackPointExtension>
        </extensions>
      </trkpt>
      <trkpt lat="30.532918610189892" lon="104.06346060375958">
        <ele>0.0</ele>
        <time>2025-03-14T08:27:22Z</time>
        <extensions>
          <gpxtpx:TrackPointExtension>
            <gpxtpx:hr>155</gpxtpx:hr>
          </gpxtpx:TrackPointExtension>
        </extensions>
      </trkpt>
      <trkpt lat="30.532910814443078" lon="104.06344517470166">
        <ele>0.0</ele>
        <time>2025-03-14T08:27:23Z</time>
        <extensions>
          <gpxtpx:TrackPointExtension>
            <gpxtpx:hr>153</gpxtpx:hr>
          </gpxtpx:TrackPointExtension>
        </extensions>
      </trkpt>
      <trkpt lat="30.532902533983446" lon="104.06342966043748">
        <ele>0.0</ele>
        <time>2025-03-14T08:27:24Z</time>
        <extensions>
          <gpxtpx:TrackPointExtension>
            <gpxtpx:hr>153</gpxtpx:hr>
          </gpxtpx:TrackPointExtension>
        </extensions>
      </trkpt>
      <trkpt lat="30.532894479827927" lon="104.0634151730983">
        <ele>0.0</ele>
        <time>2025-03-14T08:27:25Z</time>
        <extensions>
          <gpxtpx:TrackPointExtension>
            <gpxtpx:hr>153</gpxtpx:hr>
          </gpxtpx:TrackPointExtension>
        </extensions>
      </trkpt>
      <trkpt lat="30.53288616803452" lon="104.0634004708746">
        <ele>0.0</ele>
        <time>2025-03-14T08:27:26Z</time>
        <extensions>
          <gpxtpx:TrackPointExtension>
            <gpxtpx:hr>153</gpxtpx:hr>
          </gpxtpx:TrackPointExtension>
        </extensions>
      </trkpt>
      <trkpt lat="30.53287806288245" lon="104.06338622593688">
        <ele>0.0</ele>
        <time>2025-03-14T08:27:27Z</time>
        <extensions>
          <gpxtpx:TrackPointExtension>
            <gpxtpx:hr>153</gpxtpx:hr>
          </gpxtpx:TrackPointExtension>
        </extensions>
      </trkpt>
      <trkpt lat="30.53287011334593" lon="104.0633710220786">
        <ele>0.0</ele>
        <time>2025-03-14T08:27:28Z</time>
        <extensions>
          <gpxtpx:TrackPointExtension>
            <gpxtpx:hr>151</gpxtpx:hr>
          </gpxtpx:TrackPointExtension>
        </extensions>
      </trkpt>
      <trkpt lat="30.53286292890337" lon="104.06335576157305">
        <ele>0.0</ele>
        <time>2025-03-14T08:27:29Z</time>
        <extensions>
          <gpxtpx:TrackPointExtension>
            <gpxtpx:hr>151</gpxtpx:hr>
          </gpxtpx:TrackPointExtension>
        </extensions>
      </trkpt>
      <trkpt lat="30.532856385627024" lon="104.06333970051607">
        <ele>0.0</ele>
        <time>2025-03-14T08:27:30Z</time>
        <extensions>
          <gpxtpx:TrackPointExtension>
            <gpxtpx:hr>151</gpxtpx:hr>
          </gpxtpx:TrackPointExtension>
        </extensions>
      </trkpt>
      <trkpt lat="30.5328496339216" lon="104.06332278956647">
        <ele>0.0</ele>
        <time>2025-03-14T08:27:31Z</time>
        <extensions>
          <gpxtpx:TrackPointExtension>
            <gpxtpx:hr>151</gpxtpx:hr>
          </gpxtpx:TrackPointExtension>
        </extensions>
      </trkpt>
      <trkpt lat="30.53284299307022" lon="104.06330541918095">
        <ele>0.0</ele>
        <time>2025-03-14T08:27:32Z</time>
        <extensions>
          <gpxtpx:TrackPointExtension>
            <gpxtpx:hr>151</gpxtpx:hr>
          </gpxtpx:TrackPointExtension>
        </extensions>
      </trkpt>
      <trkpt lat="30.532835949788833" lon="104.06328752849335">
        <ele>0.0</ele>
        <time>2025-03-14T08:27:33Z</time>
        <extensions>
          <gpxtpx:TrackPointExtension>
            <gpxtpx:hr>150</gpxtpx:hr>
          </gpxtpx:TrackPointExtension>
        </extensions>
      </trkpt>
      <trkpt lat="30.53282829165798" lon="104.06326926727279">
        <ele>0.0</ele>
        <time>2025-03-14T08:27:34Z</time>
        <extensions>
          <gpxtpx:TrackPointExtension>
            <gpxtpx:hr>150</gpxtpx:hr>
          </gpxtpx:TrackPointExtension>
        </extensions>
      </trkpt>
      <trkpt lat="30.532819707195323" lon="104.06324991616133">
        <ele>0.0</ele>
        <time>2025-03-14T08:27:35Z</time>
        <extensions>
          <gpxtpx:TrackPointExtension>
            <gpxtpx:hr>150</gpxtpx:hr>
          </gpxtpx:TrackPointExtension>
        </extensions>
      </trkpt>
      <trkpt lat="30.53281165689036" lon="104.06323226028856">
        <ele>0.0</ele>
        <time>2025-03-14T08:27:36Z</time>
        <extensions>
          <gpxtpx:TrackPointExtension>
            <gpxtpx:hr>150</gpxtpx:hr>
          </gpxtpx:TrackPointExtension>
        </extensions>
      </trkpt>
      <trkpt lat="30.53280519542321" lon="104.06321812396128">
        <ele>0.0</ele>
        <time>2025-03-14T08:27:37Z</time>
        <extensions>
          <gpxtpx:TrackPointExtension>
            <gpxtpx:hr>150</gpxtpx:hr>
          </gpxtpx:TrackPointExtension>
        </extensions>
      </trkpt>
      <trkpt lat="30.532799338059363" lon="104.06320569856436">
        <ele>0.0</ele>
        <time>2025-03-14T08:27:38Z</time>
        <extensions>
          <gpxtpx:TrackPointExtension>
            <gpxtpx:hr>147</gpxtpx:hr>
          </gpxtpx:TrackPointExtension>
        </extensions>
      </trkpt>
      <trkpt lat="30.53279308676109" lon="104.06319238645487">
        <ele>0.0</ele>
        <time>2025-03-14T08:27:39Z</time>
        <extensions>
          <gpxtpx:TrackPointExtension>
            <gpxtpx:hr>147</gpxtpx:hr>
          </gpxtpx:TrackPointExtension>
        </extensions>
      </trkpt>
      <trkpt lat="30.532785514792245" lon="104.06317633286902">
        <ele>0.0</ele>
        <time>2025-03-14T08:27:40Z</time>
        <extensions>
          <gpxtpx:TrackPointExtension>
            <gpxtpx:hr>147</gpxtpx:hr>
          </gpxtpx:TrackPointExtension>
        </extensions>
      </trkpt>
      <trkpt lat="30.532777900410707" lon="104.0631600996691">
        <ele>0.0</ele>
        <time>2025-03-14T08:27:41Z</time>
        <extensions>
          <gpxtpx:TrackPointExtension>
            <gpxtpx:hr>147</gpxtpx:hr>
          </gpxtpx:TrackPointExtension>
        </extensions>
      </trkpt>
      <trkpt lat="30.53277031009871" lon="104.0631437756657">
        <ele>0.0</ele>
        <time>2025-03-14T08:27:42Z</time>
        <extensions>
          <gpxtpx:TrackPointExtension>
            <gpxtpx:hr>147</gpxtpx:hr>
          </gpxtpx:TrackPointExtension>
        </extensions>
      </trkpt>
      <trkpt lat="30.532762784082777" lon="104.06312741755039">
        <ele>0.0</ele>
        <time>2025-03-14T08:27:43Z</time>
        <extensions>
          <gpxtpx:TrackPointExtension>
            <gpxtpx:hr>147</gpxtpx:hr>
          </gpxtpx:TrackPointExtension>
        </extensions>
      </trkpt>
      <trkpt lat="30.532755513994076" lon="104.0631114098329">
        <ele>0.0</ele>
        <time>2025-03-14T08:27:44Z</time>
        <extensions>
          <gpxtpx:TrackPointExtension>
            <gpxtpx:hr>147</gpxtpx:hr>
          </gpxtpx:TrackPointExtension>
        </extensions>
      </trkpt>
      <trkpt lat="30.532748420348646" lon="104.0630956036203">
        <ele>0.0</ele>
        <time>2025-03-14T08:27:45Z</time>
        <extensions>
          <gpxtpx:TrackPointExtension>
            <gpxtpx:hr>147</gpxtpx:hr>
          </gpxtpx:TrackPointExtension>
        </extensions>
      </trkpt>
      <trkpt lat="30.53274245935066" lon="104.06308197800297">
        <ele>0.0</ele>
        <time>2025-03-14T08:27:46Z</time>
        <extensions>
          <gpxtpx:TrackPointExtension>
            <gpxtpx:hr>147</gpxtpx:hr>
          </gpxtpx:TrackPointExtension>
        </extensions>
      </trkpt>
      <trkpt lat="30.532736198534337" lon="104.0630677491221">
        <ele>0.0</ele>
        <time>2025-03-14T08:27:47Z</time>
        <extensions>
          <gpxtpx:TrackPointExtension>
            <gpxtpx:hr>147</gpxtpx:hr>
          </gpxtpx:TrackPointExtension>
        </extensions>
      </trkpt>
      <trkpt lat="30.53272967646631" lon="104.06305311603975">
        <ele>0.0</ele>
        <time>2025-03-14T08:27:48Z</time>
        <extensions>
          <gpxtpx:TrackPointExtension>
            <gpxtpx:hr>147</gpxtpx:hr>
          </gpxtpx:TrackPointExtension>
        </extensions>
      </trkpt>
      <trkpt lat="30.532721890462902" lon="104.06303614029441">
        <ele>0.0</ele>
        <time>2025-03-14T08:27:49Z</time>
        <extensions>
          <gpxtpx:TrackPointExtension>
            <gpxtpx:hr>147</gpxtpx:hr>
          </gpxtpx:TrackPointExtension>
        </extensions>
      </trkpt>
      <trkpt lat="30.53271405572492" lon="104.06301932164617">
        <ele>0.0</ele>
        <time>2025-03-14T08:27:50Z</time>
        <extensions>
          <gpxtpx:TrackPointExtension>
            <gpxtpx:hr>147</gpxtpx:hr>
          </gpxtpx:TrackPointExtension>
        </extensions>
      </trkpt>
      <trkpt lat="30.53270613997752" lon="104.06300263951728">
        <ele>0.0</ele>
        <time>2025-03-14T08:27:51Z</time>
        <extensions>
          <gpxtpx:TrackPointExtension>
            <gpxtpx:hr>147</gpxtpx:hr>
          </gpxtpx:TrackPointExtension>
        </extensions>
      </trkpt>
      <trkpt lat="30.53269815724562" lon="104.06298613076999">
        <ele>0.0</ele>
        <time>2025-03-14T08:27:52Z</time>
        <extensions>
          <gpxtpx:TrackPointExtension>
            <gpxtpx:hr>147</gpxtpx:hr>
          </gpxtpx:TrackPointExtension>
        </extensions>
      </trkpt>
      <trkpt lat="30.532690102780517" lon="104.06296977974446">
        <ele>0.0</ele>
        <time>2025-03-14T08:27:53Z</time>
        <extensions>
          <gpxtpx:TrackPointExtension>
            <gpxtpx:hr>147</gpxtpx:hr>
          </gpxtpx:TrackPointExtension>
        </extensions>
      </trkpt>
      <trkpt lat="30.53268215120712" lon="104.06295389863821">
        <ele>0.0</ele>
        <time>2025-03-14T08:27:54Z</time>
        <extensions>
          <gpxtpx:TrackPointExtension>
            <gpxtpx:hr>147</gpxtpx:hr>
          </gpxtpx:TrackPointExtension>
        </extensions>
      </trkpt>
      <trkpt lat="30.532674218559773" lon="104.06293828253003">
        <ele>0.0</ele>
        <time>2025-03-14T08:27:55Z</time>
        <extensions>
          <gpxtpx:TrackPointExtension>
            <gpxtpx:hr>147</gpxtpx:hr>
          </gpxtpx:TrackPointExtension>
        </extensions>
      </trkpt>
      <trkpt lat="30.532667314731142" lon="104.06292487914139">
        <ele>0.0</ele>
        <time>2025-03-14T08:27:56Z</time>
        <extensions>
          <gpxtpx:TrackPointExtension>
            <gpxtpx:hr>147</gpxtpx:hr>
          </gpxtpx:TrackPointExtension>
        </extensions>
      </trkpt>
      <trkpt lat="30.532660087633985" lon="104.06291090266814">
        <ele>0.0</ele>
        <time>2025-03-14T08:27:57Z</time>
        <extensions>
          <gpxtpx:TrackPointExtension>
            <gpxtpx:hr>147</gpxtpx:hr>
          </gpxtpx:TrackPointExtension>
        </extensions>
      </trkpt>
      <trkpt lat="30.53265258822894" lon="104.06289639115938">
        <ele>0.0</ele>
        <time>2025-03-14T08:27:58Z</time>
        <extensions>
          <gpxtpx:TrackPointExtension>
            <gpxtpx:hr>154</gpxtpx:hr>
          </gpxtpx:TrackPointExtension>
        </extensions>
      </trkpt>
      <trkpt lat="30.532643953060003" lon="104.06287957339534">
        <ele>0.0</ele>
        <time>2025-03-14T08:27:59Z</time>
        <extensions>
          <gpxtpx:TrackPointExtension>
            <gpxtpx:hr>154</gpxtpx:hr>
          </gpxtpx:TrackPointExtension>
        </extensions>
      </trkpt>
      <trkpt lat="30.532635417076342" lon="104.06286290400541">
        <ele>0.0</ele>
        <time>2025-03-14T08:28:00Z</time>
        <extensions>
          <gpxtpx:TrackPointExtension>
            <gpxtpx:hr>154</gpxtpx:hr>
          </gpxtpx:TrackPointExtension>
        </extensions>
      </trkpt>
      <trkpt lat="30.532627036658106" lon="104.06284647951148">
        <ele>0.0</ele>
        <time>2025-03-14T08:28:01Z</time>
        <extensions>
          <gpxtpx:TrackPointExtension>
            <gpxtpx:hr>154</gpxtpx:hr>
          </gpxtpx:TrackPointExtension>
        </extensions>
      </trkpt>
      <trkpt lat="30.532618700179018" lon="104.0628300887462">
        <ele>0.0</ele>
        <time>2025-03-14T08:28:02Z</time>
        <extensions>
          <gpxtpx:TrackPointExtension>
            <gpxtpx:hr>154</gpxtpx:hr>
          </gpxtpx:TrackPointExtension>
        </extensions>
      </trkpt>
      <trkpt lat="30.532610398368792" lon="104.06281371835168">
        <ele>0.0</ele>
        <time>2025-03-14T08:28:03Z</time>
        <extensions>
          <gpxtpx:TrackPointExtension>
            <gpxtpx:hr>160</gpxtpx:hr>
          </gpxtpx:TrackPointExtension>
        </extensions>
      </trkpt>
      <trkpt lat="30.532602128321898" lon="104.06279736032984">
        <ele>0.0</ele>
        <time>2025-03-14T08:28:04Z</time>
        <extensions>
          <gpxtpx:TrackPointExtension>
            <gpxtpx:hr>160</gpxtpx:hr>
          </gpxtpx:TrackPointExtension>
        </extensions>
      </trkpt>
      <trkpt lat="30.532593935453384" lon="104.06278108414237">
        <ele>0.0</ele>
        <time>2025-03-14T08:28:05Z</time>
        <extensions>
          <gpxtpx:TrackPointExtension>
            <gpxtpx:hr>160</gpxtpx:hr>
          </gpxtpx:TrackPointExtension>
        </extensions>
      </trkpt>
      <trkpt lat="30.53258584557339" lon="104.06276490811733">
        <ele>0.0</ele>
        <time>2025-03-14T08:28:06Z</time>
        <extensions>
          <gpxtpx:TrackPointExtension>
            <gpxtpx:hr>160</gpxtpx:hr>
          </gpxtpx:TrackPointExtension>
        </extensions>
      </trkpt>
      <trkpt lat="30.532577979185373" lon="104.06274921139504">
        <ele>0.0</ele>
        <time>2025-03-14T08:28:07Z</time>
        <extensions>
          <gpxtpx:TrackPointExtension>
            <gpxtpx:hr>160</gpxtpx:hr>
          </gpxtpx:TrackPointExtension>
        </extensions>
      </trkpt>
      <trkpt lat="30.53257017664493" lon="104.06273384840765">
        <ele>0.0</ele>
        <time>2025-03-14T08:28:08Z</time>
        <extensions>
          <gpxtpx:TrackPointExtension>
            <gpxtpx:hr>160</gpxtpx:hr>
          </gpxtpx:TrackPointExtension>
        </extensions>
      </trkpt>
      <trkpt lat="30.532563355606484" lon="104.0627208492677">
        <ele>0.0</ele>
        <time>2025-03-14T08:28:09Z</time>
        <extensions>
          <gpxtpx:TrackPointExtension>
            <gpxtpx:hr>160</gpxtpx:hr>
          </gpxtpx:TrackPointExtension>
        </extensions>
      </trkpt>
      <trkpt lat="30.532556118986825" lon="104.0627074594752">
        <ele>0.0</ele>
        <time>2025-03-14T08:28:10Z</time>
        <extensions>
          <gpxtpx:TrackPointExtension>
            <gpxtpx:hr>160</gpxtpx:hr>
          </gpxtpx:TrackPointExtension>
        </extensions>
      </trkpt>
      <trkpt lat="30.53254861574156" lon="104.06269386091031">
        <ele>0.0</ele>
        <time>2025-03-14T08:28:11Z</time>
        <extensions>
          <gpxtpx:TrackPointExtension>
            <gpxtpx:hr>160</gpxtpx:hr>
          </gpxtpx:TrackPointExtension>
        </extensions>
      </trkpt>
      <trkpt lat="30.5325399325651" lon="104.06267807826427">
        <ele>0.0</ele>
        <time>2025-03-14T08:28:12Z</time>
        <extensions>
          <gpxtpx:TrackPointExtension>
            <gpxtpx:hr>160</gpxtpx:hr>
          </gpxtpx:TrackPointExtension>
        </extensions>
      </trkpt>
      <trkpt lat="30.532531398030383" lon="104.06266254284988">
        <ele>0.0</ele>
        <time>2025-03-14T08:28:13Z</time>
        <extensions>
          <gpxtpx:TrackPointExtension>
            <gpxtpx:hr>159</gpxtpx:hr>
          </gpxtpx:TrackPointExtension>
        </extensions>
      </trkpt>
      <trkpt lat="30.53252305419348" lon="104.06264719157383">
        <ele>0.0</ele>
        <time>2025-03-14T08:28:14Z</time>
        <extensions>
          <gpxtpx:TrackPointExtension>
            <gpxtpx:hr>159</gpxtpx:hr>
          </gpxtpx:TrackPointExtension>
        </extensions>
      </trkpt>
      <trkpt lat="30.532514911337948" lon="104.0626319799359">
        <ele>0.0</ele>
        <time>2025-03-14T08:28:15Z</time>
        <extensions>
          <gpxtpx:TrackPointExtension>
            <gpxtpx:hr>159</gpxtpx:hr>
          </gpxtpx:TrackPointExtension>
        </extensions>
      </trkpt>
      <trkpt lat="30.532506891227573" lon="104.06261681933276">
        <ele>0.0</ele>
        <time>2025-03-14T08:28:16Z</time>
        <extensions>
          <gpxtpx:TrackPointExtension>
            <gpxtpx:hr>159</gpxtpx:hr>
          </gpxtpx:TrackPointExtension>
        </extensions>
      </trkpt>
      <trkpt lat="30.53249889951981" lon="104.06260163740315">
        <ele>0.0</ele>
        <time>2025-03-14T08:28:17Z</time>
        <extensions>
          <gpxtpx:TrackPointExtension>
            <gpxtpx:hr>159</gpxtpx:hr>
          </gpxtpx:TrackPointExtension>
        </extensions>
      </trkpt>
      <trkpt lat="30.532490709333004" lon="104.06258609843456">
        <ele>0.0</ele>
        <time>2025-03-14T08:28:18Z</time>
        <extensions>
          <gpxtpx:TrackPointExtension>
            <gpxtpx:hr>158</gpxtpx:hr>
          </gpxtpx:TrackPointExtension>
        </extensions>
      </trkpt>
      <trkpt lat="30.532482277468343" lon="104.06257009929726">
        <ele>0.0</ele>
        <time>2025-03-14T08:28:19Z</time>
        <extensions>
          <gpxtpx:TrackPointExtension>
            <gpxtpx:hr>158</gpxtpx:hr>
          </gpxtpx:TrackPointExtension>
        </extensions>
      </trkpt>
      <trkpt lat="30.53247260085392" lon="104.06255195223056">
        <ele>0.0</ele>
        <time>2025-03-14T08:28:20Z</time>
        <extensions>
          <gpxtpx:TrackPointExtension>
            <gpxtpx:hr>158</gpxtpx:hr>
          </gpxtpx:TrackPointExtension>
        </extensions>
      </trkpt>
      <trkpt lat="30.532462276394888" lon="104.06253258760506">
        <ele>0.0</ele>
        <time>2025-03-14T08:28:21Z</time>
        <extensions>
          <gpxtpx:TrackPointExtension>
            <gpxtpx:hr>158</gpxtpx:hr>
          </gpxtpx:TrackPointExtension>
        </extensions>
      </trkpt>
      <trkpt lat="30.53245244986298" lon="104.0625142352287">
        <ele>0.0</ele>
        <time>2025-03-14T08:28:22Z</time>
        <extensions>
          <gpxtpx:TrackPointExtension>
            <gpxtpx:hr>158</gpxtpx:hr>
          </gpxtpx:TrackPointExtension>
        </extensions>
      </trkpt>
      <trkpt lat="30.532443262544287" lon="104.06249645471478">
        <ele>0.0</ele>
        <time>2025-03-14T08:28:23Z</time>
        <extensions>
          <gpxtpx:TrackPointExtension>
            <gpxtpx:hr>156</gpxtpx:hr>
          </gpxtpx:TrackPointExtension>
        </extensions>
      </trkpt>
      <trkpt lat="30.53243477833934" lon="104.0624796330579">
        <ele>0.0</ele>
        <time>2025-03-14T08:28:24Z</time>
        <extensions>
          <gpxtpx:TrackPointExtension>
            <gpxtpx:hr>156</gpxtpx:hr>
          </gpxtpx:TrackPointExtension>
        </extensions>
      </trkpt>
      <trkpt lat="30.53242546963224" lon="104.06246167483384">
        <ele>0.0</ele>
        <time>2025-03-14T08:28:25Z</time>
        <extensions>
          <gpxtpx:TrackPointExtension>
            <gpxtpx:hr>156</gpxtpx:hr>
          </gpxtpx:TrackPointExtension>
        </extensions>
      </trkpt>
      <trkpt lat="30.532415745270985" lon="104.0624438370617">
        <ele>0.0</ele>
        <time>2025-03-14T08:28:26Z</time>
        <extensions>
          <gpxtpx:TrackPointExtension>
            <gpxtpx:hr>156</gpxtpx:hr>
          </gpxtpx:TrackPointExtension>
        </extensions>
      </trkpt>
      <trkpt lat="30.532406183750826" lon="104.06242733002827">
        <ele>0.0</ele>
        <time>2025-03-14T08:28:27Z</time>
        <extensions>
          <gpxtpx:TrackPointExtension>
            <gpxtpx:hr>156</gpxtpx:hr>
          </gpxtpx:TrackPointExtension>
        </extensions>
      </trkpt>
      <trkpt lat="30.53239707189318" lon="104.06241183770099">
        <ele>0.0</ele>
        <time>2025-03-14T08:28:28Z</time>
        <extensions>
          <gpxtpx:TrackPointExtension>
            <gpxtpx:hr>153</gpxtpx:hr>
          </gpxtpx:TrackPointExtension>
        </extensions>
      </trkpt>
      <trkpt lat="30.532388844347828" lon="104.0623981499952">
        <ele>0.0</ele>
        <time>2025-03-14T08:28:29Z</time>
        <extensions>
          <gpxtpx:TrackPointExtension>
            <gpxtpx:hr>153</gpxtpx:hr>
          </gpxtpx:TrackPointExtension>
        </extensions>
      </trkpt>
      <trkpt lat="30.532380415799146" lon="104.06238394910571">
        <ele>0.0</ele>
        <time>2025-03-14T08:28:30Z</time>
        <extensions>
          <gpxtpx:TrackPointExtension>
            <gpxtpx:hr>153</gpxtpx:hr>
          </gpxtpx:TrackPointExtension>
        </extensions>
      </trkpt>
      <trkpt lat="30.532371950583823" lon="104.0623695377547">
        <ele>0.0</ele>
        <time>2025-03-14T08:28:31Z</time>
        <extensions>
          <gpxtpx:TrackPointExtension>
            <gpxtpx:hr>153</gpxtpx:hr>
          </gpxtpx:TrackPointExtension>
        </extensions>
      </trkpt>
      <trkpt lat="30.532363516956348" lon="104.06235494842315">
        <ele>0.0</ele>
        <time>2025-03-14T08:28:32Z</time>
        <extensions>
          <gpxtpx:TrackPointExtension>
            <gpxtpx:hr>153</gpxtpx:hr>
          </gpxtpx:TrackPointExtension>
        </extensions>
      </trkpt>
      <trkpt lat="30.53235534523382" lon="104.06234050829035">
        <ele>0.0</ele>
        <time>2025-03-14T08:28:33Z</time>
        <extensions>
          <gpxtpx:TrackPointExtension>
            <gpxtpx:hr>150</gpxtpx:hr>
          </gpxtpx:TrackPointExtension>
        </extensions>
      </trkpt>
      <trkpt lat="30.532347332468706" lon="104.06232603794122">
        <ele>0.0</ele>
        <time>2025-03-14T08:28:34Z</time>
        <extensions>
          <gpxtpx:TrackPointExtension>
            <gpxtpx:hr>150</gpxtpx:hr>
          </gpxtpx:TrackPointExtension>
        </extensions>
      </trkpt>
      <trkpt lat="30.532340616633483" lon="104.06231338784757">
        <ele>0.0</ele>
        <time>2025-03-14T08:28:35Z</time>
        <extensions>
          <gpxtpx:TrackPointExtension>
            <gpxtpx:hr>150</gpxtpx:hr>
          </gpxtpx:TrackPointExtension>
        </extensions>
      </trkpt>
      <trkpt lat="30.532333519437305" lon="104.06229998116886">
        <ele>0.0</ele>
        <time>2025-03-14T08:28:36Z</time>
        <extensions>
          <gpxtpx:TrackPointExtension>
            <gpxtpx:hr>150</gpxtpx:hr>
          </gpxtpx:TrackPointExtension>
        </extensions>
      </trkpt>
      <trkpt lat="30.53232615118067" lon="104.06228601837063">
        <ele>0.0</ele>
        <time>2025-03-14T08:28:37Z</time>
        <extensions>
          <gpxtpx:TrackPointExtension>
            <gpxtpx:hr>150</gpxtpx:hr>
          </gpxtpx:TrackPointExtension>
        </extensions>
      </trkpt>
      <trkpt lat="30.532317369069325" lon="104.06226973079904">
        <ele>0.0</ele>
        <time>2025-03-14T08:28:38Z</time>
        <extensions>
          <gpxtpx:TrackPointExtension>
            <gpxtpx:hr>147</gpxtpx:hr>
          </gpxtpx:TrackPointExtension>
        </extensions>
      </trkpt>
      <trkpt lat="30.532308667412586" lon="104.06225347670728">
        <ele>0.0</ele>
        <time>2025-03-14T08:28:39Z</time>
        <extensions>
          <gpxtpx:TrackPointExtension>
            <gpxtpx:hr>147</gpxtpx:hr>
          </gpxtpx:TrackPointExtension>
        </extensions>
      </trkpt>
      <trkpt lat="30.532300043480387" lon="104.0622372740846">
        <ele>0.0</ele>
        <time>2025-03-14T08:28:40Z</time>
        <extensions>
          <gpxtpx:TrackPointExtension>
            <gpxtpx:hr>147</gpxtpx:hr>
          </gpxtpx:TrackPointExtension>
        </extensions>
      </trkpt>
      <trkpt lat="30.53229148250689" lon="104.06222115199931">
        <ele>0.0</ele>
        <time>2025-03-14T08:28:41Z</time>
        <extensions>
          <gpxtpx:TrackPointExtension>
            <gpxtpx:hr>147</gpxtpx:hr>
          </gpxtpx:TrackPointExtension>
        </extensions>
      </trkpt>
      <trkpt lat="30.53228297140304" lon="104.06220511641624">
        <ele>0.0</ele>
        <time>2025-03-14T08:28:42Z</time>
        <extensions>
          <gpxtpx:TrackPointExtension>
            <gpxtpx:hr>147</gpxtpx:hr>
          </gpxtpx:TrackPointExtension>
        </extensions>
      </trkpt>
      <trkpt lat="30.53227450534599" lon="104.06218916300485">
        <ele>0.0</ele>
        <time>2025-03-14T08:28:43Z</time>
        <extensions>
          <gpxtpx:TrackPointExtension>
            <gpxtpx:hr>146</gpxtpx:hr>
          </gpxtpx:TrackPointExtension>
        </extensions>
      </trkpt>
      <trkpt lat="30.53226606784904" lon="104.06217325499803">
        <ele>0.0</ele>
        <time>2025-03-14T08:28:44Z</time>
        <extensions>
          <gpxtpx:TrackPointExtension>
            <gpxtpx:hr>146</gpxtpx:hr>
          </gpxtpx:TrackPointExtension>
        </extensions>
      </trkpt>
      <trkpt lat="30.53225768622898" lon="104.06215740428233">
        <ele>0.0</ele>
        <time>2025-03-14T08:28:45Z</time>
        <extensions>
          <gpxtpx:TrackPointExtension>
            <gpxtpx:hr>146</gpxtpx:hr>
          </gpxtpx:TrackPointExtension>
        </extensions>
      </trkpt>
      <trkpt lat="30.532249278533733" lon="104.06214147928625">
        <ele>0.0</ele>
        <time>2025-03-14T08:28:46Z</time>
        <extensions>
          <gpxtpx:TrackPointExtension>
            <gpxtpx:hr>146</gpxtpx:hr>
          </gpxtpx:TrackPointExtension>
        </extensions>
      </trkpt>
      <trkpt lat="30.532241001802568" lon="104.06212572276006">
        <ele>0.0</ele>
        <time>2025-03-14T08:28:47Z</time>
        <extensions>
          <gpxtpx:TrackPointExtension>
            <gpxtpx:hr>146</gpxtpx:hr>
          </gpxtpx:TrackPointExtension>
        </extensions>
      </trkpt>
      <trkpt lat="30.532232843066783" lon="104.06211010670839">
        <ele>0.0</ele>
        <time>2025-03-14T08:28:48Z</time>
        <extensions>
          <gpxtpx:TrackPointExtension>
            <gpxtpx:hr>146</gpxtpx:hr>
          </gpxtpx:TrackPointExtension>
        </extensions>
      </trkpt>
      <trkpt lat="30.532225092860696" lon="104.06209503620991">
        <ele>0.0</ele>
        <time>2025-03-14T08:28:49Z</time>
        <extensions>
          <gpxtpx:TrackPointExtension>
            <gpxtpx:hr>146</gpxtpx:hr>
          </gpxtpx:TrackPointExtension>
        </extensions>
      </trkpt>
      <trkpt lat="30.53221750584304" lon="104.06208011871179">
        <ele>0.0</ele>
        <time>2025-03-14T08:28:50Z</time>
        <extensions>
          <gpxtpx:TrackPointExtension>
            <gpxtpx:hr>146</gpxtpx:hr>
          </gpxtpx:TrackPointExtension>
        </extensions>
      </trkpt>
      <trkpt lat="30.53221126560876" lon="104.06206717727181">
        <ele>0.0</ele>
        <time>2025-03-14T08:28:51Z</time>
        <extensions>
          <gpxtpx:TrackPointExtension>
            <gpxtpx:hr>146</gpxtpx:hr>
          </gpxtpx:TrackPointExtension>
        </extensions>
      </trkpt>
      <trkpt lat="30.532204584781876" lon="104.06205354492461">
        <ele>0.0</ele>
        <time>2025-03-14T08:28:52Z</time>
        <extensions>
          <gpxtpx:TrackPointExtension>
            <gpxtpx:hr>146</gpxtpx:hr>
          </gpxtpx:TrackPointExtension>
        </extensions>
      </trkpt>
      <trkpt lat="30.53219770109377" lon="104.06203959130924">
        <ele>0.0</ele>
        <time>2025-03-14T08:28:53Z</time>
        <extensions>
          <gpxtpx:TrackPointExtension>
            <gpxtpx:hr>144</gpxtpx:hr>
          </gpxtpx:TrackPointExtension>
        </extensions>
      </trkpt>
      <trkpt lat="30.532189424802784" lon="104.06202351614274">
        <ele>0.0</ele>
        <time>2025-03-14T08:28:54Z</time>
        <extensions>
          <gpxtpx:TrackPointExtension>
            <gpxtpx:hr>144</gpxtpx:hr>
          </gpxtpx:TrackPointExtension>
        </extensions>
      </trkpt>
      <trkpt lat="30.53218133480777" lon="104.06200771389575">
        <ele>0.0</ele>
        <time>2025-03-14T08:28:55Z</time>
        <extensions>
          <gpxtpx:TrackPointExtension>
            <gpxtpx:hr>144</gpxtpx:hr>
          </gpxtpx:TrackPointExtension>
        </extensions>
      </trkpt>
      <trkpt lat="30.532173279403036" lon="104.06199199062708">
        <ele>0.0</ele>
        <time>2025-03-14T08:28:56Z</time>
        <extensions>
          <gpxtpx:TrackPointExtension>
            <gpxtpx:hr>144</gpxtpx:hr>
          </gpxtpx:TrackPointExtension>
        </extensions>
      </trkpt>
      <trkpt lat="30.532165218340953" lon="104.06197631721314">
        <ele>0.0</ele>
        <time>2025-03-14T08:28:57Z</time>
        <extensions>
          <gpxtpx:TrackPointExtension>
            <gpxtpx:hr>144</gpxtpx:hr>
          </gpxtpx:TrackPointExtension>
        </extensions>
      </trkpt>
      <trkpt lat="30.53215711661919" lon="104.06196070464989">
        <ele>0.0</ele>
        <time>2025-03-14T08:28:58Z</time>
        <extensions>
          <gpxtpx:TrackPointExtension>
            <gpxtpx:hr>148</gpxtpx:hr>
          </gpxtpx:TrackPointExtension>
        </extensions>
      </trkpt>
      <trkpt lat="30.53214885024745" lon="104.06194502574965">
        <ele>0.0</ele>
        <time>2025-03-14T08:28:59Z</time>
        <extensions>
          <gpxtpx:TrackPointExtension>
            <gpxtpx:hr>148</gpxtpx:hr>
          </gpxtpx:TrackPointExtension>
        </extensions>
      </trkpt>
      <trkpt lat="30.532140485209542" lon="104.06192947944986">
        <ele>0.0</ele>
        <time>2025-03-14T08:29:00Z</time>
        <extensions>
          <gpxtpx:TrackPointExtension>
            <gpxtpx:hr>148</gpxtpx:hr>
          </gpxtpx:TrackPointExtension>
        </extensions>
      </trkpt>
      <trkpt lat="30.532131924008915" lon="104.06191405043373">
        <ele>0.0</ele>
        <time>2025-03-14T08:29:01Z</time>
        <extensions>
          <gpxtpx:TrackPointExtension>
            <gpxtpx:hr>148</gpxtpx:hr>
          </gpxtpx:TrackPointExtension>
        </extensions>
      </trkpt>
      <trkpt lat="30.53212317696144" lon="104.06189888369018">
        <ele>0.0</ele>
        <time>2025-03-14T08:29:02Z</time>
        <extensions>
          <gpxtpx:TrackPointExtension>
            <gpxtpx:hr>148</gpxtpx:hr>
          </gpxtpx:TrackPointExtension>
        </extensions>
      </trkpt>
      <trkpt lat="30.532113975237856" lon="104.0618836935662">
        <ele>0.0</ele>
        <time>2025-03-14T08:29:03Z</time>
        <extensions>
          <gpxtpx:TrackPointExtension>
            <gpxtpx:hr>148</gpxtpx:hr>
          </gpxtpx:TrackPointExtension>
        </extensions>
      </trkpt>
      <trkpt lat="30.53210441096978" lon="104.06186867781551">
        <ele>0.0</ele>
        <time>2025-03-14T08:29:04Z</time>
        <extensions>
          <gpxtpx:TrackPointExtension>
            <gpxtpx:hr>148</gpxtpx:hr>
          </gpxtpx:TrackPointExtension>
        </extensions>
      </trkpt>
      <trkpt lat="30.532094505276344" lon="104.06185386078435">
        <ele>0.0</ele>
        <time>2025-03-14T08:29:05Z</time>
        <extensions>
          <gpxtpx:TrackPointExtension>
            <gpxtpx:hr>148</gpxtpx:hr>
          </gpxtpx:TrackPointExtension>
        </extensions>
      </trkpt>
      <trkpt lat="30.53208437810012" lon="104.06183936878118">
        <ele>0.0</ele>
        <time>2025-03-14T08:29:06Z</time>
        <extensions>
          <gpxtpx:TrackPointExtension>
            <gpxtpx:hr>148</gpxtpx:hr>
          </gpxtpx:TrackPointExtension>
        </extensions>
      </trkpt>
      <trkpt lat="30.532073989242768" lon="104.06182506654338">
        <ele>0.0</ele>
        <time>2025-03-14T08:29:07Z</time>
        <extensions>
          <gpxtpx:TrackPointExtension>
            <gpxtpx:hr>148</gpxtpx:hr>
          </gpxtpx:TrackPointExtension>
        </extensions>
      </trkpt>
      <trkpt lat="30.532063281566455" lon="104.06181084272541">
        <ele>0.0</ele>
        <time>2025-03-14T08:29:08Z</time>
        <extensions>
          <gpxtpx:TrackPointExtension>
            <gpxtpx:hr>149</gpxtpx:hr>
          </gpxtpx:TrackPointExtension>
        </extensions>
      </trkpt>
      <trkpt lat="30.53205240412919" lon="104.06179688517739">
        <ele>0.0</ele>
        <time>2025-03-14T08:29:09Z</time>
        <extensions>
          <gpxtpx:TrackPointExtension>
            <gpxtpx:hr>149</gpxtpx:hr>
          </gpxtpx:TrackPointExtension>
        </extensions>
      </trkpt>
      <trkpt lat="30.532041349553683" lon="104.0617831620425">
        <ele>0.0</ele>
        <time>2025-03-14T08:29:10Z</time>
        <extensions>
          <gpxtpx:TrackPointExtension>
            <gpxtpx:hr>149</gpxtpx:hr>
          </gpxtpx:TrackPointExtension>
        </extensions>
      </trkpt>
      <trkpt lat="30.532030207030413" lon="104.06176976895573">
        <ele>0.0</ele>
        <time>2025-03-14T08:29:11Z</time>
        <extensions>
          <gpxtpx:TrackPointExtension>
            <gpxtpx:hr>149</gpxtpx:hr>
          </gpxtpx:TrackPointExtension>
        </extensions>
      </trkpt>
      <trkpt lat="30.532018875530902" lon="104.06175650154694">
        <ele>0.0</ele>
        <time>2025-03-14T08:29:12Z</time>
        <extensions>
          <gpxtpx:TrackPointExtension>
            <gpxtpx:hr>149</gpxtpx:hr>
          </gpxtpx:TrackPointExtension>
        </extensions>
      </trkpt>
      <trkpt lat="30.532007381059902" lon="104.06174334318216">
        <ele>0.0</ele>
        <time>2025-03-14T08:29:13Z</time>
        <extensions>
          <gpxtpx:TrackPointExtension>
            <gpxtpx:hr>149</gpxtpx:hr>
          </gpxtpx:TrackPointExtension>
        </extensions>
      </trkpt>
      <trkpt lat="30.531995744540538" lon="104.06173027970607">
        <ele>0.0</ele>
        <time>2025-03-14T08:29:14Z</time>
        <extensions>
          <gpxtpx:TrackPointExtension>
            <gpxtpx:hr>149</gpxtpx:hr>
          </gpxtpx:TrackPointExtension>
        </extensions>
      </trkpt>
      <trkpt lat="30.5319839994008" lon="104.0617173321344">
        <ele>0.0</ele>
        <time>2025-03-14T08:29:15Z</time>
        <extensions>
          <gpxtpx:TrackPointExtension>
            <gpxtpx:hr>149</gpxtpx:hr>
          </gpxtpx:TrackPointExtension>
        </extensions>
      </trkpt>
      <trkpt lat="30.531972168661632" lon="104.06170448280218">
        <ele>0.0</ele>
        <time>2025-03-14T08:29:16Z</time>
        <extensions>
          <gpxtpx:TrackPointExtension>
            <gpxtpx:hr>149</gpxtpx:hr>
          </gpxtpx:TrackPointExtension>
        </extensions>
      </trkpt>
      <trkpt lat="30.531960290908028" lon="104.06169174942225">
        <ele>0.0</ele>
        <time>2025-03-14T08:29:17Z</time>
        <extensions>
          <gpxtpx:TrackPointExtension>
            <gpxtpx:hr>149</gpxtpx:hr>
          </gpxtpx:TrackPointExtension>
        </extensions>
      </trkpt>
      <trkpt lat="30.531948273871944" lon="104.06167898621723">
        <ele>0.0</ele>
        <time>2025-03-14T08:29:18Z</time>
        <extensions>
          <gpxtpx:TrackPointExtension>
            <gpxtpx:hr>145</gpxtpx:hr>
          </gpxtpx:TrackPointExtension>
        </extensions>
      </trkpt>
      <trkpt lat="30.531936245879926" lon="104.06166636769463">
        <ele>0.0</ele>
        <time>2025-03-14T08:29:19Z</time>
        <extensions>
          <gpxtpx:TrackPointExtension>
            <gpxtpx:hr>145</gpxtpx:hr>
          </gpxtpx:TrackPointExtension>
        </extensions>
      </trkpt>
      <trkpt lat="30.531924143668526" lon="104.06165376781834">
        <ele>0.0</ele>
        <time>2025-03-14T08:29:20Z</time>
        <extensions>
          <gpxtpx:TrackPointExtension>
            <gpxtpx:hr>145</gpxtpx:hr>
          </gpxtpx:TrackPointExtension>
        </extensions>
      </trkpt>
      <trkpt lat="30.53191212072706" lon="104.06164133959534">
        <ele>0.0</ele>
        <time>2025-03-14T08:29:21Z</time>
        <extensions>
          <gpxtpx:TrackPointExtension>
            <gpxtpx:hr>145</gpxtpx:hr>
          </gpxtpx:TrackPointExtension>
        </extensions>
      </trkpt>
      <trkpt lat="30.531900186910104" lon="104.06162906336104">
        <ele>0.0</ele>
        <time>2025-03-14T08:29:22Z</time>
        <extensions>
          <gpxtpx:TrackPointExtension>
            <gpxtpx:hr>145</gpxtpx:hr>
          </gpxtpx:TrackPointExtension>
        </extensions>
      </trkpt>
      <trkpt lat="30.53188841315934" lon="104.06161702918925">
        <ele>0.0</ele>
        <time>2025-03-14T08:29:23Z</time>
        <extensions>
          <gpxtpx:TrackPointExtension>
            <gpxtpx:hr>145</gpxtpx:hr>
          </gpxtpx:TrackPointExtension>
        </extensions>
      </trkpt>
      <trkpt lat="30.53187675705829" lon="104.06160519789208">
        <ele>0.0</ele>
        <time>2025-03-14T08:29:24Z</time>
        <extensions>
          <gpxtpx:TrackPointExtension>
            <gpxtpx:hr>145</gpxtpx:hr>
          </gpxtpx:TrackPointExtension>
        </extensions>
      </trkpt>
      <trkpt lat="30.53186507534545" lon="104.06159341340096">
        <ele>0.0</ele>
        <time>2025-03-14T08:29:25Z</time>
        <extensions>
          <gpxtpx:TrackPointExtension>
            <gpxtpx:hr>145</gpxtpx:hr>
          </gpxtpx:TrackPointExtension>
        </extensions>
      </trkpt>
      <trkpt lat="30.531853320479556" lon="104.06158163472647">
        <ele>0.0</ele>
        <time>2025-03-14T08:29:26Z</time>
        <extensions>
          <gpxtpx:TrackPointExtension>
            <gpxtpx:hr>145</gpxtpx:hr>
          </gpxtpx:TrackPointExtension>
        </extensions>
      </trkpt>
      <trkpt lat="30.531841495932746" lon="104.06156984498148">
        <ele>0.0</ele>
        <time>2025-03-14T08:29:27Z</time>
        <extensions>
          <gpxtpx:TrackPointExtension>
            <gpxtpx:hr>145</gpxtpx:hr>
          </gpxtpx:TrackPointExtension>
        </extensions>
      </trkpt>
      <trkpt lat="30.53182951516853" lon="104.06155787683365">
        <ele>0.0</ele>
        <time>2025-03-14T08:29:28Z</time>
        <extensions>
          <gpxtpx:TrackPointExtension>
            <gpxtpx:hr>146</gpxtpx:hr>
          </gpxtpx:TrackPointExtension>
        </extensions>
      </trkpt>
      <trkpt lat="30.53181756088443" lon="104.06154590644601">
        <ele>0.0</ele>
        <time>2025-03-14T08:29:29Z</time>
        <extensions>
          <gpxtpx:TrackPointExtension>
            <gpxtpx:hr>146</gpxtpx:hr>
          </gpxtpx:TrackPointExtension>
        </extensions>
      </trkpt>
      <trkpt lat="30.531805547974233" lon="104.06153377305097">
        <ele>0.0</ele>
        <time>2025-03-14T08:29:30Z</time>
        <extensions>
          <gpxtpx:TrackPointExtension>
            <gpxtpx:hr>146</gpxtpx:hr>
          </gpxtpx:TrackPointExtension>
        </extensions>
      </trkpt>
      <trkpt lat="30.53179374410196" lon="104.06152179346627">
        <ele>0.0</ele>
        <time>2025-03-14T08:29:31Z</time>
        <extensions>
          <gpxtpx:TrackPointExtension>
            <gpxtpx:hr>146</gpxtpx:hr>
          </gpxtpx:TrackPointExtension>
        </extensions>
      </trkpt>
      <trkpt lat="30.531781943238787" lon="104.06150973394628">
        <ele>0.0</ele>
        <time>2025-03-14T08:29:32Z</time>
        <extensions>
          <gpxtpx:TrackPointExtension>
            <gpxtpx:hr>146</gpxtpx:hr>
          </gpxtpx:TrackPointExtension>
        </extensions>
      </trkpt>
      <trkpt lat="30.531770375847067" lon="104.06149796872346">
        <ele>0.0</ele>
        <time>2025-03-14T08:29:33Z</time>
        <extensions>
          <gpxtpx:TrackPointExtension>
            <gpxtpx:hr>145</gpxtpx:hr>
          </gpxtpx:TrackPointExtension>
        </extensions>
      </trkpt>
      <trkpt lat="30.53175902931937" lon="104.06148653795161">
        <ele>0.0</ele>
        <time>2025-03-14T08:29:34Z</time>
        <extensions>
          <gpxtpx:TrackPointExtension>
            <gpxtpx:hr>145</gpxtpx:hr>
          </gpxtpx:TrackPointExtension>
        </extensions>
      </trkpt>
      <trkpt lat="30.531747983679434" lon="104.06147560489919">
        <ele>0.0</ele>
        <time>2025-03-14T08:29:35Z</time>
        <extensions>
          <gpxtpx:TrackPointExtension>
            <gpxtpx:hr>145</gpxtpx:hr>
          </gpxtpx:TrackPointExtension>
        </extensions>
      </trkpt>
      <trkpt lat="30.531738419821952" lon="104.06146664048508">
        <ele>0.0</ele>
        <time>2025-03-14T08:29:36Z</time>
        <extensions>
          <gpxtpx:TrackPointExtension>
            <gpxtpx:hr>145</gpxtpx:hr>
          </gpxtpx:TrackPointExtension>
        </extensions>
      </trkpt>
      <trkpt lat="30.53172855423032" lon="104.0614574169144">
        <ele>0.0</ele>
        <time>2025-03-14T08:29:37Z</time>
        <extensions>
          <gpxtpx:TrackPointExtension>
            <gpxtpx:hr>145</gpxtpx:hr>
          </gpxtpx:TrackPointExtension>
        </extensions>
      </trkpt>
      <trkpt lat="30.531718317837356" lon="104.06144779560518">
        <ele>0.0</ele>
        <time>2025-03-14T08:29:38Z</time>
        <extensions>
          <gpxtpx:TrackPointExtension>
            <gpxtpx:hr>146</gpxtpx:hr>
          </gpxtpx:TrackPointExtension>
        </extensions>
      </trkpt>
      <trkpt lat="30.531706536608805" lon="104.06143629283905">
        <ele>0.0</ele>
        <time>2025-03-14T08:29:39Z</time>
        <extensions>
          <gpxtpx:TrackPointExtension>
            <gpxtpx:hr>146</gpxtpx:hr>
          </gpxtpx:TrackPointExtension>
        </extensions>
      </trkpt>
      <trkpt lat="30.531694625985118" lon="104.06142488873608">
        <ele>0.0</ele>
        <time>2025-03-14T08:29:40Z</time>
        <extensions>
          <gpxtpx:TrackPointExtension>
            <gpxtpx:hr>146</gpxtpx:hr>
          </gpxtpx:TrackPointExtension>
        </extensions>
      </trkpt>
      <trkpt lat="30.531682630161914" lon="104.06141374851927">
        <ele>0.0</ele>
        <time>2025-03-14T08:29:41Z</time>
        <extensions>
          <gpxtpx:TrackPointExtension>
            <gpxtpx:hr>146</gpxtpx:hr>
          </gpxtpx:TrackPointExtension>
        </extensions>
      </trkpt>
      <trkpt lat="30.53166875930572" lon="104.0614022173126">
        <ele>0.0</ele>
        <time>2025-03-14T08:29:42Z</time>
        <extensions>
          <gpxtpx:TrackPointExtension>
            <gpxtpx:hr>146</gpxtpx:hr>
          </gpxtpx:TrackPointExtension>
        </extensions>
      </trkpt>
      <trkpt lat="30.531654177355158" lon="104.0613912378012">
        <ele>0.0</ele>
        <time>2025-03-14T08:29:43Z</time>
        <extensions>
          <gpxtpx:TrackPointExtension>
            <gpxtpx:hr>145</gpxtpx:hr>
          </gpxtpx:TrackPointExtension>
        </extensions>
      </trkpt>
      <trkpt lat="30.531639203049032" lon="104.06138081159153">
        <ele>0.0</ele>
        <time>2025-03-14T08:29:44Z</time>
        <extensions>
          <gpxtpx:TrackPointExtension>
            <gpxtpx:hr>145</gpxtpx:hr>
          </gpxtpx:TrackPointExtension>
        </extensions>
      </trkpt>
      <trkpt lat="30.531625469925896" lon="104.06137155151829">
        <ele>0.0</ele>
        <time>2025-03-14T08:29:45Z</time>
        <extensions>
          <gpxtpx:TrackPointExtension>
            <gpxtpx:hr>145</gpxtpx:hr>
          </gpxtpx:TrackPointExtension>
        </extensions>
      </trkpt>
      <trkpt lat="30.53161181675442" lon="104.06136276815836">
        <ele>0.0</ele>
        <time>2025-03-14T08:29:46Z</time>
        <extensions>
          <gpxtpx:TrackPointExtension>
            <gpxtpx:hr>145</gpxtpx:hr>
          </gpxtpx:TrackPointExtension>
        </extensions>
      </trkpt>
      <trkpt lat="30.531597926869544" lon="104.06135453917153">
        <ele>0.0</ele>
        <time>2025-03-14T08:29:47Z</time>
        <extensions>
          <gpxtpx:TrackPointExtension>
            <gpxtpx:hr>145</gpxtpx:hr>
          </gpxtpx:TrackPointExtension>
        </extensions>
      </trkpt>
      <trkpt lat="30.53158369880671" lon="104.061346648895">
        <ele>0.0</ele>
        <time>2025-03-14T08:29:48Z</time>
        <extensions>
          <gpxtpx:TrackPointExtension>
            <gpxtpx:hr>142</gpxtpx:hr>
          </gpxtpx:TrackPointExtension>
        </extensions>
      </trkpt>
      <trkpt lat="30.53156936488576" lon="104.06133911531214">
        <ele>0.0</ele>
        <time>2025-03-14T08:29:49Z</time>
        <extensions>
          <gpxtpx:TrackPointExtension>
            <gpxtpx:hr>142</gpxtpx:hr>
          </gpxtpx:TrackPointExtension>
        </extensions>
      </trkpt>
      <trkpt lat="30.531554843473767" lon="104.06133184385081">
        <ele>0.0</ele>
        <time>2025-03-14T08:29:50Z</time>
        <extensions>
          <gpxtpx:TrackPointExtension>
            <gpxtpx:hr>142</gpxtpx:hr>
          </gpxtpx:TrackPointExtension>
        </extensions>
      </trkpt>
      <trkpt lat="30.53154017468879" lon="104.06132487943898">
        <ele>0.0</ele>
        <time>2025-03-14T08:29:51Z</time>
        <extensions>
          <gpxtpx:TrackPointExtension>
            <gpxtpx:hr>142</gpxtpx:hr>
          </gpxtpx:TrackPointExtension>
        </extensions>
      </trkpt>
      <trkpt lat="30.5315255194932" lon="104.06131825549718">
        <ele>0.0</ele>
        <time>2025-03-14T08:29:52Z</time>
        <extensions>
          <gpxtpx:TrackPointExtension>
            <gpxtpx:hr>142</gpxtpx:hr>
          </gpxtpx:TrackPointExtension>
        </extensions>
      </trkpt>
      <trkpt lat="30.531510784197607" lon="104.06131176229093">
        <ele>0.0</ele>
        <time>2025-03-14T08:29:53Z</time>
        <extensions>
          <gpxtpx:TrackPointExtension>
            <gpxtpx:hr>143</gpxtpx:hr>
          </gpxtpx:TrackPointExtension>
        </extensions>
      </trkpt>
      <trkpt lat="30.53149743914218" lon="104.06130587230636">
        <ele>0.0</ele>
        <time>2025-03-14T08:29:54Z</time>
        <extensions>
          <gpxtpx:TrackPointExtension>
            <gpxtpx:hr>143</gpxtpx:hr>
          </gpxtpx:TrackPointExtension>
        </extensions>
      </trkpt>
      <trkpt lat="30.53148375840112" lon="104.06129970203233">
        <ele>0.0</ele>
        <time>2025-03-14T08:29:55Z</time>
        <extensions>
          <gpxtpx:TrackPointExtension>
            <gpxtpx:hr>143</gpxtpx:hr>
          </gpxtpx:TrackPointExtension>
        </extensions>
      </trkpt>
      <trkpt lat="30.53147037985869" lon="104.06129337882237">
        <ele>0.0</ele>
        <time>2025-03-14T08:29:56Z</time>
        <extensions>
          <gpxtpx:TrackPointExtension>
            <gpxtpx:hr>143</gpxtpx:hr>
          </gpxtpx:TrackPointExtension>
        </extensions>
      </trkpt>
      <trkpt lat="30.531455968468624" lon="104.06128654994444">
        <ele>0.0</ele>
        <time>2025-03-14T08:29:57Z</time>
        <extensions>
          <gpxtpx:TrackPointExtension>
            <gpxtpx:hr>143</gpxtpx:hr>
          </gpxtpx:TrackPointExtension>
        </extensions>
      </trkpt>
      <trkpt lat="30.53144229152371" lon="104.06127976662208">
        <ele>0.0</ele>
        <time>2025-03-14T08:29:58Z</time>
        <extensions>
          <gpxtpx:TrackPointExtension>
            <gpxtpx:hr>145</gpxtpx:hr>
          </gpxtpx:TrackPointExtension>
        </extensions>
      </trkpt>
      <trkpt lat="30.531428928217654" lon="104.06127269300423">
        <ele>0.0</ele>
        <time>2025-03-14T08:29:59Z</time>
        <extensions>
          <gpxtpx:TrackPointExtension>
            <gpxtpx:hr>145</gpxtpx:hr>
          </gpxtpx:TrackPointExtension>
        </extensions>
      </trkpt>
      <trkpt lat="30.531415874323024" lon="104.06126489243434">
        <ele>0.0</ele>
        <time>2025-03-14T08:30:00Z</time>
        <extensions>
          <gpxtpx:TrackPointExtension>
            <gpxtpx:hr>145</gpxtpx:hr>
          </gpxtpx:TrackPointExtension>
        </extensions>
      </trkpt>
      <trkpt lat="30.53140274376831" lon="104.06125643142455">
        <ele>0.0</ele>
        <time>2025-03-14T08:30:01Z</time>
        <extensions>
          <gpxtpx:TrackPointExtension>
            <gpxtpx:hr>145</gpxtpx:hr>
          </gpxtpx:TrackPointExtension>
        </extensions>
      </trkpt>
      <trkpt lat="30.531389389004325" lon="104.06124784977297">
        <ele>0.0</ele>
        <time>2025-03-14T08:30:02Z</time>
        <extensions>
          <gpxtpx:TrackPointExtension>
            <gpxtpx:hr>145</gpxtpx:hr>
          </gpxtpx:TrackPointExtension>
        </extensions>
      </trkpt>
      <trkpt lat="30.53137527639437" lon="104.06123964485279">
        <ele>0.0</ele>
        <time>2025-03-14T08:30:03Z</time>
        <extensions>
          <gpxtpx:TrackPointExtension>
            <gpxtpx:hr>148</gpxtpx:hr>
          </gpxtpx:TrackPointExtension>
        </extensions>
      </trkpt>
      <trkpt lat="30.53136045796037" lon="104.06123187218103">
        <ele>0.0</ele>
        <time>2025-03-14T08:30:04Z</time>
        <extensions>
          <gpxtpx:TrackPointExtension>
            <gpxtpx:hr>148</gpxtpx:hr>
          </gpxtpx:TrackPointExtension>
        </extensions>
      </trkpt>
      <trkpt lat="30.531344799967655" lon="104.06122461869083">
        <ele>0.0</ele>
        <time>2025-03-14T08:30:05Z</time>
        <extensions>
          <gpxtpx:TrackPointExtension>
            <gpxtpx:hr>148</gpxtpx:hr>
          </gpxtpx:TrackPointExtension>
        </extensions>
      </trkpt>
      <trkpt lat="30.53132835610319" lon="104.06121764481253">
        <ele>0.0</ele>
        <time>2025-03-14T08:30:06Z</time>
        <extensions>
          <gpxtpx:TrackPointExtension>
            <gpxtpx:hr>148</gpxtpx:hr>
          </gpxtpx:TrackPointExtension>
        </extensions>
      </trkpt>
      <trkpt lat="30.53131072887489" lon="104.06121103525989">
        <ele>0.0</ele>
        <time>2025-03-14T08:30:07Z</time>
        <extensions>
          <gpxtpx:TrackPointExtension>
            <gpxtpx:hr>148</gpxtpx:hr>
          </gpxtpx:TrackPointExtension>
        </extensions>
      </trkpt>
      <trkpt lat="30.531291650766498" lon="104.06120461143948">
        <ele>0.0</ele>
        <time>2025-03-14T08:30:08Z</time>
        <extensions>
          <gpxtpx:TrackPointExtension>
            <gpxtpx:hr>151</gpxtpx:hr>
          </gpxtpx:TrackPointExtension>
        </extensions>
      </trkpt>
      <trkpt lat="30.53127051593119" lon="104.06119827191749">
        <ele>0.0</ele>
        <time>2025-03-14T08:30:09Z</time>
        <extensions>
          <gpxtpx:TrackPointExtension>
            <gpxtpx:hr>151</gpxtpx:hr>
          </gpxtpx:TrackPointExtension>
        </extensions>
      </trkpt>
      <trkpt lat="30.531247640742478" lon="104.06119180339124">
        <ele>0.0</ele>
        <time>2025-03-14T08:30:10Z</time>
        <extensions>
          <gpxtpx:TrackPointExtension>
            <gpxtpx:hr>151</gpxtpx:hr>
          </gpxtpx:TrackPointExtension>
        </extensions>
      </trkpt>
      <trkpt lat="30.531221683099375" lon="104.06118435102591">
        <ele>0.0</ele>
        <time>2025-03-14T08:30:11Z</time>
        <extensions>
          <gpxtpx:TrackPointExtension>
            <gpxtpx:hr>151</gpxtpx:hr>
          </gpxtpx:TrackPointExtension>
        </extensions>
      </trkpt>
      <trkpt lat="30.531195742404506" lon="104.06117676550632">
        <ele>0.0</ele>
        <time>2025-03-14T08:30:12Z</time>
        <extensions>
          <gpxtpx:TrackPointExtension>
            <gpxtpx:hr>151</gpxtpx:hr>
          </gpxtpx:TrackPointExtension>
        </extensions>
      </trkpt>
      <trkpt lat="30.531169762177363" lon="104.06116888137798">
        <ele>0.0</ele>
        <time>2025-03-14T08:30:13Z</time>
        <extensions>
          <gpxtpx:TrackPointExtension>
            <gpxtpx:hr>153</gpxtpx:hr>
          </gpxtpx:TrackPointExtension>
        </extensions>
      </trkpt>
      <trkpt lat="30.531145326220326" lon="104.06116159324185">
        <ele>0.0</ele>
        <time>2025-03-14T08:30:14Z</time>
        <extensions>
          <gpxtpx:TrackPointExtension>
            <gpxtpx:hr>153</gpxtpx:hr>
          </gpxtpx:TrackPointExtension>
        </extensions>
      </trkpt>
      <trkpt lat="30.531119963074943" lon="104.06115439181906">
        <ele>0.0</ele>
        <time>2025-03-14T08:30:15Z</time>
        <extensions>
          <gpxtpx:TrackPointExtension>
            <gpxtpx:hr>153</gpxtpx:hr>
          </gpxtpx:TrackPointExtension>
        </extensions>
      </trkpt>
      <trkpt lat="30.531094525219885" lon="104.06114804990713">
        <ele>0.0</ele>
        <time>2025-03-14T08:30:16Z</time>
        <extensions>
          <gpxtpx:TrackPointExtension>
            <gpxtpx:hr>153</gpxtpx:hr>
          </gpxtpx:TrackPointExtension>
        </extensions>
      </trkpt>
      <trkpt lat="30.53106751457695" lon="104.06114227331781">
        <ele>0.0</ele>
        <time>2025-03-14T08:30:17Z</time>
        <extensions>
          <gpxtpx:TrackPointExtension>
            <gpxtpx:hr>153</gpxtpx:hr>
          </gpxtpx:TrackPointExtension>
        </extensions>
      </trkpt>
      <trkpt lat="30.531041181185103" lon="104.06113676260651">
        <ele>0.0</ele>
        <time>2025-03-14T08:30:18Z</time>
        <extensions>
          <gpxtpx:TrackPointExtension>
            <gpxtpx:hr>155</gpxtpx:hr>
          </gpxtpx:TrackPointExtension>
        </extensions>
      </trkpt>
      <trkpt lat="30.53101439185536" lon="104.0611306157739">
        <ele>0.0</ele>
        <time>2025-03-14T08:30:19Z</time>
        <extensions>
          <gpxtpx:TrackPointExtension>
            <gpxtpx:hr>155</gpxtpx:hr>
          </gpxtpx:TrackPointExtension>
        </extensions>
      </trkpt>
      <trkpt lat="30.53098924833391" lon="104.06112399211057">
        <ele>0.0</ele>
        <time>2025-03-14T08:30:20Z</time>
        <extensions>
          <gpxtpx:TrackPointExtension>
            <gpxtpx:hr>155</gpxtpx:hr>
          </gpxtpx:TrackPointExtension>
        </extensions>
      </trkpt>
      <trkpt lat="30.53096238010553" lon="104.0611164980494">
        <ele>0.0</ele>
        <time>2025-03-14T08:30:21Z</time>
        <extensions>
          <gpxtpx:TrackPointExtension>
            <gpxtpx:hr>155</gpxtpx:hr>
          </gpxtpx:TrackPointExtension>
        </extensions>
      </trkpt>
      <trkpt lat="30.53093642474761" lon="104.0611090361902">
        <ele>0.0</ele>
        <time>2025-03-14T08:30:22Z</time>
        <extensions>
          <gpxtpx:TrackPointExtension>
            <gpxtpx:hr>155</gpxtpx:hr>
          </gpxtpx:TrackPointExtension>
        </extensions>
      </trkpt>
      <trkpt lat="30.53091075269182" lon="104.06110185720564">
        <ele>0.0</ele>
        <time>2025-03-14T08:30:23Z</time>
        <extensions>
          <gpxtpx:TrackPointExtension>
            <gpxtpx:hr>156</gpxtpx:hr>
          </gpxtpx:TrackPointExtension>
        </extensions>
      </trkpt>
      <trkpt lat="30.530886632531995" lon="104.06109566401224">
        <ele>0.0</ele>
        <time>2025-03-14T08:30:24Z</time>
        <extensions>
          <gpxtpx:TrackPointExtension>
            <gpxtpx:hr>156</gpxtpx:hr>
          </gpxtpx:TrackPointExtension>
        </extensions>
      </trkpt>
      <trkpt lat="30.53086219526015" lon="104.06109032643283">
        <ele>0.0</ele>
        <time>2025-03-14T08:30:25Z</time>
        <extensions>
          <gpxtpx:TrackPointExtension>
            <gpxtpx:hr>156</gpxtpx:hr>
          </gpxtpx:TrackPointExtension>
        </extensions>
      </trkpt>
      <trkpt lat="30.53083592800669" lon="104.06108529738268">
        <ele>0.0</ele>
        <time>2025-03-14T08:30:26Z</time>
        <extensions>
          <gpxtpx:TrackPointExtension>
            <gpxtpx:hr>156</gpxtpx:hr>
          </gpxtpx:TrackPointExtension>
        </extensions>
      </trkpt>
      <trkpt lat="30.530810069858124" lon="104.06108079130114">
        <ele>0.0</ele>
        <time>2025-03-14T08:30:27Z</time>
        <extensions>
          <gpxtpx:TrackPointExtension>
            <gpxtpx:hr>156</gpxtpx:hr>
          </gpxtpx:TrackPointExtension>
        </extensions>
      </trkpt>
      <trkpt lat="30.53078404454212" lon="104.06107655034572">
        <ele>0.0</ele>
        <time>2025-03-14T08:30:28Z</time>
        <extensions>
          <gpxtpx:TrackPointExtension>
            <gpxtpx:hr>157</gpxtpx:hr>
          </gpxtpx:TrackPointExtension>
        </extensions>
      </trkpt>
      <trkpt lat="30.530759829020617" lon="104.06107292101824">
        <ele>0.0</ele>
        <time>2025-03-14T08:30:29Z</time>
        <extensions>
          <gpxtpx:TrackPointExtension>
            <gpxtpx:hr>157</gpxtpx:hr>
          </gpxtpx:TrackPointExtension>
        </extensions>
      </trkpt>
      <trkpt lat="30.530733799314707" lon="104.06106881119595">
        <ele>0.0</ele>
        <time>2025-03-14T08:30:30Z</time>
        <extensions>
          <gpxtpx:TrackPointExtension>
            <gpxtpx:hr>157</gpxtpx:hr>
          </gpxtpx:TrackPointExtension>
        </extensions>
      </trkpt>
      <trkpt lat="30.530708281125715" lon="104.06106402729141">
        <ele>0.0</ele>
        <time>2025-03-14T08:30:31Z</time>
        <extensions>
          <gpxtpx:TrackPointExtension>
            <gpxtpx:hr>157</gpxtpx:hr>
          </gpxtpx:TrackPointExtension>
        </extensions>
      </trkpt>
      <trkpt lat="30.530683093501754" lon="104.06105798852809">
        <ele>0.0</ele>
        <time>2025-03-14T08:30:32Z</time>
        <extensions>
          <gpxtpx:TrackPointExtension>
            <gpxtpx:hr>157</gpxtpx:hr>
          </gpxtpx:TrackPointExtension>
        </extensions>
      </trkpt>
      <trkpt lat="30.530660902543115" lon="104.06105154486318">
        <ele>0.0</ele>
        <time>2025-03-14T08:30:33Z</time>
        <extensions>
          <gpxtpx:TrackPointExtension>
            <gpxtpx:hr>159</gpxtpx:hr>
          </gpxtpx:TrackPointExtension>
        </extensions>
      </trkpt>
      <trkpt lat="30.530640022991975" lon="104.06104665187631">
        <ele>0.0</ele>
        <time>2025-03-14T08:30:34Z</time>
        <extensions>
          <gpxtpx:TrackPointExtension>
            <gpxtpx:hr>159</gpxtpx:hr>
          </gpxtpx:TrackPointExtension>
        </extensions>
      </trkpt>
      <trkpt lat="30.530617500426356" lon="104.06104599786896">
        <ele>0.0</ele>
        <time>2025-03-14T08:30:35Z</time>
        <extensions>
          <gpxtpx:TrackPointExtension>
            <gpxtpx:hr>159</gpxtpx:hr>
          </gpxtpx:TrackPointExtension>
        </extensions>
      </trkpt>
      <trkpt lat="30.530592463132027" lon="104.06104585881229">
        <ele>0.0</ele>
        <time>2025-03-14T08:30:36Z</time>
        <extensions>
          <gpxtpx:TrackPointExtension>
            <gpxtpx:hr>159</gpxtpx:hr>
          </gpxtpx:TrackPointExtension>
        </extensions>
      </trkpt>
      <trkpt lat="30.530564767100422" lon="104.06104398042244">
        <ele>0.0</ele>
        <time>2025-03-14T08:30:37Z</time>
        <extensions>
          <gpxtpx:TrackPointExtension>
            <gpxtpx:hr>159</gpxtpx:hr>
          </gpxtpx:TrackPointExtension>
        </extensions>
      </trkpt>
      <trkpt lat="30.530535897333653" lon="104.0610378953102">
        <ele>0.0</ele>
        <time>2025-03-14T08:30:38Z</time>
        <extensions>
          <gpxtpx:TrackPointExtension>
            <gpxtpx:hr>161</gpxtpx:hr>
          </gpxtpx:TrackPointExtension>
        </extensions>
      </trkpt>
      <trkpt lat="30.53050727629319" lon="104.06103256387014">
        <ele>0.0</ele>
        <time>2025-03-14T08:30:39Z</time>
        <extensions>
          <gpxtpx:TrackPointExtension>
            <gpxtpx:hr>161</gpxtpx:hr>
          </gpxtpx:TrackPointExtension>
        </extensions>
      </trkpt>
      <trkpt lat="30.53047851465862" lon="104.06102851026073">
        <ele>0.0</ele>
        <time>2025-03-14T08:30:40Z</time>
        <extensions>
          <gpxtpx:TrackPointExtension>
            <gpxtpx:hr>161</gpxtpx:hr>
          </gpxtpx:TrackPointExtension>
        </extensions>
      </trkpt>
      <trkpt lat="30.530450768671805" lon="104.06102642737201">
        <ele>0.0</ele>
        <time>2025-03-14T08:30:41Z</time>
        <extensions>
          <gpxtpx:TrackPointExtension>
            <gpxtpx:hr>161</gpxtpx:hr>
          </gpxtpx:TrackPointExtension>
        </extensions>
      </trkpt>
      <trkpt lat="30.530422676519912" lon="104.06102438928824">
        <ele>0.0</ele>
        <time>2025-03-14T08:30:42Z</time>
        <extensions>
          <gpxtpx:TrackPointExtension>
            <gpxtpx:hr>161</gpxtpx:hr>
          </gpxtpx:TrackPointExtension>
        </extensions>
      </trkpt>
      <trkpt lat="30.53039219979603" lon="104.06102233650856">
        <ele>0.0</ele>
        <time>2025-03-14T08:30:43Z</time>
        <extensions>
          <gpxtpx:TrackPointExtension>
            <gpxtpx:hr>161</gpxtpx:hr>
          </gpxtpx:TrackPointExtension>
        </extensions>
      </trkpt>
      <trkpt lat="30.530360777425074" lon="104.06101915015739">
        <ele>0.0</ele>
        <time>2025-03-14T08:30:44Z</time>
        <extensions>
          <gpxtpx:TrackPointExtension>
            <gpxtpx:hr>161</gpxtpx:hr>
          </gpxtpx:TrackPointExtension>
        </extensions>
      </trkpt>
      <trkpt lat="30.530326877331255" lon="104.06101553945402">
        <ele>0.0</ele>
        <time>2025-03-14T08:30:45Z</time>
        <extensions>
          <gpxtpx:TrackPointExtension>
            <gpxtpx:hr>161</gpxtpx:hr>
          </gpxtpx:TrackPointExtension>
        </extensions>
      </trkpt>
      <trkpt lat="30.530291537076394" lon="104.06101139546486">
        <ele>0.0</ele>
        <time>2025-03-14T08:30:46Z</time>
        <extensions>
          <gpxtpx:TrackPointExtension>
            <gpxtpx:hr>161</gpxtpx:hr>
          </gpxtpx:TrackPointExtension>
        </extensions>
      </trkpt>
      <trkpt lat="30.530253712188767" lon="104.06100751625927">
        <ele>0.0</ele>
        <time>2025-03-14T08:30:48Z</time>
        <extensions>
          <gpxtpx:TrackPointExtension>
            <gpxtpx:hr>161</gpxtpx:hr>
          </gpxtpx:TrackPointExtension>
        </extensions>
      </trkpt>
      <trkpt lat="30.530220586917675" lon="104.06100427820772">
        <ele>0.0</ele>
        <time>2025-03-14T08:30:49Z</time>
        <extensions>
          <gpxtpx:TrackPointExtension>
            <gpxtpx:hr>161</gpxtpx:hr>
          </gpxtpx:TrackPointExtension>
        </extensions>
      </trkpt>
      <trkpt lat="30.53019308378454" lon="104.06100161610546">
        <ele>0.0</ele>
        <time>2025-03-14T08:30:50Z</time>
        <extensions>
          <gpxtpx:TrackPointExtension>
            <gpxtpx:hr>161</gpxtpx:hr>
          </gpxtpx:TrackPointExtension>
        </extensions>
      </trkpt>
      <trkpt lat="30.53017083570063" lon="104.06099939355462">
        <ele>0.0</ele>
        <time>2025-03-14T08:30:51Z</time>
        <extensions>
          <gpxtpx:TrackPointExtension>
            <gpxtpx:hr>161</gpxtpx:hr>
          </gpxtpx:TrackPointExtension>
        </extensions>
      </trkpt>
      <trkpt lat="30.530147772519197" lon="104.06099701714601">
        <ele>0.0</ele>
        <time>2025-03-14T08:30:52Z</time>
        <extensions>
          <gpxtpx:TrackPointExtension>
            <gpxtpx:hr>161</gpxtpx:hr>
          </gpxtpx:TrackPointExtension>
        </extensions>
      </trkpt>
      <trkpt lat="30.530123668362663" lon="104.06099447846653">
        <ele>0.0</ele>
        <time>2025-03-14T08:30:53Z</time>
        <extensions>
          <gpxtpx:TrackPointExtension>
            <gpxtpx:hr>163</gpxtpx:hr>
          </gpxtpx:TrackPointExtension>
        </extensions>
      </trkpt>
      <trkpt lat="30.530098881075656" lon="104.06099182658956">
        <ele>0.0</ele>
        <time>2025-03-14T08:30:54Z</time>
        <extensions>
          <gpxtpx:TrackPointExtension>
            <gpxtpx:hr>163</gpxtpx:hr>
          </gpxtpx:TrackPointExtension>
        </extensions>
      </trkpt>
      <trkpt lat="30.530071157127292" lon="104.06098887149531">
        <ele>0.0</ele>
        <time>2025-03-14T08:30:55Z</time>
        <extensions>
          <gpxtpx:TrackPointExtension>
            <gpxtpx:hr>163</gpxtpx:hr>
          </gpxtpx:TrackPointExtension>
        </extensions>
      </trkpt>
      <trkpt lat="30.530043932418845" lon="104.06098596640024">
        <ele>0.0</ele>
        <time>2025-03-14T08:30:56Z</time>
        <extensions>
          <gpxtpx:TrackPointExtension>
            <gpxtpx:hr>163</gpxtpx:hr>
          </gpxtpx:TrackPointExtension>
        </extensions>
      </trkpt>
      <trkpt lat="30.530017089224366" lon="104.06098308626461">
        <ele>0.0</ele>
        <time>2025-03-14T08:30:57Z</time>
        <extensions>
          <gpxtpx:TrackPointExtension>
            <gpxtpx:hr>163</gpxtpx:hr>
          </gpxtpx:TrackPointExtension>
        </extensions>
      </trkpt>
      <trkpt lat="30.5299927069066" lon="104.06098045514508">
        <ele>0.0</ele>
        <time>2025-03-14T08:30:58Z</time>
        <extensions>
          <gpxtpx:TrackPointExtension>
            <gpxtpx:hr>164</gpxtpx:hr>
          </gpxtpx:TrackPointExtension>
        </extensions>
      </trkpt>
      <trkpt lat="30.529968110947646" lon="104.06097781736152">
        <ele>0.0</ele>
        <time>2025-03-14T08:30:59Z</time>
        <extensions>
          <gpxtpx:TrackPointExtension>
            <gpxtpx:hr>164</gpxtpx:hr>
          </gpxtpx:TrackPointExtension>
        </extensions>
      </trkpt>
      <trkpt lat="30.529941171289785" lon="104.06097497960369">
        <ele>0.0</ele>
        <time>2025-03-14T08:31:00Z</time>
        <extensions>
          <gpxtpx:TrackPointExtension>
            <gpxtpx:hr>164</gpxtpx:hr>
          </gpxtpx:TrackPointExtension>
        </extensions>
      </trkpt>
      <trkpt lat="30.529915041528135" lon="104.06097222748114">
        <ele>0.0</ele>
        <time>2025-03-14T08:31:01Z</time>
        <extensions>
          <gpxtpx:TrackPointExtension>
            <gpxtpx:hr>164</gpxtpx:hr>
          </gpxtpx:TrackPointExtension>
        </extensions>
      </trkpt>
      <trkpt lat="30.5298894979375" lon="104.06096951036331">
        <ele>0.0</ele>
        <time>2025-03-14T08:31:02Z</time>
        <extensions>
          <gpxtpx:TrackPointExtension>
            <gpxtpx:hr>164</gpxtpx:hr>
          </gpxtpx:TrackPointExtension>
        </extensions>
      </trkpt>
      <trkpt lat="30.529866382256884" lon="104.06096697997513">
        <ele>0.0</ele>
        <time>2025-03-14T08:31:03Z</time>
        <extensions>
          <gpxtpx:TrackPointExtension>
            <gpxtpx:hr>165</gpxtpx:hr>
          </gpxtpx:TrackPointExtension>
        </extensions>
      </trkpt>
      <trkpt lat="30.529843087788496" lon="104.06096439300347">
        <ele>0.0</ele>
        <time>2025-03-14T08:31:04Z</time>
        <extensions>
          <gpxtpx:TrackPointExtension>
            <gpxtpx:hr>165</gpxtpx:hr>
          </gpxtpx:TrackPointExtension>
        </extensions>
      </trkpt>
      <trkpt lat="30.52981743164934" lon="104.06096158761257">
        <ele>0.0</ele>
        <time>2025-03-14T08:31:05Z</time>
        <extensions>
          <gpxtpx:TrackPointExtension>
            <gpxtpx:hr>165</gpxtpx:hr>
          </gpxtpx:TrackPointExtension>
        </extensions>
      </trkpt>
      <trkpt lat="30.529792458453468" lon="104.06095895172835">
        <ele>0.0</ele>
        <time>2025-03-14T08:31:06Z</time>
        <extensions>
          <gpxtpx:TrackPointExtension>
            <gpxtpx:hr>165</gpxtpx:hr>
          </gpxtpx:TrackPointExtension>
        </extensions>
      </trkpt>
      <trkpt lat="30.529768146798677" lon="104.06095655156764">
        <ele>0.0</ele>
        <time>2025-03-14T08:31:07Z</time>
        <extensions>
          <gpxtpx:TrackPointExtension>
            <gpxtpx:hr>165</gpxtpx:hr>
          </gpxtpx:TrackPointExtension>
        </extensions>
      </trkpt>
      <trkpt lat="30.52974668291047" lon="104.0609546502545">
        <ele>0.0</ele>
        <time>2025-03-14T08:31:08Z</time>
        <extensions>
          <gpxtpx:TrackPointExtension>
            <gpxtpx:hr>163</gpxtpx:hr>
          </gpxtpx:TrackPointExtension>
        </extensions>
      </trkpt>
      <trkpt lat="30.529725497289803" lon="104.06095300481721">
        <ele>0.0</ele>
        <time>2025-03-14T08:31:09Z</time>
        <extensions>
          <gpxtpx:TrackPointExtension>
            <gpxtpx:hr>163</gpxtpx:hr>
          </gpxtpx:TrackPointExtension>
        </extensions>
      </trkpt>
      <trkpt lat="30.529704225183778" lon="104.0609515396379">
        <ele>0.0</ele>
        <time>2025-03-14T08:31:10Z</time>
        <extensions>
          <gpxtpx:TrackPointExtension>
            <gpxtpx:hr>163</gpxtpx:hr>
          </gpxtpx:TrackPointExtension>
        </extensions>
      </trkpt>
      <trkpt lat="30.529682664044305" lon="104.06095015691486">
        <ele>0.0</ele>
        <time>2025-03-14T08:31:11Z</time>
        <extensions>
          <gpxtpx:TrackPointExtension>
            <gpxtpx:hr>163</gpxtpx:hr>
          </gpxtpx:TrackPointExtension>
        </extensions>
      </trkpt>
      <trkpt lat="30.529660567958782" lon="104.06094876202107">
        <ele>0.0</ele>
        <time>2025-03-14T08:31:12Z</time>
        <extensions>
          <gpxtpx:TrackPointExtension>
            <gpxtpx:hr>163</gpxtpx:hr>
          </gpxtpx:TrackPointExtension>
        </extensions>
      </trkpt>
      <trkpt lat="30.529635826397683" lon="104.0609470784783">
        <ele>0.0</ele>
        <time>2025-03-14T08:31:13Z</time>
        <extensions>
          <gpxtpx:TrackPointExtension>
            <gpxtpx:hr>164</gpxtpx:hr>
          </gpxtpx:TrackPointExtension>
        </extensions>
      </trkpt>
      <trkpt lat="30.52961073543601" lon="104.06094533194104">
        <ele>0.0</ele>
        <time>2025-03-14T08:31:14Z</time>
        <extensions>
          <gpxtpx:TrackPointExtension>
            <gpxtpx:hr>164</gpxtpx:hr>
          </gpxtpx:TrackPointExtension>
        </extensions>
      </trkpt>
      <trkpt lat="30.529585054198503" lon="104.06094351426235">
        <ele>0.0</ele>
        <time>2025-03-14T08:31:15Z</time>
        <extensions>
          <gpxtpx:TrackPointExtension>
            <gpxtpx:hr>164</gpxtpx:hr>
          </gpxtpx:TrackPointExtension>
        </extensions>
      </trkpt>
      <trkpt lat="30.52955696616282" lon="104.06094171249497">
        <ele>0.0</ele>
        <time>2025-03-14T08:31:16Z</time>
        <extensions>
          <gpxtpx:TrackPointExtension>
            <gpxtpx:hr>164</gpxtpx:hr>
          </gpxtpx:TrackPointExtension>
        </extensions>
      </trkpt>
      <trkpt lat="30.529525603283265" lon="104.06093978803705">
        <ele>0.0</ele>
        <time>2025-03-14T08:31:17Z</time>
        <extensions>
          <gpxtpx:TrackPointExtension>
            <gpxtpx:hr>164</gpxtpx:hr>
          </gpxtpx:TrackPointExtension>
        </extensions>
      </trkpt>
      <trkpt lat="30.52949426418537" lon="104.06093759660902">
        <ele>0.0</ele>
        <time>2025-03-14T08:31:18Z</time>
        <extensions>
          <gpxtpx:TrackPointExtension>
            <gpxtpx:hr>167</gpxtpx:hr>
          </gpxtpx:TrackPointExtension>
        </extensions>
      </trkpt>
      <trkpt lat="30.529467045931824" lon="104.06093555072364">
        <ele>0.0</ele>
        <time>2025-03-14T08:31:19Z</time>
        <extensions>
          <gpxtpx:TrackPointExtension>
            <gpxtpx:hr>167</gpxtpx:hr>
          </gpxtpx:TrackPointExtension>
        </extensions>
      </trkpt>
      <trkpt lat="30.529442529134524" lon="104.06093413921118">
        <ele>0.0</ele>
        <time>2025-03-14T08:31:20Z</time>
        <extensions>
          <gpxtpx:TrackPointExtension>
            <gpxtpx:hr>167</gpxtpx:hr>
          </gpxtpx:TrackPointExtension>
        </extensions>
      </trkpt>
      <trkpt lat="30.529417953499355" lon="104.06093429842198">
        <ele>0.0</ele>
        <time>2025-03-14T08:31:21Z</time>
        <extensions>
          <gpxtpx:TrackPointExtension>
            <gpxtpx:hr>167</gpxtpx:hr>
          </gpxtpx:TrackPointExtension>
        </extensions>
      </trkpt>
      <trkpt lat="30.52939145336164" lon="104.06093660848622">
        <ele>0.0</ele>
        <time>2025-03-14T08:31:22Z</time>
        <extensions>
          <gpxtpx:TrackPointExtension>
            <gpxtpx:hr>167</gpxtpx:hr>
          </gpxtpx:TrackPointExtension>
        </extensions>
      </trkpt>
      <trkpt lat="30.529367095894326" lon="104.06094116557826">
        <ele>0.0</ele>
        <time>2025-03-14T08:31:23Z</time>
        <extensions>
          <gpxtpx:TrackPointExtension>
            <gpxtpx:hr>169</gpxtpx:hr>
          </gpxtpx:TrackPointExtension>
        </extensions>
      </trkpt>
      <trkpt lat="30.529343765771696" lon="104.06094666319605">
        <ele>0.0</ele>
        <time>2025-03-14T08:31:24Z</time>
        <extensions>
          <gpxtpx:TrackPointExtension>
            <gpxtpx:hr>169</gpxtpx:hr>
          </gpxtpx:TrackPointExtension>
        </extensions>
      </trkpt>
      <trkpt lat="30.529324132098463" lon="104.06095205824266">
        <ele>0.0</ele>
        <time>2025-03-14T08:31:25Z</time>
        <extensions>
          <gpxtpx:TrackPointExtension>
            <gpxtpx:hr>169</gpxtpx:hr>
          </gpxtpx:TrackPointExtension>
        </extensions>
      </trkpt>
      <trkpt lat="30.52930372119471" lon="104.06095829369349">
        <ele>0.0</ele>
        <time>2025-03-14T08:31:26Z</time>
        <extensions>
          <gpxtpx:TrackPointExtension>
            <gpxtpx:hr>169</gpxtpx:hr>
          </gpxtpx:TrackPointExtension>
        </extensions>
      </trkpt>
      <trkpt lat="30.529283322077003" lon="104.06096632630755">
        <ele>0.0</ele>
        <time>2025-03-14T08:31:27Z</time>
        <extensions>
          <gpxtpx:TrackPointExtension>
            <gpxtpx:hr>169</gpxtpx:hr>
          </gpxtpx:TrackPointExtension>
        </extensions>
      </trkpt>
      <trkpt lat="30.52926045967912" lon="104.06097546595964">
        <ele>0.0</ele>
        <time>2025-03-14T08:31:28Z</time>
        <extensions>
          <gpxtpx:TrackPointExtension>
            <gpxtpx:hr>171</gpxtpx:hr>
          </gpxtpx:TrackPointExtension>
        </extensions>
      </trkpt>
      <trkpt lat="30.529235155977283" lon="104.06098335134504">
        <ele>0.0</ele>
        <time>2025-03-14T08:31:29Z</time>
        <extensions>
          <gpxtpx:TrackPointExtension>
            <gpxtpx:hr>171</gpxtpx:hr>
          </gpxtpx:TrackPointExtension>
        </extensions>
      </trkpt>
      <trkpt lat="30.529205019277885" lon="104.06098928139923">
        <ele>0.0</ele>
        <time>2025-03-14T08:31:30Z</time>
        <extensions>
          <gpxtpx:TrackPointExtension>
            <gpxtpx:hr>171</gpxtpx:hr>
          </gpxtpx:TrackPointExtension>
        </extensions>
      </trkpt>
      <trkpt lat="30.52917369065933" lon="104.06099282387476">
        <ele>0.0</ele>
        <time>2025-03-14T08:31:31Z</time>
        <extensions>
          <gpxtpx:TrackPointExtension>
            <gpxtpx:hr>171</gpxtpx:hr>
          </gpxtpx:TrackPointExtension>
        </extensions>
      </trkpt>
      <trkpt lat="30.529141922945904" lon="104.06099522244614">
        <ele>0.0</ele>
        <time>2025-03-14T08:31:32Z</time>
        <extensions>
          <gpxtpx:TrackPointExtension>
            <gpxtpx:hr>171</gpxtpx:hr>
          </gpxtpx:TrackPointExtension>
        </extensions>
      </trkpt>
      <trkpt lat="30.529112067186883" lon="104.06099685915574">
        <ele>0.0</ele>
        <time>2025-03-14T08:31:33Z</time>
        <extensions>
          <gpxtpx:TrackPointExtension>
            <gpxtpx:hr>171</gpxtpx:hr>
          </gpxtpx:TrackPointExtension>
        </extensions>
      </trkpt>
      <trkpt lat="30.52908285490148" lon="104.06099897745536">
        <ele>0.0</ele>
        <time>2025-03-14T08:31:34Z</time>
        <extensions>
          <gpxtpx:TrackPointExtension>
            <gpxtpx:hr>171</gpxtpx:hr>
          </gpxtpx:TrackPointExtension>
        </extensions>
      </trkpt>
      <trkpt lat="30.529051923608858" lon="104.06100102909213">
        <ele>0.0</ele>
        <time>2025-03-14T08:31:35Z</time>
        <extensions>
          <gpxtpx:TrackPointExtension>
            <gpxtpx:hr>171</gpxtpx:hr>
          </gpxtpx:TrackPointExtension>
        </extensions>
      </trkpt>
      <trkpt lat="30.529021856673683" lon="104.06100280970335">
        <ele>0.0</ele>
        <time>2025-03-14T08:31:36Z</time>
        <extensions>
          <gpxtpx:TrackPointExtension>
            <gpxtpx:hr>171</gpxtpx:hr>
          </gpxtpx:TrackPointExtension>
        </extensions>
      </trkpt>
      <trkpt lat="30.528991957942324" lon="104.06100458102371">
        <ele>0.0</ele>
        <time>2025-03-14T08:31:37Z</time>
        <extensions>
          <gpxtpx:TrackPointExtension>
            <gpxtpx:hr>171</gpxtpx:hr>
          </gpxtpx:TrackPointExtension>
        </extensions>
      </trkpt>
      <trkpt lat="30.528964351420672" lon="104.06100654910246">
        <ele>0.0</ele>
        <time>2025-03-14T08:31:38Z</time>
        <extensions>
          <gpxtpx:TrackPointExtension>
            <gpxtpx:hr>170</gpxtpx:hr>
          </gpxtpx:TrackPointExtension>
        </extensions>
      </trkpt>
      <trkpt lat="30.52893712026163" lon="104.0610086284817">
        <ele>0.0</ele>
        <time>2025-03-14T08:31:39Z</time>
        <extensions>
          <gpxtpx:TrackPointExtension>
            <gpxtpx:hr>170</gpxtpx:hr>
          </gpxtpx:TrackPointExtension>
        </extensions>
      </trkpt>
      <trkpt lat="30.528908708349267" lon="104.06101070805275">
        <ele>0.0</ele>
        <time>2025-03-14T08:31:40Z</time>
        <extensions>
          <gpxtpx:TrackPointExtension>
            <gpxtpx:hr>170</gpxtpx:hr>
          </gpxtpx:TrackPointExtension>
        </extensions>
      </trkpt>
      <trkpt lat="30.52888137205" lon="104.06101212733309">
        <ele>0.0</ele>
        <time>2025-03-14T08:31:41Z</time>
        <extensions>
          <gpxtpx:TrackPointExtension>
            <gpxtpx:hr>170</gpxtpx:hr>
          </gpxtpx:TrackPointExtension>
        </extensions>
      </trkpt>
      <trkpt lat="30.528854099226894" lon="104.06101300776014">
        <ele>0.0</ele>
        <time>2025-03-14T08:31:42Z</time>
        <extensions>
          <gpxtpx:TrackPointExtension>
            <gpxtpx:hr>170</gpxtpx:hr>
          </gpxtpx:TrackPointExtension>
        </extensions>
      </trkpt>
      <trkpt lat="30.52882886497623" lon="104.06101346987182">
        <ele>0.0</ele>
        <time>2025-03-14T08:31:43Z</time>
        <extensions>
          <gpxtpx:TrackPointExtension>
            <gpxtpx:hr>170</gpxtpx:hr>
          </gpxtpx:TrackPointExtension>
        </extensions>
      </trkpt>
      <trkpt lat="30.52880180364783" lon="104.06101435109525">
        <ele>0.0</ele>
        <time>2025-03-14T08:31:44Z</time>
        <extensions>
          <gpxtpx:TrackPointExtension>
            <gpxtpx:hr>170</gpxtpx:hr>
          </gpxtpx:TrackPointExtension>
        </extensions>
      </trkpt>
      <trkpt lat="30.528775500403757" lon="104.06101552792893">
        <ele>0.0</ele>
        <time>2025-03-14T08:31:45Z</time>
        <extensions>
          <gpxtpx:TrackPointExtension>
            <gpxtpx:hr>170</gpxtpx:hr>
          </gpxtpx:TrackPointExtension>
        </extensions>
      </trkpt>
      <trkpt lat="30.528748951183523" lon="104.06101675962651">
        <ele>0.0</ele>
        <time>2025-03-14T08:31:46Z</time>
        <extensions>
          <gpxtpx:TrackPointExtension>
            <gpxtpx:hr>170</gpxtpx:hr>
          </gpxtpx:TrackPointExtension>
        </extensions>
      </trkpt>
      <trkpt lat="30.52872417603708" lon="104.06101781283976">
        <ele>0.0</ele>
        <time>2025-03-14T08:31:47Z</time>
        <extensions>
          <gpxtpx:TrackPointExtension>
            <gpxtpx:hr>170</gpxtpx:hr>
          </gpxtpx:TrackPointExtension>
        </extensions>
      </trkpt>
      <trkpt lat="30.52869763511953" lon="104.06101925075603">
        <ele>0.0</ele>
        <time>2025-03-14T08:31:48Z</time>
        <extensions>
          <gpxtpx:TrackPointExtension>
            <gpxtpx:hr>172</gpxtpx:hr>
          </gpxtpx:TrackPointExtension>
        </extensions>
      </trkpt>
      <trkpt lat="30.528671723800855" lon="104.06102126586102">
        <ele>0.0</ele>
        <time>2025-03-14T08:31:49Z</time>
        <extensions>
          <gpxtpx:TrackPointExtension>
            <gpxtpx:hr>172</gpxtpx:hr>
          </gpxtpx:TrackPointExtension>
        </extensions>
      </trkpt>
      <trkpt lat="30.528645792767144" lon="104.06102384201023">
        <ele>0.0</ele>
        <time>2025-03-14T08:31:50Z</time>
        <extensions>
          <gpxtpx:TrackPointExtension>
            <gpxtpx:hr>172</gpxtpx:hr>
          </gpxtpx:TrackPointExtension>
        </extensions>
      </trkpt>
      <trkpt lat="30.5286212905765" lon="104.06102653755214">
        <ele>0.0</ele>
        <time>2025-03-14T08:31:51Z</time>
        <extensions>
          <gpxtpx:TrackPointExtension>
            <gpxtpx:hr>172</gpxtpx:hr>
          </gpxtpx:TrackPointExtension>
        </extensions>
      </trkpt>
      <trkpt lat="30.528596566597034" lon="104.06102942219134">
        <ele>0.0</ele>
        <time>2025-03-14T08:31:52Z</time>
        <extensions>
          <gpxtpx:TrackPointExtension>
            <gpxtpx:hr>172</gpxtpx:hr>
          </gpxtpx:TrackPointExtension>
        </extensions>
      </trkpt>
      <trkpt lat="30.52856981899046" lon="104.06103277013965">
        <ele>0.0</ele>
        <time>2025-03-14T08:31:53Z</time>
        <extensions>
          <gpxtpx:TrackPointExtension>
            <gpxtpx:hr>172</gpxtpx:hr>
          </gpxtpx:TrackPointExtension>
        </extensions>
      </trkpt>
      <trkpt lat="30.528542775247125" lon="104.06103676653507">
        <ele>0.0</ele>
        <time>2025-03-14T08:31:54Z</time>
        <extensions>
          <gpxtpx:TrackPointExtension>
            <gpxtpx:hr>172</gpxtpx:hr>
          </gpxtpx:TrackPointExtension>
        </extensions>
      </trkpt>
      <trkpt lat="30.528514809476786" lon="104.06104150813437">
        <ele>0.0</ele>
        <time>2025-03-14T08:31:55Z</time>
        <extensions>
          <gpxtpx:TrackPointExtension>
            <gpxtpx:hr>172</gpxtpx:hr>
          </gpxtpx:TrackPointExtension>
        </extensions>
      </trkpt>
      <trkpt lat="30.528488022772603" lon="104.06104684347571">
        <ele>0.0</ele>
        <time>2025-03-14T08:31:56Z</time>
        <extensions>
          <gpxtpx:TrackPointExtension>
            <gpxtpx:hr>172</gpxtpx:hr>
          </gpxtpx:TrackPointExtension>
        </extensions>
      </trkpt>
      <trkpt lat="30.528459076869567" lon="104.06105361003792">
        <ele>0.0</ele>
        <time>2025-03-14T08:31:57Z</time>
        <extensions>
          <gpxtpx:TrackPointExtension>
            <gpxtpx:hr>172</gpxtpx:hr>
          </gpxtpx:TrackPointExtension>
        </extensions>
      </trkpt>
      <trkpt lat="30.528430808067366" lon="104.06106156787885">
        <ele>0.0</ele>
        <time>2025-03-14T08:31:58Z</time>
        <extensions>
          <gpxtpx:TrackPointExtension>
            <gpxtpx:hr>172</gpxtpx:hr>
          </gpxtpx:TrackPointExtension>
        </extensions>
      </trkpt>
      <trkpt lat="30.52840284745539" lon="104.06107095132622">
        <ele>0.0</ele>
        <time>2025-03-14T08:31:59Z</time>
        <extensions>
          <gpxtpx:TrackPointExtension>
            <gpxtpx:hr>172</gpxtpx:hr>
          </gpxtpx:TrackPointExtension>
        </extensions>
      </trkpt>
      <trkpt lat="30.528377315944148" lon="104.0610808326476">
        <ele>0.0</ele>
        <time>2025-03-14T08:32:00Z</time>
        <extensions>
          <gpxtpx:TrackPointExtension>
            <gpxtpx:hr>172</gpxtpx:hr>
          </gpxtpx:TrackPointExtension>
        </extensions>
      </trkpt>
      <trkpt lat="30.528350238396676" lon="104.06109215959881">
        <ele>0.0</ele>
        <time>2025-03-14T08:32:01Z</time>
        <extensions>
          <gpxtpx:TrackPointExtension>
            <gpxtpx:hr>172</gpxtpx:hr>
          </gpxtpx:TrackPointExtension>
        </extensions>
      </trkpt>
      <trkpt lat="30.52832423053518" lon="104.06110332735892">
        <ele>0.0</ele>
        <time>2025-03-14T08:32:02Z</time>
        <extensions>
          <gpxtpx:TrackPointExtension>
            <gpxtpx:hr>172</gpxtpx:hr>
          </gpxtpx:TrackPointExtension>
        </extensions>
      </trkpt>
      <trkpt lat="30.52829824765983" lon="104.06111463821101">
        <ele>0.0</ele>
        <time>2025-03-14T08:32:03Z</time>
        <extensions>
          <gpxtpx:TrackPointExtension>
            <gpxtpx:hr>173</gpxtpx:hr>
          </gpxtpx:TrackPointExtension>
        </extensions>
      </trkpt>
      <trkpt lat="30.528274214279737" lon="104.0611255742801">
        <ele>0.0</ele>
        <time>2025-03-14T08:32:04Z</time>
        <extensions>
          <gpxtpx:TrackPointExtension>
            <gpxtpx:hr>173</gpxtpx:hr>
          </gpxtpx:TrackPointExtension>
        </extensions>
      </trkpt>
      <trkpt lat="30.52824845107719" lon="104.06113861085794">
        <ele>0.0</ele>
        <time>2025-03-14T08:32:05Z</time>
        <extensions>
          <gpxtpx:TrackPointExtension>
            <gpxtpx:hr>173</gpxtpx:hr>
          </gpxtpx:TrackPointExtension>
        </extensions>
      </trkpt>
      <trkpt lat="30.528223442168645" lon="104.06115263218119">
        <ele>0.0</ele>
        <time>2025-03-14T08:32:06Z</time>
        <extensions>
          <gpxtpx:TrackPointExtension>
            <gpxtpx:hr>173</gpxtpx:hr>
          </gpxtpx:TrackPointExtension>
        </extensions>
      </trkpt>
      <trkpt lat="30.528198895945227" lon="104.06116779365723">
        <ele>0.0</ele>
        <time>2025-03-14T08:32:07Z</time>
        <extensions>
          <gpxtpx:TrackPointExtension>
            <gpxtpx:hr>173</gpxtpx:hr>
          </gpxtpx:TrackPointExtension>
        </extensions>
      </trkpt>
      <trkpt lat="30.52817608972399" lon="104.06118297999363">
        <ele>0.0</ele>
        <time>2025-03-14T08:32:08Z</time>
        <extensions>
          <gpxtpx:TrackPointExtension>
            <gpxtpx:hr>172</gpxtpx:hr>
          </gpxtpx:TrackPointExtension>
        </extensions>
      </trkpt>
      <trkpt lat="30.52815327548275" lon="104.06119878156706">
        <ele>0.0</ele>
        <time>2025-03-14T08:32:09Z</time>
        <extensions>
          <gpxtpx:TrackPointExtension>
            <gpxtpx:hr>172</gpxtpx:hr>
          </gpxtpx:TrackPointExtension>
        </extensions>
      </trkpt>
      <trkpt lat="30.52812882513581" lon="104.06121576925013">
        <ele>0.0</ele>
        <time>2025-03-14T08:32:10Z</time>
        <extensions>
          <gpxtpx:TrackPointExtension>
            <gpxtpx:hr>172</gpxtpx:hr>
          </gpxtpx:TrackPointExtension>
        </extensions>
      </trkpt>
      <trkpt lat="30.528104792505502" lon="104.06123297512269">
        <ele>0.0</ele>
        <time>2025-03-14T08:32:11Z</time>
        <extensions>
          <gpxtpx:TrackPointExtension>
            <gpxtpx:hr>172</gpxtpx:hr>
          </gpxtpx:TrackPointExtension>
        </extensions>
      </trkpt>
      <trkpt lat="30.528080664410055" lon="104.06125108071619">
        <ele>0.0</ele>
        <time>2025-03-14T08:32:12Z</time>
        <extensions>
          <gpxtpx:TrackPointExtension>
            <gpxtpx:hr>172</gpxtpx:hr>
          </gpxtpx:TrackPointExtension>
        </extensions>
      </trkpt>
      <trkpt lat="30.528058240688033" lon="104.06126878961585">
        <ele>0.0</ele>
        <time>2025-03-14T08:32:13Z</time>
        <extensions>
          <gpxtpx:TrackPointExtension>
            <gpxtpx:hr>173</gpxtpx:hr>
          </gpxtpx:TrackPointExtension>
        </extensions>
      </trkpt>
      <trkpt lat="30.52803475701603" lon="104.06128820670453">
        <ele>0.0</ele>
        <time>2025-03-14T08:32:14Z</time>
        <extensions>
          <gpxtpx:TrackPointExtension>
            <gpxtpx:hr>173</gpxtpx:hr>
          </gpxtpx:TrackPointExtension>
        </extensions>
      </trkpt>
      <trkpt lat="30.52801275457728" lon="104.06130768169454">
        <ele>0.0</ele>
        <time>2025-03-14T08:32:15Z</time>
        <extensions>
          <gpxtpx:TrackPointExtension>
            <gpxtpx:hr>173</gpxtpx:hr>
          </gpxtpx:TrackPointExtension>
        </extensions>
      </trkpt>
      <trkpt lat="30.527992066345448" lon="104.06132752323248">
        <ele>0.0</ele>
        <time>2025-03-14T08:32:16Z</time>
        <extensions>
          <gpxtpx:TrackPointExtension>
            <gpxtpx:hr>173</gpxtpx:hr>
          </gpxtpx:TrackPointExtension>
        </extensions>
      </trkpt>
      <trkpt lat="30.52797371903799" lon="104.0613464398485">
        <ele>0.0</ele>
        <time>2025-03-14T08:32:17Z</time>
        <extensions>
          <gpxtpx:TrackPointExtension>
            <gpxtpx:hr>173</gpxtpx:hr>
          </gpxtpx:TrackPointExtension>
        </extensions>
      </trkpt>
      <trkpt lat="30.527954227952904" lon="104.06136731509106">
        <ele>0.0</ele>
        <time>2025-03-14T08:32:18Z</time>
        <extensions>
          <gpxtpx:TrackPointExtension>
            <gpxtpx:hr>175</gpxtpx:hr>
          </gpxtpx:TrackPointExtension>
        </extensions>
      </trkpt>
      <trkpt lat="30.527935056984784" lon="104.06138867904461">
        <ele>0.0</ele>
        <time>2025-03-14T08:32:19Z</time>
        <extensions>
          <gpxtpx:TrackPointExtension>
            <gpxtpx:hr>175</gpxtpx:hr>
          </gpxtpx:TrackPointExtension>
        </extensions>
      </trkpt>
      <trkpt lat="30.52791599668328" lon="104.06141142267825">
        <ele>0.0</ele>
        <time>2025-03-14T08:32:20Z</time>
        <extensions>
          <gpxtpx:TrackPointExtension>
            <gpxtpx:hr>175</gpxtpx:hr>
          </gpxtpx:TrackPointExtension>
        </extensions>
      </trkpt>
      <trkpt lat="30.52789863190618" lon="104.06143402759926">
        <ele>0.0</ele>
        <time>2025-03-14T08:32:21Z</time>
        <extensions>
          <gpxtpx:TrackPointExtension>
            <gpxtpx:hr>175</gpxtpx:hr>
          </gpxtpx:TrackPointExtension>
        </extensions>
      </trkpt>
      <trkpt lat="30.527880522899668" lon="104.06145987553543">
        <ele>0.0</ele>
        <time>2025-03-14T08:32:22Z</time>
        <extensions>
          <gpxtpx:TrackPointExtension>
            <gpxtpx:hr>175</gpxtpx:hr>
          </gpxtpx:TrackPointExtension>
        </extensions>
      </trkpt>
      <trkpt lat="30.52786283503739" lon="104.06148566190663">
        <ele>0.0</ele>
        <time>2025-03-14T08:32:23Z</time>
        <extensions>
          <gpxtpx:TrackPointExtension>
            <gpxtpx:hr>176</gpxtpx:hr>
          </gpxtpx:TrackPointExtension>
        </extensions>
      </trkpt>
      <trkpt lat="30.527844966562864" lon="104.0615115969527">
        <ele>0.0</ele>
        <time>2025-03-14T08:32:24Z</time>
        <extensions>
          <gpxtpx:TrackPointExtension>
            <gpxtpx:hr>176</gpxtpx:hr>
          </gpxtpx:TrackPointExtension>
        </extensions>
      </trkpt>
      <trkpt lat="30.52782811336501" lon="104.0615352479517">
        <ele>0.0</ele>
        <time>2025-03-14T08:32:25Z</time>
        <extensions>
          <gpxtpx:TrackPointExtension>
            <gpxtpx:hr>176</gpxtpx:hr>
          </gpxtpx:TrackPointExtension>
        </extensions>
      </trkpt>
      <trkpt lat="30.527810407483546" lon="104.06156105244757">
        <ele>0.0</ele>
        <time>2025-03-14T08:32:26Z</time>
        <extensions>
          <gpxtpx:TrackPointExtension>
            <gpxtpx:hr>176</gpxtpx:hr>
          </gpxtpx:TrackPointExtension>
        </extensions>
      </trkpt>
      <trkpt lat="30.527793660007845" lon="104.06158671021174">
        <ele>0.0</ele>
        <time>2025-03-14T08:32:27Z</time>
        <extensions>
          <gpxtpx:TrackPointExtension>
            <gpxtpx:hr>176</gpxtpx:hr>
          </gpxtpx:TrackPointExtension>
        </extensions>
      </trkpt>
      <trkpt lat="30.527777712437224" lon="104.0616124670524">
        <ele>0.0</ele>
        <time>2025-03-14T08:32:28Z</time>
        <extensions>
          <gpxtpx:TrackPointExtension>
            <gpxtpx:hr>174</gpxtpx:hr>
          </gpxtpx:TrackPointExtension>
        </extensions>
      </trkpt>
      <trkpt lat="30.52776327752535" lon="104.06163634598784">
        <ele>0.0</ele>
        <time>2025-03-14T08:32:29Z</time>
        <extensions>
          <gpxtpx:TrackPointExtension>
            <gpxtpx:hr>174</gpxtpx:hr>
          </gpxtpx:TrackPointExtension>
        </extensions>
      </trkpt>
      <trkpt lat="30.527748967654958" lon="104.06165968932648">
        <ele>0.0</ele>
        <time>2025-03-14T08:32:30Z</time>
        <extensions>
          <gpxtpx:TrackPointExtension>
            <gpxtpx:hr>174</gpxtpx:hr>
          </gpxtpx:TrackPointExtension>
        </extensions>
      </trkpt>
      <trkpt lat="30.52773351675136" lon="104.06168410857398">
        <ele>0.0</ele>
        <time>2025-03-14T08:32:31Z</time>
        <extensions>
          <gpxtpx:TrackPointExtension>
            <gpxtpx:hr>174</gpxtpx:hr>
          </gpxtpx:TrackPointExtension>
        </extensions>
      </trkpt>
      <trkpt lat="30.527717924546902" lon="104.0617073675714">
        <ele>0.0</ele>
        <time>2025-03-14T08:32:32Z</time>
        <extensions>
          <gpxtpx:TrackPointExtension>
            <gpxtpx:hr>174</gpxtpx:hr>
          </gpxtpx:TrackPointExtension>
        </extensions>
      </trkpt>
      <trkpt lat="30.52770210010824" lon="104.06173058802763">
        <ele>0.0</ele>
        <time>2025-03-14T08:32:33Z</time>
        <extensions>
          <gpxtpx:TrackPointExtension>
            <gpxtpx:hr>171</gpxtpx:hr>
          </gpxtpx:TrackPointExtension>
        </extensions>
      </trkpt>
      <trkpt lat="30.52768786383342" lon="104.06175176092569">
        <ele>0.0</ele>
        <time>2025-03-14T08:32:34Z</time>
        <extensions>
          <gpxtpx:TrackPointExtension>
            <gpxtpx:hr>171</gpxtpx:hr>
          </gpxtpx:TrackPointExtension>
        </extensions>
      </trkpt>
      <trkpt lat="30.52767525943382" lon="104.06177220711979">
        <ele>0.0</ele>
        <time>2025-03-14T08:32:35Z</time>
        <extensions>
          <gpxtpx:TrackPointExtension>
            <gpxtpx:hr>171</gpxtpx:hr>
          </gpxtpx:TrackPointExtension>
        </extensions>
      </trkpt>
      <trkpt lat="30.527665429477164" lon="104.06178926327755">
        <ele>0.0</ele>
        <time>2025-03-14T08:32:36Z</time>
        <extensions>
          <gpxtpx:TrackPointExtension>
            <gpxtpx:hr>171</gpxtpx:hr>
          </gpxtpx:TrackPointExtension>
        </extensions>
      </trkpt>
      <trkpt lat="30.52765691063616" lon="104.06180192794365">
        <ele>0.0</ele>
        <time>2025-03-14T08:32:37Z</time>
        <extensions>
          <gpxtpx:TrackPointExtension>
            <gpxtpx:hr>171</gpxtpx:hr>
          </gpxtpx:TrackPointExtension>
        </extensions>
      </trkpt>
      <trkpt lat="30.52764802318158" lon="104.06181154338287">
        <ele>0.0</ele>
        <time>2025-03-14T08:32:38Z</time>
        <extensions>
          <gpxtpx:TrackPointExtension>
            <gpxtpx:hr>170</gpxtpx:hr>
          </gpxtpx:TrackPointExtension>
        </extensions>
      </trkpt>
      <trkpt lat="30.527638069298995" lon="104.06182058301205">
        <ele>0.0</ele>
        <time>2025-03-14T08:32:39Z</time>
        <extensions>
          <gpxtpx:TrackPointExtension>
            <gpxtpx:hr>170</gpxtpx:hr>
          </gpxtpx:TrackPointExtension>
        </extensions>
      </trkpt>
      <trkpt lat="30.52762750744899" lon="104.06183041582922">
        <ele>0.0</ele>
        <time>2025-03-14T08:32:40Z</time>
        <extensions>
          <gpxtpx:TrackPointExtension>
            <gpxtpx:hr>170</gpxtpx:hr>
          </gpxtpx:TrackPointExtension>
        </extensions>
      </trkpt>
      <trkpt lat="30.52761864859951" lon="104.06184037526155">
        <ele>0.0</ele>
        <time>2025-03-14T08:32:41Z</time>
        <extensions>
          <gpxtpx:TrackPointExtension>
            <gpxtpx:hr>170</gpxtpx:hr>
          </gpxtpx:TrackPointExtension>
        </extensions>
      </trkpt>
      <trkpt lat="30.5276088596394" lon="104.06185096873163">
        <ele>0.0</ele>
        <time>2025-03-14T08:32:42Z</time>
        <extensions>
          <gpxtpx:TrackPointExtension>
            <gpxtpx:hr>170</gpxtpx:hr>
          </gpxtpx:TrackPointExtension>
        </extensions>
      </trkpt>
      <trkpt lat="30.5275988364223" lon="104.06186281349137">
        <ele>0.0</ele>
        <time>2025-03-14T08:32:43Z</time>
        <extensions>
          <gpxtpx:TrackPointExtension>
            <gpxtpx:hr>169</gpxtpx:hr>
          </gpxtpx:TrackPointExtension>
        </extensions>
      </trkpt>
      <trkpt lat="30.527587285897166" lon="104.06187655116901">
        <ele>0.0</ele>
        <time>2025-03-14T08:32:44Z</time>
        <extensions>
          <gpxtpx:TrackPointExtension>
            <gpxtpx:hr>169</gpxtpx:hr>
          </gpxtpx:TrackPointExtension>
        </extensions>
      </trkpt>
      <trkpt lat="30.527576731779313" lon="104.06189134190971">
        <ele>0.0</ele>
        <time>2025-03-14T08:32:45Z</time>
        <extensions>
          <gpxtpx:TrackPointExtension>
            <gpxtpx:hr>169</gpxtpx:hr>
          </gpxtpx:TrackPointExtension>
        </extensions>
      </trkpt>
      <trkpt lat="30.527567152894743" lon="104.06190673343228">
        <ele>0.0</ele>
        <time>2025-03-14T08:32:46Z</time>
        <extensions>
          <gpxtpx:TrackPointExtension>
            <gpxtpx:hr>169</gpxtpx:hr>
          </gpxtpx:TrackPointExtension>
        </extensions>
      </trkpt>
      <trkpt lat="30.527558620121248" lon="104.06192234769651">
        <ele>0.0</ele>
        <time>2025-03-14T08:32:47Z</time>
        <extensions>
          <gpxtpx:TrackPointExtension>
            <gpxtpx:hr>169</gpxtpx:hr>
          </gpxtpx:TrackPointExtension>
        </extensions>
      </trkpt>
      <trkpt lat="30.527550945553305" lon="104.06193813196757">
        <ele>0.0</ele>
        <time>2025-03-14T08:32:48Z</time>
        <extensions>
          <gpxtpx:TrackPointExtension>
            <gpxtpx:hr>166</gpxtpx:hr>
          </gpxtpx:TrackPointExtension>
        </extensions>
      </trkpt>
      <trkpt lat="30.527544085728344" lon="104.06195371574391">
        <ele>0.0</ele>
        <time>2025-03-14T08:32:49Z</time>
        <extensions>
          <gpxtpx:TrackPointExtension>
            <gpxtpx:hr>166</gpxtpx:hr>
          </gpxtpx:TrackPointExtension>
        </extensions>
      </trkpt>
      <trkpt lat="30.52753770385848" lon="104.0619692104281">
        <ele>0.0</ele>
        <time>2025-03-14T08:32:50Z</time>
        <extensions>
          <gpxtpx:TrackPointExtension>
            <gpxtpx:hr>166</gpxtpx:hr>
          </gpxtpx:TrackPointExtension>
        </extensions>
      </trkpt>
      <trkpt lat="30.527532217722083" lon="104.0619829298937">
        <ele>0.0</ele>
        <time>2025-03-14T08:32:51Z</time>
        <extensions>
          <gpxtpx:TrackPointExtension>
            <gpxtpx:hr>166</gpxtpx:hr>
          </gpxtpx:TrackPointExtension>
        </extensions>
      </trkpt>
      <trkpt lat="30.52752676491895" lon="104.06199720096886">
        <ele>0.0</ele>
        <time>2025-03-14T08:32:52Z</time>
        <extensions>
          <gpxtpx:TrackPointExtension>
            <gpxtpx:hr>166</gpxtpx:hr>
          </gpxtpx:TrackPointExtension>
        </extensions>
      </trkpt>
      <trkpt lat="30.527521078248217" lon="104.06201175208079">
        <ele>0.0</ele>
        <time>2025-03-14T08:32:53Z</time>
        <extensions>
          <gpxtpx:TrackPointExtension>
            <gpxtpx:hr>169</gpxtpx:hr>
          </gpxtpx:TrackPointExtension>
        </extensions>
      </trkpt>
      <trkpt lat="30.527513999749615" lon="104.06202817736599">
        <ele>0.0</ele>
        <time>2025-03-14T08:32:54Z</time>
        <extensions>
          <gpxtpx:TrackPointExtension>
            <gpxtpx:hr>169</gpxtpx:hr>
          </gpxtpx:TrackPointExtension>
        </extensions>
      </trkpt>
      <trkpt lat="30.52750568080785" lon="104.06204407507795">
        <ele>0.0</ele>
        <time>2025-03-14T08:32:55Z</time>
        <extensions>
          <gpxtpx:TrackPointExtension>
            <gpxtpx:hr>169</gpxtpx:hr>
          </gpxtpx:TrackPointExtension>
        </extensions>
      </trkpt>
      <trkpt lat="30.52749603341536" lon="104.06205907981034">
        <ele>0.0</ele>
        <time>2025-03-14T08:32:56Z</time>
        <extensions>
          <gpxtpx:TrackPointExtension>
            <gpxtpx:hr>169</gpxtpx:hr>
          </gpxtpx:TrackPointExtension>
        </extensions>
      </trkpt>
      <trkpt lat="30.52748537700863" lon="104.06207299890922">
        <ele>0.0</ele>
        <time>2025-03-14T08:32:57Z</time>
        <extensions>
          <gpxtpx:TrackPointExtension>
            <gpxtpx:hr>169</gpxtpx:hr>
          </gpxtpx:TrackPointExtension>
        </extensions>
      </trkpt>
      <trkpt lat="30.527474049306104" lon="104.0620862221043">
        <ele>0.0</ele>
        <time>2025-03-14T08:32:58Z</time>
        <extensions>
          <gpxtpx:TrackPointExtension>
            <gpxtpx:hr>165</gpxtpx:hr>
          </gpxtpx:TrackPointExtension>
        </extensions>
      </trkpt>
      <trkpt lat="30.527462668501375" lon="104.06209927323245">
        <ele>0.0</ele>
        <time>2025-03-14T08:32:59Z</time>
        <extensions>
          <gpxtpx:TrackPointExtension>
            <gpxtpx:hr>165</gpxtpx:hr>
          </gpxtpx:TrackPointExtension>
        </extensions>
      </trkpt>
      <trkpt lat="30.52745137254312" lon="104.06211297093643">
        <ele>0.0</ele>
        <time>2025-03-14T08:33:00Z</time>
        <extensions>
          <gpxtpx:TrackPointExtension>
            <gpxtpx:hr>165</gpxtpx:hr>
          </gpxtpx:TrackPointExtension>
        </extensions>
      </trkpt>
      <trkpt lat="30.52744167630344" lon="104.06212639495605">
        <ele>0.0</ele>
        <time>2025-03-14T08:33:01Z</time>
        <extensions>
          <gpxtpx:TrackPointExtension>
            <gpxtpx:hr>165</gpxtpx:hr>
          </gpxtpx:TrackPointExtension>
        </extensions>
      </trkpt>
      <trkpt lat="30.527432405819013" lon="104.06214064687805">
        <ele>0.0</ele>
        <time>2025-03-14T08:33:02Z</time>
        <extensions>
          <gpxtpx:TrackPointExtension>
            <gpxtpx:hr>165</gpxtpx:hr>
          </gpxtpx:TrackPointExtension>
        </extensions>
      </trkpt>
      <trkpt lat="30.527423851655758" lon="104.06215519593286">
        <ele>0.0</ele>
        <time>2025-03-14T08:33:03Z</time>
        <extensions>
          <gpxtpx:TrackPointExtension>
            <gpxtpx:hr>162</gpxtpx:hr>
          </gpxtpx:TrackPointExtension>
        </extensions>
      </trkpt>
      <trkpt lat="30.527414932702012" lon="104.06217079557811">
        <ele>0.0</ele>
        <time>2025-03-14T08:33:04Z</time>
        <extensions>
          <gpxtpx:TrackPointExtension>
            <gpxtpx:hr>162</gpxtpx:hr>
          </gpxtpx:TrackPointExtension>
        </extensions>
      </trkpt>
      <trkpt lat="30.527406689471377" lon="104.06218634415626">
        <ele>0.0</ele>
        <time>2025-03-14T08:33:05Z</time>
        <extensions>
          <gpxtpx:TrackPointExtension>
            <gpxtpx:hr>162</gpxtpx:hr>
          </gpxtpx:TrackPointExtension>
        </extensions>
      </trkpt>
      <trkpt lat="30.527398870800756" lon="104.06220196447194">
        <ele>0.0</ele>
        <time>2025-03-14T08:33:06Z</time>
        <extensions>
          <gpxtpx:TrackPointExtension>
            <gpxtpx:hr>162</gpxtpx:hr>
          </gpxtpx:TrackPointExtension>
        </extensions>
      </trkpt>
      <trkpt lat="30.527391094853943" lon="104.06221756668431">
        <ele>0.0</ele>
        <time>2025-03-14T08:33:07Z</time>
        <extensions>
          <gpxtpx:TrackPointExtension>
            <gpxtpx:hr>162</gpxtpx:hr>
          </gpxtpx:TrackPointExtension>
        </extensions>
      </trkpt>
      <trkpt lat="30.527382894154734" lon="104.06223312142477">
        <ele>0.0</ele>
        <time>2025-03-14T08:33:08Z</time>
        <extensions>
          <gpxtpx:TrackPointExtension>
            <gpxtpx:hr>161</gpxtpx:hr>
          </gpxtpx:TrackPointExtension>
        </extensions>
      </trkpt>
      <trkpt lat="30.527375331358215" lon="104.06224702512486">
        <ele>0.0</ele>
        <time>2025-03-14T08:33:09Z</time>
        <extensions>
          <gpxtpx:TrackPointExtension>
            <gpxtpx:hr>161</gpxtpx:hr>
          </gpxtpx:TrackPointExtension>
        </extensions>
      </trkpt>
      <trkpt lat="30.527367549300536" lon="104.06226122811259">
        <ele>0.0</ele>
        <time>2025-03-14T08:33:10Z</time>
        <extensions>
          <gpxtpx:TrackPointExtension>
            <gpxtpx:hr>161</gpxtpx:hr>
          </gpxtpx:TrackPointExtension>
        </extensions>
      </trkpt>
      <trkpt lat="30.527360032284076" lon="104.06227536693652">
        <ele>0.0</ele>
        <time>2025-03-14T08:33:11Z</time>
        <extensions>
          <gpxtpx:TrackPointExtension>
            <gpxtpx:hr>161</gpxtpx:hr>
          </gpxtpx:TrackPointExtension>
        </extensions>
      </trkpt>
      <trkpt lat="30.527351764855503" lon="104.06229074982625">
        <ele>0.0</ele>
        <time>2025-03-14T08:33:12Z</time>
        <extensions>
          <gpxtpx:TrackPointExtension>
            <gpxtpx:hr>161</gpxtpx:hr>
          </gpxtpx:TrackPointExtension>
        </extensions>
      </trkpt>
      <trkpt lat="30.527343633394565" lon="104.06230566528977">
        <ele>0.0</ele>
        <time>2025-03-14T08:33:13Z</time>
        <extensions>
          <gpxtpx:TrackPointExtension>
            <gpxtpx:hr>160</gpxtpx:hr>
          </gpxtpx:TrackPointExtension>
        </extensions>
      </trkpt>
      <trkpt lat="30.527335517871407" lon="104.06232037012498">
        <ele>0.0</ele>
        <time>2025-03-14T08:33:14Z</time>
        <extensions>
          <gpxtpx:TrackPointExtension>
            <gpxtpx:hr>160</gpxtpx:hr>
          </gpxtpx:TrackPointExtension>
        </extensions>
      </trkpt>
      <trkpt lat="30.527327538951365" lon="104.0623352739621">
        <ele>0.0</ele>
        <time>2025-03-14T08:33:15Z</time>
        <extensions>
          <gpxtpx:TrackPointExtension>
            <gpxtpx:hr>160</gpxtpx:hr>
          </gpxtpx:TrackPointExtension>
        </extensions>
      </trkpt>
      <trkpt lat="30.52731981235547" lon="104.06235057572157">
        <ele>0.0</ele>
        <time>2025-03-14T08:33:16Z</time>
        <extensions>
          <gpxtpx:TrackPointExtension>
            <gpxtpx:hr>160</gpxtpx:hr>
          </gpxtpx:TrackPointExtension>
        </extensions>
      </trkpt>
      <trkpt lat="30.527312344738316" lon="104.06236628230388">
        <ele>0.0</ele>
        <time>2025-03-14T08:33:17Z</time>
        <extensions>
          <gpxtpx:TrackPointExtension>
            <gpxtpx:hr>160</gpxtpx:hr>
          </gpxtpx:TrackPointExtension>
        </extensions>
      </trkpt>
      <trkpt lat="30.527304495656686" lon="104.06238223749911">
        <ele>0.0</ele>
        <time>2025-03-14T08:33:18Z</time>
        <extensions>
          <gpxtpx:TrackPointExtension>
            <gpxtpx:hr>159</gpxtpx:hr>
          </gpxtpx:TrackPointExtension>
        </extensions>
      </trkpt>
      <trkpt lat="30.5272971512081" lon="104.0623970079976">
        <ele>0.0</ele>
        <time>2025-03-14T08:33:19Z</time>
        <extensions>
          <gpxtpx:TrackPointExtension>
            <gpxtpx:hr>159</gpxtpx:hr>
          </gpxtpx:TrackPointExtension>
        </extensions>
      </trkpt>
      <trkpt lat="30.527287967826872" lon="104.06241231593675">
        <ele>0.0</ele>
        <time>2025-03-14T08:33:20Z</time>
        <extensions>
          <gpxtpx:TrackPointExtension>
            <gpxtpx:hr>159</gpxtpx:hr>
          </gpxtpx:TrackPointExtension>
        </extensions>
      </trkpt>
      <trkpt lat="30.52727881608284" lon="104.06242756486465">
        <ele>0.0</ele>
        <time>2025-03-14T08:33:21Z</time>
        <extensions>
          <gpxtpx:TrackPointExtension>
            <gpxtpx:hr>159</gpxtpx:hr>
          </gpxtpx:TrackPointExtension>
        </extensions>
      </trkpt>
      <trkpt lat="30.527269399295356" lon="104.06244225407917">
        <ele>0.0</ele>
        <time>2025-03-14T08:33:22Z</time>
        <extensions>
          <gpxtpx:TrackPointExtension>
            <gpxtpx:hr>159</gpxtpx:hr>
          </gpxtpx:TrackPointExtension>
        </extensions>
      </trkpt>
      <trkpt lat="30.527261260053642" lon="104.06245664490196">
        <ele>0.0</ele>
        <time>2025-03-14T08:33:23Z</time>
        <extensions>
          <gpxtpx:TrackPointExtension>
            <gpxtpx:hr>158</gpxtpx:hr>
          </gpxtpx:TrackPointExtension>
        </extensions>
      </trkpt>
      <trkpt lat="30.527253067550507" lon="104.06247095489437">
        <ele>0.0</ele>
        <time>2025-03-14T08:33:24Z</time>
        <extensions>
          <gpxtpx:TrackPointExtension>
            <gpxtpx:hr>158</gpxtpx:hr>
          </gpxtpx:TrackPointExtension>
        </extensions>
      </trkpt>
      <trkpt lat="30.527243901444276" lon="104.06248672121515">
        <ele>0.0</ele>
        <time>2025-03-14T08:33:25Z</time>
        <extensions>
          <gpxtpx:TrackPointExtension>
            <gpxtpx:hr>158</gpxtpx:hr>
          </gpxtpx:TrackPointExtension>
        </extensions>
      </trkpt>
      <trkpt lat="30.52723427207655" lon="104.06250199788083">
        <ele>0.0</ele>
        <time>2025-03-14T08:33:26Z</time>
        <extensions>
          <gpxtpx:TrackPointExtension>
            <gpxtpx:hr>158</gpxtpx:hr>
          </gpxtpx:TrackPointExtension>
        </extensions>
      </trkpt>
      <trkpt lat="30.527223867625214" lon="104.06251693819102">
        <ele>0.0</ele>
        <time>2025-03-14T08:33:27Z</time>
        <extensions>
          <gpxtpx:TrackPointExtension>
            <gpxtpx:hr>158</gpxtpx:hr>
          </gpxtpx:TrackPointExtension>
        </extensions>
      </trkpt>
      <trkpt lat="30.5272140644771" lon="104.06253114156497">
        <ele>0.0</ele>
        <time>2025-03-14T08:33:28Z</time>
        <extensions>
          <gpxtpx:TrackPointExtension>
            <gpxtpx:hr>158</gpxtpx:hr>
          </gpxtpx:TrackPointExtension>
        </extensions>
      </trkpt>
      <trkpt lat="30.527203713246838" lon="104.0625456478179">
        <ele>0.0</ele>
        <time>2025-03-14T08:33:29Z</time>
        <extensions>
          <gpxtpx:TrackPointExtension>
            <gpxtpx:hr>158</gpxtpx:hr>
          </gpxtpx:TrackPointExtension>
        </extensions>
      </trkpt>
      <trkpt lat="30.527193252346585" lon="104.06256154857294">
        <ele>0.0</ele>
        <time>2025-03-14T08:33:30Z</time>
        <extensions>
          <gpxtpx:TrackPointExtension>
            <gpxtpx:hr>158</gpxtpx:hr>
          </gpxtpx:TrackPointExtension>
        </extensions>
      </trkpt>
      <trkpt lat="30.52718287018813" lon="104.06257755708597">
        <ele>0.0</ele>
        <time>2025-03-14T08:33:31Z</time>
        <extensions>
          <gpxtpx:TrackPointExtension>
            <gpxtpx:hr>158</gpxtpx:hr>
          </gpxtpx:TrackPointExtension>
        </extensions>
      </trkpt>
      <trkpt lat="30.527173999303464" lon="104.06259242783455">
        <ele>0.0</ele>
        <time>2025-03-14T08:33:32Z</time>
        <extensions>
          <gpxtpx:TrackPointExtension>
            <gpxtpx:hr>158</gpxtpx:hr>
          </gpxtpx:TrackPointExtension>
        </extensions>
      </trkpt>
      <trkpt lat="30.527166397658334" lon="104.06260542900158">
        <ele>0.0</ele>
        <time>2025-03-14T08:33:33Z</time>
        <extensions>
          <gpxtpx:TrackPointExtension>
            <gpxtpx:hr>157</gpxtpx:hr>
          </gpxtpx:TrackPointExtension>
        </extensions>
      </trkpt>
      <trkpt lat="30.52715979937922" lon="104.06261664812396">
        <ele>0.0</ele>
        <time>2025-03-14T08:33:34Z</time>
        <extensions>
          <gpxtpx:TrackPointExtension>
            <gpxtpx:hr>157</gpxtpx:hr>
          </gpxtpx:TrackPointExtension>
        </extensions>
      </trkpt>
      <trkpt lat="30.52715279672525" lon="104.06262856661384">
        <ele>0.0</ele>
        <time>2025-03-14T08:33:35Z</time>
        <extensions>
          <gpxtpx:TrackPointExtension>
            <gpxtpx:hr>157</gpxtpx:hr>
          </gpxtpx:TrackPointExtension>
        </extensions>
      </trkpt>
      <trkpt lat="30.52714534070881" lon="104.0626412762952">
        <ele>0.0</ele>
        <time>2025-03-14T08:33:36Z</time>
        <extensions>
          <gpxtpx:TrackPointExtension>
            <gpxtpx:hr>157</gpxtpx:hr>
          </gpxtpx:TrackPointExtension>
        </extensions>
      </trkpt>
      <trkpt lat="30.52713648960053" lon="104.0626563785624">
        <ele>0.0</ele>
        <time>2025-03-14T08:33:37Z</time>
        <extensions>
          <gpxtpx:TrackPointExtension>
            <gpxtpx:hr>157</gpxtpx:hr>
          </gpxtpx:TrackPointExtension>
        </extensions>
      </trkpt>
      <trkpt lat="30.527127548517797" lon="104.06267158213782">
        <ele>0.0</ele>
        <time>2025-03-14T08:33:38Z</time>
        <extensions>
          <gpxtpx:TrackPointExtension>
            <gpxtpx:hr>156</gpxtpx:hr>
          </gpxtpx:TrackPointExtension>
        </extensions>
      </trkpt>
      <trkpt lat="30.527118681965977" lon="104.06268654901164">
        <ele>0.0</ele>
        <time>2025-03-14T08:33:39Z</time>
        <extensions>
          <gpxtpx:TrackPointExtension>
            <gpxtpx:hr>156</gpxtpx:hr>
          </gpxtpx:TrackPointExtension>
        </extensions>
      </trkpt>
      <trkpt lat="30.527109786435172" lon="104.06270145252648">
        <ele>0.0</ele>
        <time>2025-03-14T08:33:40Z</time>
        <extensions>
          <gpxtpx:TrackPointExtension>
            <gpxtpx:hr>156</gpxtpx:hr>
          </gpxtpx:TrackPointExtension>
        </extensions>
      </trkpt>
      <trkpt lat="30.527100879640876" lon="104.06271626658031">
        <ele>0.0</ele>
        <time>2025-03-14T08:33:41Z</time>
        <extensions>
          <gpxtpx:TrackPointExtension>
            <gpxtpx:hr>156</gpxtpx:hr>
          </gpxtpx:TrackPointExtension>
        </extensions>
      </trkpt>
      <trkpt lat="30.527091922650403" lon="104.06273109836731">
        <ele>0.0</ele>
        <time>2025-03-14T08:33:42Z</time>
        <extensions>
          <gpxtpx:TrackPointExtension>
            <gpxtpx:hr>156</gpxtpx:hr>
          </gpxtpx:TrackPointExtension>
        </extensions>
      </trkpt>
      <trkpt lat="30.527083039914956" lon="104.06274580019492">
        <ele>0.0</ele>
        <time>2025-03-14T08:33:43Z</time>
        <extensions>
          <gpxtpx:TrackPointExtension>
            <gpxtpx:hr>155</gpxtpx:hr>
          </gpxtpx:TrackPointExtension>
        </extensions>
      </trkpt>
      <trkpt lat="30.527074416444975" lon="104.06276013192864">
        <ele>0.0</ele>
        <time>2025-03-14T08:33:44Z</time>
        <extensions>
          <gpxtpx:TrackPointExtension>
            <gpxtpx:hr>155</gpxtpx:hr>
          </gpxtpx:TrackPointExtension>
        </extensions>
      </trkpt>
      <trkpt lat="30.527066016590798" lon="104.06277420214735">
        <ele>0.0</ele>
        <time>2025-03-14T08:33:45Z</time>
        <extensions>
          <gpxtpx:TrackPointExtension>
            <gpxtpx:hr>155</gpxtpx:hr>
          </gpxtpx:TrackPointExtension>
        </extensions>
      </trkpt>
      <trkpt lat="30.527058836791642" lon="104.06278627935599">
        <ele>0.0</ele>
        <time>2025-03-14T08:33:46Z</time>
        <extensions>
          <gpxtpx:TrackPointExtension>
            <gpxtpx:hr>155</gpxtpx:hr>
          </gpxtpx:TrackPointExtension>
        </extensions>
      </trkpt>
      <trkpt lat="30.527051242403115" lon="104.0627991427041">
        <ele>0.0</ele>
        <time>2025-03-14T08:33:47Z</time>
        <extensions>
          <gpxtpx:TrackPointExtension>
            <gpxtpx:hr>155</gpxtpx:hr>
          </gpxtpx:TrackPointExtension>
        </extensions>
      </trkpt>
      <trkpt lat="30.52704342646743" lon="104.0628123951702">
        <ele>0.0</ele>
        <time>2025-03-14T08:33:48Z</time>
        <extensions>
          <gpxtpx:TrackPointExtension>
            <gpxtpx:hr>156</gpxtpx:hr>
          </gpxtpx:TrackPointExtension>
        </extensions>
      </trkpt>
      <trkpt lat="30.527034254926427" lon="104.06282791289648">
        <ele>0.0</ele>
        <time>2025-03-14T08:33:49Z</time>
        <extensions>
          <gpxtpx:TrackPointExtension>
            <gpxtpx:hr>156</gpxtpx:hr>
          </gpxtpx:TrackPointExtension>
        </extensions>
      </trkpt>
      <trkpt lat="30.527025123850674" lon="104.06284317141308">
        <ele>0.0</ele>
        <time>2025-03-14T08:33:50Z</time>
        <extensions>
          <gpxtpx:TrackPointExtension>
            <gpxtpx:hr>156</gpxtpx:hr>
          </gpxtpx:TrackPointExtension>
        </extensions>
      </trkpt>
      <trkpt lat="30.52701587722971" lon="104.06285837908463">
        <ele>0.0</ele>
        <time>2025-03-14T08:33:51Z</time>
        <extensions>
          <gpxtpx:TrackPointExtension>
            <gpxtpx:hr>156</gpxtpx:hr>
          </gpxtpx:TrackPointExtension>
        </extensions>
      </trkpt>
      <trkpt lat="30.52700648462978" lon="104.0628735532201">
        <ele>0.0</ele>
        <time>2025-03-14T08:33:52Z</time>
        <extensions>
          <gpxtpx:TrackPointExtension>
            <gpxtpx:hr>156</gpxtpx:hr>
          </gpxtpx:TrackPointExtension>
        </extensions>
      </trkpt>
      <trkpt lat="30.52699696854024" lon="104.06288872588115">
        <ele>0.0</ele>
        <time>2025-03-14T08:33:53Z</time>
        <extensions>
          <gpxtpx:TrackPointExtension>
            <gpxtpx:hr>150</gpxtpx:hr>
          </gpxtpx:TrackPointExtension>
        </extensions>
      </trkpt>
      <trkpt lat="30.526987353515146" lon="104.06290391719473">
        <ele>0.0</ele>
        <time>2025-03-14T08:33:54Z</time>
        <extensions>
          <gpxtpx:TrackPointExtension>
            <gpxtpx:hr>150</gpxtpx:hr>
          </gpxtpx:TrackPointExtension>
        </extensions>
      </trkpt>
      <trkpt lat="30.526977700306716" lon="104.06291915875433">
        <ele>0.0</ele>
        <time>2025-03-14T08:33:55Z</time>
        <extensions>
          <gpxtpx:TrackPointExtension>
            <gpxtpx:hr>150</gpxtpx:hr>
          </gpxtpx:TrackPointExtension>
        </extensions>
      </trkpt>
      <trkpt lat="30.526968067833952" lon="104.0629344979063">
        <ele>0.0</ele>
        <time>2025-03-14T08:33:56Z</time>
        <extensions>
          <gpxtpx:TrackPointExtension>
            <gpxtpx:hr>150</gpxtpx:hr>
          </gpxtpx:TrackPointExtension>
        </extensions>
      </trkpt>
      <trkpt lat="30.526958555428326" lon="104.0629499422323">
        <ele>0.0</ele>
        <time>2025-03-14T08:33:57Z</time>
        <extensions>
          <gpxtpx:TrackPointExtension>
            <gpxtpx:hr>150</gpxtpx:hr>
          </gpxtpx:TrackPointExtension>
        </extensions>
      </trkpt>
      <trkpt lat="30.526949148345807" lon="104.0629656159303">
        <ele>0.0</ele>
        <time>2025-03-14T08:33:58Z</time>
        <extensions>
          <gpxtpx:TrackPointExtension>
            <gpxtpx:hr>150</gpxtpx:hr>
          </gpxtpx:TrackPointExtension>
        </extensions>
      </trkpt>
      <trkpt lat="30.526939983422558" lon="104.06298132013946">
        <ele>0.0</ele>
        <time>2025-03-14T08:33:59Z</time>
        <extensions>
          <gpxtpx:TrackPointExtension>
            <gpxtpx:hr>150</gpxtpx:hr>
          </gpxtpx:TrackPointExtension>
        </extensions>
      </trkpt>
      <trkpt lat="30.526931049292976" lon="104.06299705082965">
        <ele>0.0</ele>
        <time>2025-03-14T08:34:00Z</time>
        <extensions>
          <gpxtpx:TrackPointExtension>
            <gpxtpx:hr>150</gpxtpx:hr>
          </gpxtpx:TrackPointExtension>
        </extensions>
      </trkpt>
      <trkpt lat="30.526922402337902" lon="104.06301266913835">
        <ele>0.0</ele>
        <time>2025-03-14T08:34:01Z</time>
        <extensions>
          <gpxtpx:TrackPointExtension>
            <gpxtpx:hr>150</gpxtpx:hr>
          </gpxtpx:TrackPointExtension>
        </extensions>
      </trkpt>
      <trkpt lat="30.5269139276024" lon="104.0630282686576">
        <ele>0.0</ele>
        <time>2025-03-14T08:34:02Z</time>
        <extensions>
          <gpxtpx:TrackPointExtension>
            <gpxtpx:hr>150</gpxtpx:hr>
          </gpxtpx:TrackPointExtension>
        </extensions>
      </trkpt>
      <trkpt lat="30.526905565689738" lon="104.06304380493432">
        <ele>0.0</ele>
        <time>2025-03-14T08:34:03Z</time>
        <extensions>
          <gpxtpx:TrackPointExtension>
            <gpxtpx:hr>144</gpxtpx:hr>
          </gpxtpx:TrackPointExtension>
        </extensions>
      </trkpt>
      <trkpt lat="30.526897456181768" lon="104.06305891156448">
        <ele>0.0</ele>
        <time>2025-03-14T08:34:04Z</time>
        <extensions>
          <gpxtpx:TrackPointExtension>
            <gpxtpx:hr>144</gpxtpx:hr>
          </gpxtpx:TrackPointExtension>
        </extensions>
      </trkpt>
      <trkpt lat="30.526889458578513" lon="104.06307378317719">
        <ele>0.0</ele>
        <time>2025-03-14T08:34:05Z</time>
        <extensions>
          <gpxtpx:TrackPointExtension>
            <gpxtpx:hr>144</gpxtpx:hr>
          </gpxtpx:TrackPointExtension>
        </extensions>
      </trkpt>
      <trkpt lat="30.52688269717635" lon="104.06308650999462">
        <ele>0.0</ele>
        <time>2025-03-14T08:34:06Z</time>
        <extensions>
          <gpxtpx:TrackPointExtension>
            <gpxtpx:hr>144</gpxtpx:hr>
          </gpxtpx:TrackPointExtension>
        </extensions>
      </trkpt>
      <trkpt lat="30.526875555588422" lon="104.06309991385244">
        <ele>0.0</ele>
        <time>2025-03-14T08:34:07Z</time>
        <extensions>
          <gpxtpx:TrackPointExtension>
            <gpxtpx:hr>144</gpxtpx:hr>
          </gpxtpx:TrackPointExtension>
        </extensions>
      </trkpt>
      <trkpt lat="30.52686825727218" lon="104.06311359225566">
        <ele>0.0</ele>
        <time>2025-03-14T08:34:08Z</time>
        <extensions>
          <gpxtpx:TrackPointExtension>
            <gpxtpx:hr>143</gpxtpx:hr>
          </gpxtpx:TrackPointExtension>
        </extensions>
      </trkpt>
      <trkpt lat="30.526859707318966" lon="104.06312940216662">
        <ele>0.0</ele>
        <time>2025-03-14T08:34:09Z</time>
        <extensions>
          <gpxtpx:TrackPointExtension>
            <gpxtpx:hr>143</gpxtpx:hr>
          </gpxtpx:TrackPointExtension>
        </extensions>
      </trkpt>
      <trkpt lat="30.52685136164437" lon="104.06314479865328">
        <ele>0.0</ele>
        <time>2025-03-14T08:34:10Z</time>
        <extensions>
          <gpxtpx:TrackPointExtension>
            <gpxtpx:hr>143</gpxtpx:hr>
          </gpxtpx:TrackPointExtension>
        </extensions>
      </trkpt>
      <trkpt lat="30.52684309247225" lon="104.06315995892035">
        <ele>0.0</ele>
        <time>2025-03-14T08:34:11Z</time>
        <extensions>
          <gpxtpx:TrackPointExtension>
            <gpxtpx:hr>143</gpxtpx:hr>
          </gpxtpx:TrackPointExtension>
        </extensions>
      </trkpt>
      <trkpt lat="30.52683487642569" lon="104.06317488672344">
        <ele>0.0</ele>
        <time>2025-03-14T08:34:12Z</time>
        <extensions>
          <gpxtpx:TrackPointExtension>
            <gpxtpx:hr>143</gpxtpx:hr>
          </gpxtpx:TrackPointExtension>
        </extensions>
      </trkpt>
      <trkpt lat="30.526826694503406" lon="104.06318958695125">
        <ele>0.0</ele>
        <time>2025-03-14T08:34:13Z</time>
        <extensions>
          <gpxtpx:TrackPointExtension>
            <gpxtpx:hr>141</gpxtpx:hr>
          </gpxtpx:TrackPointExtension>
        </extensions>
      </trkpt>
      <trkpt lat="30.5268185315431" lon="104.06320409847946">
        <ele>0.0</ele>
        <time>2025-03-14T08:34:14Z</time>
        <extensions>
          <gpxtpx:TrackPointExtension>
            <gpxtpx:hr>141</gpxtpx:hr>
          </gpxtpx:TrackPointExtension>
        </extensions>
      </trkpt>
      <trkpt lat="30.52681037979386" lon="104.06321846893555">
        <ele>0.0</ele>
        <time>2025-03-14T08:34:15Z</time>
        <extensions>
          <gpxtpx:TrackPointExtension>
            <gpxtpx:hr>141</gpxtpx:hr>
          </gpxtpx:TrackPointExtension>
        </extensions>
      </trkpt>
      <trkpt lat="30.526802235456277" lon="104.06323278015007">
        <ele>0.0</ele>
        <time>2025-03-14T08:34:16Z</time>
        <extensions>
          <gpxtpx:TrackPointExtension>
            <gpxtpx:hr>141</gpxtpx:hr>
          </gpxtpx:TrackPointExtension>
        </extensions>
      </trkpt>
      <trkpt lat="30.526794119406333" lon="104.06324707712963">
        <ele>0.0</ele>
        <time>2025-03-14T08:34:17Z</time>
        <extensions>
          <gpxtpx:TrackPointExtension>
            <gpxtpx:hr>141</gpxtpx:hr>
          </gpxtpx:TrackPointExtension>
        </extensions>
      </trkpt>
      <trkpt lat="30.526785965745262" lon="104.06326164687302">
        <ele>0.0</ele>
        <time>2025-03-14T08:34:18Z</time>
        <extensions>
          <gpxtpx:TrackPointExtension>
            <gpxtpx:hr>140</gpxtpx:hr>
          </gpxtpx:TrackPointExtension>
        </extensions>
      </trkpt>
      <trkpt lat="30.52677774976801" lon="104.06327646375696">
        <ele>0.0</ele>
        <time>2025-03-14T08:34:19Z</time>
        <extensions>
          <gpxtpx:TrackPointExtension>
            <gpxtpx:hr>140</gpxtpx:hr>
          </gpxtpx:TrackPointExtension>
        </extensions>
      </trkpt>
      <trkpt lat="30.52676887768065" lon="104.063293055044">
        <ele>0.0</ele>
        <time>2025-03-14T08:34:20Z</time>
        <extensions>
          <gpxtpx:TrackPointExtension>
            <gpxtpx:hr>140</gpxtpx:hr>
          </gpxtpx:TrackPointExtension>
        </extensions>
      </trkpt>
      <trkpt lat="30.526759590237" lon="104.06330994501565">
        <ele>0.0</ele>
        <time>2025-03-14T08:34:21Z</time>
        <extensions>
          <gpxtpx:TrackPointExtension>
            <gpxtpx:hr>140</gpxtpx:hr>
          </gpxtpx:TrackPointExtension>
        </extensions>
      </trkpt>
      <trkpt lat="30.52674995554427" lon="104.0633265244226">
        <ele>0.0</ele>
        <time>2025-03-14T08:34:22Z</time>
        <extensions>
          <gpxtpx:TrackPointExtension>
            <gpxtpx:hr>140</gpxtpx:hr>
          </gpxtpx:TrackPointExtension>
        </extensions>
      </trkpt>
      <trkpt lat="30.526740408223294" lon="104.06334128812959">
        <ele>0.0</ele>
        <time>2025-03-14T08:34:23Z</time>
        <extensions>
          <gpxtpx:TrackPointExtension>
            <gpxtpx:hr>138</gpxtpx:hr>
          </gpxtpx:TrackPointExtension>
        </extensions>
      </trkpt>
      <trkpt lat="30.52673080742732" lon="104.06335524773276">
        <ele>0.0</ele>
        <time>2025-03-14T08:34:24Z</time>
        <extensions>
          <gpxtpx:TrackPointExtension>
            <gpxtpx:hr>138</gpxtpx:hr>
          </gpxtpx:TrackPointExtension>
        </extensions>
      </trkpt>
      <trkpt lat="30.526721332283405" lon="104.06336881482804">
        <ele>0.0</ele>
        <time>2025-03-14T08:34:25Z</time>
        <extensions>
          <gpxtpx:TrackPointExtension>
            <gpxtpx:hr>138</gpxtpx:hr>
          </gpxtpx:TrackPointExtension>
        </extensions>
      </trkpt>
      <trkpt lat="30.526711783444135" lon="104.06338230785659">
        <ele>0.0</ele>
        <time>2025-03-14T08:34:26Z</time>
        <extensions>
          <gpxtpx:TrackPointExtension>
            <gpxtpx:hr>138</gpxtpx:hr>
          </gpxtpx:TrackPointExtension>
        </extensions>
      </trkpt>
      <trkpt lat="30.526703430884687" lon="104.06339432829539">
        <ele>0.0</ele>
        <time>2025-03-14T08:34:27Z</time>
        <extensions>
          <gpxtpx:TrackPointExtension>
            <gpxtpx:hr>138</gpxtpx:hr>
          </gpxtpx:TrackPointExtension>
        </extensions>
      </trkpt>
      <trkpt lat="30.526694781996635" lon="104.06340686878644">
        <ele>0.0</ele>
        <time>2025-03-14T08:34:28Z</time>
        <extensions>
          <gpxtpx:TrackPointExtension>
            <gpxtpx:hr>135</gpxtpx:hr>
          </gpxtpx:TrackPointExtension>
        </extensions>
      </trkpt>
      <trkpt lat="30.526686326628912" lon="104.06341920811126">
        <ele>0.0</ele>
        <time>2025-03-14T08:34:29Z</time>
        <extensions>
          <gpxtpx:TrackPointExtension>
            <gpxtpx:hr>135</gpxtpx:hr>
          </gpxtpx:TrackPointExtension>
        </extensions>
      </trkpt>
      <trkpt lat="30.526676667318803" lon="104.06343305874044">
        <ele>0.0</ele>
        <time>2025-03-14T08:34:30Z</time>
        <extensions>
          <gpxtpx:TrackPointExtension>
            <gpxtpx:hr>135</gpxtpx:hr>
          </gpxtpx:TrackPointExtension>
        </extensions>
      </trkpt>
      <trkpt lat="30.526667095899004" lon="104.06344675548401">
        <ele>0.0</ele>
        <time>2025-03-14T08:34:31Z</time>
        <extensions>
          <gpxtpx:TrackPointExtension>
            <gpxtpx:hr>135</gpxtpx:hr>
          </gpxtpx:TrackPointExtension>
        </extensions>
      </trkpt>
      <trkpt lat="30.526657670865223" lon="104.06346096680578">
        <ele>0.0</ele>
        <time>2025-03-14T08:34:32Z</time>
        <extensions>
          <gpxtpx:TrackPointExtension>
            <gpxtpx:hr>135</gpxtpx:hr>
          </gpxtpx:TrackPointExtension>
        </extensions>
      </trkpt>
      <trkpt lat="30.526648735993334" lon="104.06347560090377">
        <ele>0.0</ele>
        <time>2025-03-14T08:34:33Z</time>
        <extensions>
          <gpxtpx:TrackPointExtension>
            <gpxtpx:hr>132</gpxtpx:hr>
          </gpxtpx:TrackPointExtension>
        </extensions>
      </trkpt>
      <trkpt lat="30.52664026421957" lon="104.06349058503011">
        <ele>0.0</ele>
        <time>2025-03-14T08:34:34Z</time>
        <extensions>
          <gpxtpx:TrackPointExtension>
            <gpxtpx:hr>132</gpxtpx:hr>
          </gpxtpx:TrackPointExtension>
        </extensions>
      </trkpt>
      <trkpt lat="30.526631930113638" lon="104.063505698841">
        <ele>0.0</ele>
        <time>2025-03-14T08:34:35Z</time>
        <extensions>
          <gpxtpx:TrackPointExtension>
            <gpxtpx:hr>132</gpxtpx:hr>
          </gpxtpx:TrackPointExtension>
        </extensions>
      </trkpt>
      <trkpt lat="30.526623580823603" lon="104.06352084851194">
        <ele>0.0</ele>
        <time>2025-03-14T08:34:36Z</time>
        <extensions>
          <gpxtpx:TrackPointExtension>
            <gpxtpx:hr>132</gpxtpx:hr>
          </gpxtpx:TrackPointExtension>
        </extensions>
      </trkpt>
      <trkpt lat="30.526615191192324" lon="104.06353607482804">
        <ele>0.0</ele>
        <time>2025-03-14T08:34:37Z</time>
        <extensions>
          <gpxtpx:TrackPointExtension>
            <gpxtpx:hr>132</gpxtpx:hr>
          </gpxtpx:TrackPointExtension>
        </extensions>
      </trkpt>
      <trkpt lat="30.526606860498852" lon="104.06355132631231">
        <ele>0.0</ele>
        <time>2025-03-14T08:34:38Z</time>
        <extensions>
          <gpxtpx:TrackPointExtension>
            <gpxtpx:hr>130</gpxtpx:hr>
          </gpxtpx:TrackPointExtension>
        </extensions>
      </trkpt>
      <trkpt lat="30.526598129733" lon="104.06356683569325">
        <ele>0.0</ele>
        <time>2025-03-14T08:34:39Z</time>
        <extensions>
          <gpxtpx:TrackPointExtension>
            <gpxtpx:hr>130</gpxtpx:hr>
          </gpxtpx:TrackPointExtension>
        </extensions>
      </trkpt>
      <trkpt lat="30.526588997042104" lon="104.06358229894673">
        <ele>0.0</ele>
        <time>2025-03-14T08:34:40Z</time>
        <extensions>
          <gpxtpx:TrackPointExtension>
            <gpxtpx:hr>130</gpxtpx:hr>
          </gpxtpx:TrackPointExtension>
        </extensions>
      </trkpt>
      <trkpt lat="30.526579268934746" lon="104.06359767926209">
        <ele>0.0</ele>
        <time>2025-03-14T08:34:41Z</time>
        <extensions>
          <gpxtpx:TrackPointExtension>
            <gpxtpx:hr>130</gpxtpx:hr>
          </gpxtpx:TrackPointExtension>
        </extensions>
      </trkpt>
      <trkpt lat="30.526569170899702" lon="104.06361286174231">
        <ele>0.0</ele>
        <time>2025-03-14T08:34:42Z</time>
        <extensions>
          <gpxtpx:TrackPointExtension>
            <gpxtpx:hr>130</gpxtpx:hr>
          </gpxtpx:TrackPointExtension>
        </extensions>
      </trkpt>
      <trkpt lat="30.52655859033873" lon="104.06362790982588">
        <ele>0.0</ele>
        <time>2025-03-14T08:34:43Z</time>
        <extensions>
          <gpxtpx:TrackPointExtension>
            <gpxtpx:hr>129</gpxtpx:hr>
          </gpxtpx:TrackPointExtension>
        </extensions>
      </trkpt>
      <trkpt lat="30.52654775910452" lon="104.0636429865035">
        <ele>0.0</ele>
        <time>2025-03-14T08:34:44Z</time>
        <extensions>
          <gpxtpx:TrackPointExtension>
            <gpxtpx:hr>129</gpxtpx:hr>
          </gpxtpx:TrackPointExtension>
        </extensions>
      </trkpt>
      <trkpt lat="30.52653698429709" lon="104.06365818549615">
        <ele>0.0</ele>
        <time>2025-03-14T08:34:45Z</time>
        <extensions>
          <gpxtpx:TrackPointExtension>
            <gpxtpx:hr>129</gpxtpx:hr>
          </gpxtpx:TrackPointExtension>
        </extensions>
      </trkpt>
      <trkpt lat="30.52652660847864" lon="104.06367417858613">
        <ele>0.0</ele>
        <time>2025-03-14T08:34:46Z</time>
        <extensions>
          <gpxtpx:TrackPointExtension>
            <gpxtpx:hr>129</gpxtpx:hr>
          </gpxtpx:TrackPointExtension>
        </extensions>
      </trkpt>
      <trkpt lat="30.526517335881806" lon="104.06368973735694">
        <ele>0.0</ele>
        <time>2025-03-14T08:34:47Z</time>
        <extensions>
          <gpxtpx:TrackPointExtension>
            <gpxtpx:hr>129</gpxtpx:hr>
          </gpxtpx:TrackPointExtension>
        </extensions>
      </trkpt>
      <trkpt lat="30.526509022771027" lon="104.0637046673416">
        <ele>0.0</ele>
        <time>2025-03-14T08:34:48Z</time>
        <extensions>
          <gpxtpx:TrackPointExtension>
            <gpxtpx:hr>128</gpxtpx:hr>
          </gpxtpx:TrackPointExtension>
        </extensions>
      </trkpt>
      <trkpt lat="30.526501396537853" lon="104.06371854431889">
        <ele>0.0</ele>
        <time>2025-03-14T08:34:49Z</time>
        <extensions>
          <gpxtpx:TrackPointExtension>
            <gpxtpx:hr>128</gpxtpx:hr>
          </gpxtpx:TrackPointExtension>
        </extensions>
      </trkpt>
      <trkpt lat="30.526493660591928" lon="104.06373251805644">
        <ele>0.0</ele>
        <time>2025-03-14T08:34:50Z</time>
        <extensions>
          <gpxtpx:TrackPointExtension>
            <gpxtpx:hr>128</gpxtpx:hr>
          </gpxtpx:TrackPointExtension>
        </extensions>
      </trkpt>
      <trkpt lat="30.52648574193039" lon="104.06374669900569">
        <ele>0.0</ele>
        <time>2025-03-14T08:34:51Z</time>
        <extensions>
          <gpxtpx:TrackPointExtension>
            <gpxtpx:hr>128</gpxtpx:hr>
          </gpxtpx:TrackPointExtension>
        </extensions>
      </trkpt>
      <trkpt lat="30.526477661480047" lon="104.06376106223935">
        <ele>0.0</ele>
        <time>2025-03-14T08:34:52Z</time>
        <extensions>
          <gpxtpx:TrackPointExtension>
            <gpxtpx:hr>128</gpxtpx:hr>
          </gpxtpx:TrackPointExtension>
        </extensions>
      </trkpt>
      <trkpt lat="30.526469483893532" lon="104.06377557547452">
        <ele>0.0</ele>
        <time>2025-03-14T08:34:53Z</time>
        <extensions>
          <gpxtpx:TrackPointExtension>
            <gpxtpx:hr>127</gpxtpx:hr>
          </gpxtpx:TrackPointExtension>
        </extensions>
      </trkpt>
      <trkpt lat="30.526461167698415" lon="104.06379037917262">
        <ele>0.0</ele>
        <time>2025-03-14T08:34:54Z</time>
        <extensions>
          <gpxtpx:TrackPointExtension>
            <gpxtpx:hr>127</gpxtpx:hr>
          </gpxtpx:TrackPointExtension>
        </extensions>
      </trkpt>
      <trkpt lat="30.526452860226346" lon="104.06380529621352">
        <ele>0.0</ele>
        <time>2025-03-14T08:34:55Z</time>
        <extensions>
          <gpxtpx:TrackPointExtension>
            <gpxtpx:hr>127</gpxtpx:hr>
          </gpxtpx:TrackPointExtension>
        </extensions>
      </trkpt>
      <trkpt lat="30.52644457169868" lon="104.06382035158282">
        <ele>0.0</ele>
        <time>2025-03-14T08:34:56Z</time>
        <extensions>
          <gpxtpx:TrackPointExtension>
            <gpxtpx:hr>127</gpxtpx:hr>
          </gpxtpx:TrackPointExtension>
        </extensions>
      </trkpt>
      <trkpt lat="30.526436377053564" lon="104.06383539178502">
        <ele>0.0</ele>
        <time>2025-03-14T08:34:57Z</time>
        <extensions>
          <gpxtpx:TrackPointExtension>
            <gpxtpx:hr>127</gpxtpx:hr>
          </gpxtpx:TrackPointExtension>
        </extensions>
      </trkpt>
      <trkpt lat="30.52642816831482" lon="104.06385055217078">
        <ele>0.0</ele>
        <time>2025-03-14T08:34:58Z</time>
        <extensions>
          <gpxtpx:TrackPointExtension>
            <gpxtpx:hr>127</gpxtpx:hr>
          </gpxtpx:TrackPointExtension>
        </extensions>
      </trkpt>
      <trkpt lat="30.526419949053757" lon="104.06386580432998">
        <ele>0.0</ele>
        <time>2025-03-14T08:34:59Z</time>
        <extensions>
          <gpxtpx:TrackPointExtension>
            <gpxtpx:hr>127</gpxtpx:hr>
          </gpxtpx:TrackPointExtension>
        </extensions>
      </trkpt>
      <trkpt lat="30.526411719856302" lon="104.06388115501011">
        <ele>0.0</ele>
        <time>2025-03-14T08:35:00Z</time>
        <extensions>
          <gpxtpx:TrackPointExtension>
            <gpxtpx:hr>127</gpxtpx:hr>
          </gpxtpx:TrackPointExtension>
        </extensions>
      </trkpt>
      <trkpt lat="30.52640347961948" lon="104.06389661238651">
        <ele>0.0</ele>
        <time>2025-03-14T08:35:01Z</time>
        <extensions>
          <gpxtpx:TrackPointExtension>
            <gpxtpx:hr>127</gpxtpx:hr>
          </gpxtpx:TrackPointExtension>
        </extensions>
      </trkpt>
      <trkpt lat="30.526395212528918" lon="104.06391217979781">
        <ele>0.0</ele>
        <time>2025-03-14T08:35:02Z</time>
        <extensions>
          <gpxtpx:TrackPointExtension>
            <gpxtpx:hr>127</gpxtpx:hr>
          </gpxtpx:TrackPointExtension>
        </extensions>
      </trkpt>
      <trkpt lat="30.526386910211436" lon="104.06392785844368">
        <ele>0.0</ele>
        <time>2025-03-14T08:35:03Z</time>
        <extensions>
          <gpxtpx:TrackPointExtension>
            <gpxtpx:hr>126</gpxtpx:hr>
          </gpxtpx:TrackPointExtension>
        </extensions>
      </trkpt>
      <trkpt lat="30.526378568979833" lon="104.06394361396526">
        <ele>0.0</ele>
        <time>2025-03-14T08:35:04Z</time>
        <extensions>
          <gpxtpx:TrackPointExtension>
            <gpxtpx:hr>126</gpxtpx:hr>
          </gpxtpx:TrackPointExtension>
        </extensions>
      </trkpt>
      <trkpt lat="30.526370134149634" lon="104.0639595004875">
        <ele>0.0</ele>
        <time>2025-03-14T08:35:05Z</time>
        <extensions>
          <gpxtpx:TrackPointExtension>
            <gpxtpx:hr>126</gpxtpx:hr>
          </gpxtpx:TrackPointExtension>
        </extensions>
      </trkpt>
      <trkpt lat="30.526361712453763" lon="104.06397528932189">
        <ele>0.0</ele>
        <time>2025-03-14T08:35:06Z</time>
        <extensions>
          <gpxtpx:TrackPointExtension>
            <gpxtpx:hr>126</gpxtpx:hr>
          </gpxtpx:TrackPointExtension>
        </extensions>
      </trkpt>
      <trkpt lat="30.526353482813466" lon="104.06399066547695">
        <ele>0.0</ele>
        <time>2025-03-14T08:35:07Z</time>
        <extensions>
          <gpxtpx:TrackPointExtension>
            <gpxtpx:hr>126</gpxtpx:hr>
          </gpxtpx:TrackPointExtension>
        </extensions>
      </trkpt>
      <trkpt lat="30.526345426452167" lon="104.06400568436557">
        <ele>0.0</ele>
        <time>2025-03-14T08:35:08Z</time>
        <extensions>
          <gpxtpx:TrackPointExtension>
            <gpxtpx:hr>124</gpxtpx:hr>
          </gpxtpx:TrackPointExtension>
        </extensions>
      </trkpt>
      <trkpt lat="30.526338501705954" lon="104.06401862236626">
        <ele>0.0</ele>
        <time>2025-03-14T08:35:09Z</time>
        <extensions>
          <gpxtpx:TrackPointExtension>
            <gpxtpx:hr>124</gpxtpx:hr>
          </gpxtpx:TrackPointExtension>
        </extensions>
      </trkpt>
      <trkpt lat="30.5263312312363" lon="104.06403216222117">
        <ele>0.0</ele>
        <time>2025-03-14T08:35:10Z</time>
        <extensions>
          <gpxtpx:TrackPointExtension>
            <gpxtpx:hr>124</gpxtpx:hr>
          </gpxtpx:TrackPointExtension>
        </extensions>
      </trkpt>
      <trkpt lat="30.52632365290964" lon="104.06404623646044">
        <ele>0.0</ele>
        <time>2025-03-14T08:35:11Z</time>
        <extensions>
          <gpxtpx:TrackPointExtension>
            <gpxtpx:hr>124</gpxtpx:hr>
          </gpxtpx:TrackPointExtension>
        </extensions>
      </trkpt>
      <trkpt lat="30.526314852598247" lon="104.06406251445159">
        <ele>0.0</ele>
        <time>2025-03-14T08:35:12Z</time>
        <extensions>
          <gpxtpx:TrackPointExtension>
            <gpxtpx:hr>124</gpxtpx:hr>
          </gpxtpx:TrackPointExtension>
        </extensions>
      </trkpt>
      <trkpt lat="30.526306169581368" lon="104.06407857809081">
        <ele>0.0</ele>
        <time>2025-03-14T08:35:13Z</time>
        <extensions>
          <gpxtpx:TrackPointExtension>
            <gpxtpx:hr>123</gpxtpx:hr>
          </gpxtpx:TrackPointExtension>
        </extensions>
      </trkpt>
      <trkpt lat="30.526297670589614" lon="104.0640942944493">
        <ele>0.0</ele>
        <time>2025-03-14T08:35:14Z</time>
        <extensions>
          <gpxtpx:TrackPointExtension>
            <gpxtpx:hr>123</gpxtpx:hr>
          </gpxtpx:TrackPointExtension>
        </extensions>
      </trkpt>
      <trkpt lat="30.526289220891993" lon="104.0641098518291">
        <ele>0.0</ele>
        <time>2025-03-14T08:35:15Z</time>
        <extensions>
          <gpxtpx:TrackPointExtension>
            <gpxtpx:hr>123</gpxtpx:hr>
          </gpxtpx:TrackPointExtension>
        </extensions>
      </trkpt>
      <trkpt lat="30.526280791234967" lon="104.06412524062871">
        <ele>0.0</ele>
        <time>2025-03-14T08:35:16Z</time>
        <extensions>
          <gpxtpx:TrackPointExtension>
            <gpxtpx:hr>123</gpxtpx:hr>
          </gpxtpx:TrackPointExtension>
        </extensions>
      </trkpt>
      <trkpt lat="30.52627233165534" lon="104.06414048520634">
        <ele>0.0</ele>
        <time>2025-03-14T08:35:17Z</time>
        <extensions>
          <gpxtpx:TrackPointExtension>
            <gpxtpx:hr>123</gpxtpx:hr>
          </gpxtpx:TrackPointExtension>
        </extensions>
      </trkpt>
      <trkpt lat="30.526263848033487" lon="104.06415557203846">
        <ele>0.0</ele>
        <time>2025-03-14T08:35:18Z</time>
        <extensions>
          <gpxtpx:TrackPointExtension>
            <gpxtpx:hr>123</gpxtpx:hr>
          </gpxtpx:TrackPointExtension>
        </extensions>
      </trkpt>
      <trkpt lat="30.526255264021643" lon="104.06417063862465">
        <ele>0.0</ele>
        <time>2025-03-14T08:35:19Z</time>
        <extensions>
          <gpxtpx:TrackPointExtension>
            <gpxtpx:hr>123</gpxtpx:hr>
          </gpxtpx:TrackPointExtension>
        </extensions>
      </trkpt>
      <trkpt lat="30.52624669971483" lon="104.06418551038148">
        <ele>0.0</ele>
        <time>2025-03-14T08:35:20Z</time>
        <extensions>
          <gpxtpx:TrackPointExtension>
            <gpxtpx:hr>123</gpxtpx:hr>
          </gpxtpx:TrackPointExtension>
        </extensions>
      </trkpt>
      <trkpt lat="30.526238149787506" lon="104.06420023134673">
        <ele>0.0</ele>
        <time>2025-03-14T08:35:21Z</time>
        <extensions>
          <gpxtpx:TrackPointExtension>
            <gpxtpx:hr>123</gpxtpx:hr>
          </gpxtpx:TrackPointExtension>
        </extensions>
      </trkpt>
      <trkpt lat="30.52622969292807" lon="104.06421472557992">
        <ele>0.0</ele>
        <time>2025-03-14T08:35:22Z</time>
        <extensions>
          <gpxtpx:TrackPointExtension>
            <gpxtpx:hr>123</gpxtpx:hr>
          </gpxtpx:TrackPointExtension>
        </extensions>
      </trkpt>
      <trkpt lat="30.526221262385384" lon="104.06422919875008">
        <ele>0.0</ele>
        <time>2025-03-14T08:35:23Z</time>
        <extensions>
          <gpxtpx:TrackPointExtension>
            <gpxtpx:hr>124</gpxtpx:hr>
          </gpxtpx:TrackPointExtension>
        </extensions>
      </trkpt>
      <trkpt lat="30.52621287904069" lon="104.06424362781105">
        <ele>0.0</ele>
        <time>2025-03-14T08:35:24Z</time>
        <extensions>
          <gpxtpx:TrackPointExtension>
            <gpxtpx:hr>124</gpxtpx:hr>
          </gpxtpx:TrackPointExtension>
        </extensions>
      </trkpt>
      <trkpt lat="30.526204527884868" lon="104.06425800861811">
        <ele>0.0</ele>
        <time>2025-03-14T08:35:25Z</time>
        <extensions>
          <gpxtpx:TrackPointExtension>
            <gpxtpx:hr>124</gpxtpx:hr>
          </gpxtpx:TrackPointExtension>
        </extensions>
      </trkpt>
      <trkpt lat="30.526196180848313" lon="104.06427230263289">
        <ele>0.0</ele>
        <time>2025-03-14T08:35:26Z</time>
        <extensions>
          <gpxtpx:TrackPointExtension>
            <gpxtpx:hr>124</gpxtpx:hr>
          </gpxtpx:TrackPointExtension>
        </extensions>
      </trkpt>
      <trkpt lat="30.526187548065998" lon="104.06428685414353">
        <ele>0.0</ele>
        <time>2025-03-14T08:35:27Z</time>
        <extensions>
          <gpxtpx:TrackPointExtension>
            <gpxtpx:hr>124</gpxtpx:hr>
          </gpxtpx:TrackPointExtension>
        </extensions>
      </trkpt>
      <trkpt lat="30.52617859989515" lon="104.06430147374378">
        <ele>0.0</ele>
        <time>2025-03-14T08:35:28Z</time>
        <extensions>
          <gpxtpx:TrackPointExtension>
            <gpxtpx:hr>125</gpxtpx:hr>
          </gpxtpx:TrackPointExtension>
        </extensions>
      </trkpt>
      <trkpt lat="30.526168276888985" lon="104.06431741407437">
        <ele>0.0</ele>
        <time>2025-03-14T08:35:29Z</time>
        <extensions>
          <gpxtpx:TrackPointExtension>
            <gpxtpx:hr>125</gpxtpx:hr>
          </gpxtpx:TrackPointExtension>
        </extensions>
      </trkpt>
      <trkpt lat="30.52615695250496" lon="104.06433340912936">
        <ele>0.0</ele>
        <time>2025-03-14T08:35:30Z</time>
        <extensions>
          <gpxtpx:TrackPointExtension>
            <gpxtpx:hr>125</gpxtpx:hr>
          </gpxtpx:TrackPointExtension>
        </extensions>
      </trkpt>
      <trkpt lat="30.526144543808734" lon="104.06434912406357">
        <ele>0.0</ele>
        <time>2025-03-14T08:35:31Z</time>
        <extensions>
          <gpxtpx:TrackPointExtension>
            <gpxtpx:hr>125</gpxtpx:hr>
          </gpxtpx:TrackPointExtension>
        </extensions>
      </trkpt>
      <trkpt lat="30.526132148662263" lon="104.06436314960823">
        <ele>0.0</ele>
        <time>2025-03-14T08:35:32Z</time>
        <extensions>
          <gpxtpx:TrackPointExtension>
            <gpxtpx:hr>125</gpxtpx:hr>
          </gpxtpx:TrackPointExtension>
        </extensions>
      </trkpt>
      <trkpt lat="30.526119861421794" lon="104.06437627730173">
        <ele>0.0</ele>
        <time>2025-03-14T08:35:33Z</time>
        <extensions>
          <gpxtpx:TrackPointExtension>
            <gpxtpx:hr>126</gpxtpx:hr>
          </gpxtpx:TrackPointExtension>
        </extensions>
      </trkpt>
      <trkpt lat="30.526107761356243" lon="104.06438932032088">
        <ele>0.0</ele>
        <time>2025-03-14T08:35:34Z</time>
        <extensions>
          <gpxtpx:TrackPointExtension>
            <gpxtpx:hr>126</gpxtpx:hr>
          </gpxtpx:TrackPointExtension>
        </extensions>
      </trkpt>
      <trkpt lat="30.526097117299233" lon="104.06440139256259">
        <ele>0.0</ele>
        <time>2025-03-14T08:35:35Z</time>
        <extensions>
          <gpxtpx:TrackPointExtension>
            <gpxtpx:hr>126</gpxtpx:hr>
          </gpxtpx:TrackPointExtension>
        </extensions>
      </trkpt>
      <trkpt lat="30.526086541113983" lon="104.06441443943075">
        <ele>0.0</ele>
        <time>2025-03-14T08:35:36Z</time>
        <extensions>
          <gpxtpx:TrackPointExtension>
            <gpxtpx:hr>126</gpxtpx:hr>
          </gpxtpx:TrackPointExtension>
        </extensions>
      </trkpt>
      <trkpt lat="30.526076620333164" lon="104.06442785669556">
        <ele>0.0</ele>
        <time>2025-03-14T08:35:37Z</time>
        <extensions>
          <gpxtpx:TrackPointExtension>
            <gpxtpx:hr>126</gpxtpx:hr>
          </gpxtpx:TrackPointExtension>
        </extensions>
      </trkpt>
      <trkpt lat="30.52606600608717" lon="104.06444295200144">
        <ele>0.0</ele>
        <time>2025-03-14T08:35:38Z</time>
        <extensions>
          <gpxtpx:TrackPointExtension>
            <gpxtpx:hr>126</gpxtpx:hr>
          </gpxtpx:TrackPointExtension>
        </extensions>
      </trkpt>
      <trkpt lat="30.526055842159863" lon="104.06445795838943">
        <ele>0.0</ele>
        <time>2025-03-14T08:35:39Z</time>
        <extensions>
          <gpxtpx:TrackPointExtension>
            <gpxtpx:hr>126</gpxtpx:hr>
          </gpxtpx:TrackPointExtension>
        </extensions>
      </trkpt>
      <trkpt lat="30.52604513633138" lon="104.06447333950037">
        <ele>0.0</ele>
        <time>2025-03-14T08:35:40Z</time>
        <extensions>
          <gpxtpx:TrackPointExtension>
            <gpxtpx:hr>126</gpxtpx:hr>
          </gpxtpx:TrackPointExtension>
        </extensions>
      </trkpt>
      <trkpt lat="30.52603374210091" lon="104.06448834526888">
        <ele>0.0</ele>
        <time>2025-03-14T08:35:41Z</time>
        <extensions>
          <gpxtpx:TrackPointExtension>
            <gpxtpx:hr>126</gpxtpx:hr>
          </gpxtpx:TrackPointExtension>
        </extensions>
      </trkpt>
      <trkpt lat="30.526021865837762" lon="104.06450240939876">
        <ele>0.0</ele>
        <time>2025-03-14T08:35:42Z</time>
        <extensions>
          <gpxtpx:TrackPointExtension>
            <gpxtpx:hr>126</gpxtpx:hr>
          </gpxtpx:TrackPointExtension>
        </extensions>
      </trkpt>
      <trkpt lat="30.526010949010594" lon="104.06451467074885">
        <ele>0.0</ele>
        <time>2025-03-14T08:35:43Z</time>
        <extensions>
          <gpxtpx:TrackPointExtension>
            <gpxtpx:hr>125</gpxtpx:hr>
          </gpxtpx:TrackPointExtension>
        </extensions>
      </trkpt>
      <trkpt lat="30.52600195369358" lon="104.06452695955886">
        <ele>0.0</ele>
        <time>2025-03-14T08:35:44Z</time>
        <extensions>
          <gpxtpx:TrackPointExtension>
            <gpxtpx:hr>125</gpxtpx:hr>
          </gpxtpx:TrackPointExtension>
        </extensions>
      </trkpt>
      <trkpt lat="30.52599319852483" lon="104.06453987264413">
        <ele>0.0</ele>
        <time>2025-03-14T08:35:45Z</time>
        <extensions>
          <gpxtpx:TrackPointExtension>
            <gpxtpx:hr>125</gpxtpx:hr>
          </gpxtpx:TrackPointExtension>
        </extensions>
      </trkpt>
      <trkpt lat="30.525983868651736" lon="104.06455504869301">
        <ele>0.0</ele>
        <time>2025-03-14T08:35:46Z</time>
        <extensions>
          <gpxtpx:TrackPointExtension>
            <gpxtpx:hr>125</gpxtpx:hr>
          </gpxtpx:TrackPointExtension>
        </extensions>
      </trkpt>
      <trkpt lat="30.525973003343335" lon="104.06457074640046">
        <ele>0.0</ele>
        <time>2025-03-14T08:35:47Z</time>
        <extensions>
          <gpxtpx:TrackPointExtension>
            <gpxtpx:hr>125</gpxtpx:hr>
          </gpxtpx:TrackPointExtension>
        </extensions>
      </trkpt>
      <trkpt lat="30.525962050381352" lon="104.0645864715866">
        <ele>0.0</ele>
        <time>2025-03-14T08:35:48Z</time>
        <extensions>
          <gpxtpx:TrackPointExtension>
            <gpxtpx:hr>123</gpxtpx:hr>
          </gpxtpx:TrackPointExtension>
        </extensions>
      </trkpt>
      <trkpt lat="30.52595094220067" lon="104.06460127265161">
        <ele>0.0</ele>
        <time>2025-03-14T08:35:49Z</time>
        <extensions>
          <gpxtpx:TrackPointExtension>
            <gpxtpx:hr>123</gpxtpx:hr>
          </gpxtpx:TrackPointExtension>
        </extensions>
      </trkpt>
      <trkpt lat="30.525939761422617" lon="104.06461556219561">
        <ele>0.0</ele>
        <time>2025-03-14T08:35:50Z</time>
        <extensions>
          <gpxtpx:TrackPointExtension>
            <gpxtpx:hr>123</gpxtpx:hr>
          </gpxtpx:TrackPointExtension>
        </extensions>
      </trkpt>
      <trkpt lat="30.525928579115742" lon="104.06462954401536">
        <ele>0.0</ele>
        <time>2025-03-14T08:35:51Z</time>
        <extensions>
          <gpxtpx:TrackPointExtension>
            <gpxtpx:hr>123</gpxtpx:hr>
          </gpxtpx:TrackPointExtension>
        </extensions>
      </trkpt>
      <trkpt lat="30.525917371111014" lon="104.06464322480943">
        <ele>0.0</ele>
        <time>2025-03-14T08:35:52Z</time>
        <extensions>
          <gpxtpx:TrackPointExtension>
            <gpxtpx:hr>123</gpxtpx:hr>
          </gpxtpx:TrackPointExtension>
        </extensions>
      </trkpt>
      <trkpt lat="30.525906333835966" lon="104.06465677700517">
        <ele>0.0</ele>
        <time>2025-03-14T08:35:53Z</time>
        <extensions>
          <gpxtpx:TrackPointExtension>
            <gpxtpx:hr>125</gpxtpx:hr>
          </gpxtpx:TrackPointExtension>
        </extensions>
      </trkpt>
      <trkpt lat="30.52589561685719" lon="104.06467042259217">
        <ele>0.0</ele>
        <time>2025-03-14T08:35:54Z</time>
        <extensions>
          <gpxtpx:TrackPointExtension>
            <gpxtpx:hr>125</gpxtpx:hr>
          </gpxtpx:TrackPointExtension>
        </extensions>
      </trkpt>
      <trkpt lat="30.5258851131384" lon="104.064684355287">
        <ele>0.0</ele>
        <time>2025-03-14T08:35:55Z</time>
        <extensions>
          <gpxtpx:TrackPointExtension>
            <gpxtpx:hr>125</gpxtpx:hr>
          </gpxtpx:TrackPointExtension>
        </extensions>
      </trkpt>
      <trkpt lat="30.52587464665068" lon="104.06469837220502">
        <ele>0.0</ele>
        <time>2025-03-14T08:35:56Z</time>
        <extensions>
          <gpxtpx:TrackPointExtension>
            <gpxtpx:hr>125</gpxtpx:hr>
          </gpxtpx:TrackPointExtension>
        </extensions>
      </trkpt>
      <trkpt lat="30.525863785835423" lon="104.06471262222725">
        <ele>0.0</ele>
        <time>2025-03-14T08:35:57Z</time>
        <extensions>
          <gpxtpx:TrackPointExtension>
            <gpxtpx:hr>125</gpxtpx:hr>
          </gpxtpx:TrackPointExtension>
        </extensions>
      </trkpt>
      <trkpt lat="30.52585231859232" lon="104.0647266951675">
        <ele>0.0</ele>
        <time>2025-03-14T08:35:58Z</time>
        <extensions>
          <gpxtpx:TrackPointExtension>
            <gpxtpx:hr>125</gpxtpx:hr>
          </gpxtpx:TrackPointExtension>
        </extensions>
      </trkpt>
      <trkpt lat="30.525839992374745" lon="104.06474054131701">
        <ele>0.0</ele>
        <time>2025-03-14T08:35:59Z</time>
        <extensions>
          <gpxtpx:TrackPointExtension>
            <gpxtpx:hr>125</gpxtpx:hr>
          </gpxtpx:TrackPointExtension>
        </extensions>
      </trkpt>
      <trkpt lat="30.5258268592362" lon="104.06475389460543">
        <ele>0.0</ele>
        <time>2025-03-14T08:36:00Z</time>
        <extensions>
          <gpxtpx:TrackPointExtension>
            <gpxtpx:hr>125</gpxtpx:hr>
          </gpxtpx:TrackPointExtension>
        </extensions>
      </trkpt>
      <trkpt lat="30.52581308952524" lon="104.06476702804844">
        <ele>0.0</ele>
        <time>2025-03-14T08:36:01Z</time>
        <extensions>
          <gpxtpx:TrackPointExtension>
            <gpxtpx:hr>125</gpxtpx:hr>
          </gpxtpx:TrackPointExtension>
        </extensions>
      </trkpt>
      <trkpt lat="30.525799450363223" lon="104.0647797168815">
        <ele>0.0</ele>
        <time>2025-03-14T08:36:02Z</time>
        <extensions>
          <gpxtpx:TrackPointExtension>
            <gpxtpx:hr>125</gpxtpx:hr>
          </gpxtpx:TrackPointExtension>
        </extensions>
      </trkpt>
      <trkpt lat="30.525785793503264" lon="104.06479267598264">
        <ele>0.0</ele>
        <time>2025-03-14T08:36:03Z</time>
        <extensions>
          <gpxtpx:TrackPointExtension>
            <gpxtpx:hr>125</gpxtpx:hr>
          </gpxtpx:TrackPointExtension>
        </extensions>
      </trkpt>
      <trkpt lat="30.52577388844399" lon="104.06480435363703">
        <ele>0.0</ele>
        <time>2025-03-14T08:36:04Z</time>
        <extensions>
          <gpxtpx:TrackPointExtension>
            <gpxtpx:hr>125</gpxtpx:hr>
          </gpxtpx:TrackPointExtension>
        </extensions>
      </trkpt>
      <trkpt lat="30.525760745377422" lon="104.06481823651167">
        <ele>0.0</ele>
        <time>2025-03-14T08:36:05Z</time>
        <extensions>
          <gpxtpx:TrackPointExtension>
            <gpxtpx:hr>125</gpxtpx:hr>
          </gpxtpx:TrackPointExtension>
        </extensions>
      </trkpt>
      <trkpt lat="30.5257496739821" lon="104.06483098299799">
        <ele>0.0</ele>
        <time>2025-03-14T08:36:06Z</time>
        <extensions>
          <gpxtpx:TrackPointExtension>
            <gpxtpx:hr>125</gpxtpx:hr>
          </gpxtpx:TrackPointExtension>
        </extensions>
      </trkpt>
      <trkpt lat="30.525737734347647" lon="104.06484583859047">
        <ele>0.0</ele>
        <time>2025-03-14T08:36:07Z</time>
        <extensions>
          <gpxtpx:TrackPointExtension>
            <gpxtpx:hr>125</gpxtpx:hr>
          </gpxtpx:TrackPointExtension>
        </extensions>
      </trkpt>
      <trkpt lat="30.525727761375798" lon="104.06485928360557">
        <ele>0.0</ele>
        <time>2025-03-14T08:36:08Z</time>
        <extensions>
          <gpxtpx:TrackPointExtension>
            <gpxtpx:hr>125</gpxtpx:hr>
          </gpxtpx:TrackPointExtension>
        </extensions>
      </trkpt>
      <trkpt lat="30.525716699595097" lon="104.06487393698032">
        <ele>0.0</ele>
        <time>2025-03-14T08:36:09Z</time>
        <extensions>
          <gpxtpx:TrackPointExtension>
            <gpxtpx:hr>125</gpxtpx:hr>
          </gpxtpx:TrackPointExtension>
        </extensions>
      </trkpt>
      <trkpt lat="30.525705916606004" lon="104.06488817707694">
        <ele>0.0</ele>
        <time>2025-03-14T08:36:10Z</time>
        <extensions>
          <gpxtpx:TrackPointExtension>
            <gpxtpx:hr>125</gpxtpx:hr>
          </gpxtpx:TrackPointExtension>
        </extensions>
      </trkpt>
      <trkpt lat="30.525695091176072" lon="104.06490234786149">
        <ele>0.0</ele>
        <time>2025-03-14T08:36:11Z</time>
        <extensions>
          <gpxtpx:TrackPointExtension>
            <gpxtpx:hr>125</gpxtpx:hr>
          </gpxtpx:TrackPointExtension>
        </extensions>
      </trkpt>
      <trkpt lat="30.525684513955998" lon="104.06491652614498">
        <ele>0.0</ele>
        <time>2025-03-14T08:36:12Z</time>
        <extensions>
          <gpxtpx:TrackPointExtension>
            <gpxtpx:hr>125</gpxtpx:hr>
          </gpxtpx:TrackPointExtension>
        </extensions>
      </trkpt>
      <trkpt lat="30.525673894011668" lon="104.06493063573787">
        <ele>0.0</ele>
        <time>2025-03-14T08:36:13Z</time>
        <extensions>
          <gpxtpx:TrackPointExtension>
            <gpxtpx:hr>125</gpxtpx:hr>
          </gpxtpx:TrackPointExtension>
        </extensions>
      </trkpt>
      <trkpt lat="30.52566333656922" lon="104.06494444476051">
        <ele>0.0</ele>
        <time>2025-03-14T08:36:14Z</time>
        <extensions>
          <gpxtpx:TrackPointExtension>
            <gpxtpx:hr>125</gpxtpx:hr>
          </gpxtpx:TrackPointExtension>
        </extensions>
      </trkpt>
      <trkpt lat="30.52565280637578" lon="104.06495762306751">
        <ele>0.0</ele>
        <time>2025-03-14T08:36:15Z</time>
        <extensions>
          <gpxtpx:TrackPointExtension>
            <gpxtpx:hr>125</gpxtpx:hr>
          </gpxtpx:TrackPointExtension>
        </extensions>
      </trkpt>
      <trkpt lat="30.525642430925352" lon="104.06496975780627">
        <ele>0.0</ele>
        <time>2025-03-14T08:36:16Z</time>
        <extensions>
          <gpxtpx:TrackPointExtension>
            <gpxtpx:hr>125</gpxtpx:hr>
          </gpxtpx:TrackPointExtension>
        </extensions>
      </trkpt>
      <trkpt lat="30.52563278132678" lon="104.06498076814407">
        <ele>0.0</ele>
        <time>2025-03-14T08:36:17Z</time>
        <extensions>
          <gpxtpx:TrackPointExtension>
            <gpxtpx:hr>125</gpxtpx:hr>
          </gpxtpx:TrackPointExtension>
        </extensions>
      </trkpt>
      <trkpt lat="30.525623670147894" lon="104.0649923049374">
        <ele>0.0</ele>
        <time>2025-03-14T08:36:18Z</time>
        <extensions>
          <gpxtpx:TrackPointExtension>
            <gpxtpx:hr>125</gpxtpx:hr>
          </gpxtpx:TrackPointExtension>
        </extensions>
      </trkpt>
      <trkpt lat="30.52561395446811" lon="104.06500559356327">
        <ele>0.0</ele>
        <time>2025-03-14T08:36:19Z</time>
        <extensions>
          <gpxtpx:TrackPointExtension>
            <gpxtpx:hr>125</gpxtpx:hr>
          </gpxtpx:TrackPointExtension>
        </extensions>
      </trkpt>
      <trkpt lat="30.525600770763614" lon="104.06502059279407">
        <ele>0.0</ele>
        <time>2025-03-14T08:36:20Z</time>
        <extensions>
          <gpxtpx:TrackPointExtension>
            <gpxtpx:hr>125</gpxtpx:hr>
          </gpxtpx:TrackPointExtension>
        </extensions>
      </trkpt>
      <trkpt lat="30.525586177175096" lon="104.0650347774296">
        <ele>0.0</ele>
        <time>2025-03-14T08:36:21Z</time>
        <extensions>
          <gpxtpx:TrackPointExtension>
            <gpxtpx:hr>125</gpxtpx:hr>
          </gpxtpx:TrackPointExtension>
        </extensions>
      </trkpt>
      <trkpt lat="30.525571606420932" lon="104.0650470125806">
        <ele>0.0</ele>
        <time>2025-03-14T08:36:22Z</time>
        <extensions>
          <gpxtpx:TrackPointExtension>
            <gpxtpx:hr>125</gpxtpx:hr>
          </gpxtpx:TrackPointExtension>
        </extensions>
      </trkpt>
      <trkpt lat="30.525559188059685" lon="104.06505779026155">
        <ele>0.0</ele>
        <time>2025-03-14T08:36:23Z</time>
        <extensions>
          <gpxtpx:TrackPointExtension>
            <gpxtpx:hr>124</gpxtpx:hr>
          </gpxtpx:TrackPointExtension>
        </extensions>
      </trkpt>
      <trkpt lat="30.525546778553846" lon="104.06506863025184">
        <ele>0.0</ele>
        <time>2025-03-14T08:36:24Z</time>
        <extensions>
          <gpxtpx:TrackPointExtension>
            <gpxtpx:hr>124</gpxtpx:hr>
          </gpxtpx:TrackPointExtension>
        </extensions>
      </trkpt>
      <trkpt lat="30.525534091974833" lon="104.06507998480654">
        <ele>0.0</ele>
        <time>2025-03-14T08:36:25Z</time>
        <extensions>
          <gpxtpx:TrackPointExtension>
            <gpxtpx:hr>124</gpxtpx:hr>
          </gpxtpx:TrackPointExtension>
        </extensions>
      </trkpt>
      <trkpt lat="30.525521357764926" lon="104.06509171409355">
        <ele>0.0</ele>
        <time>2025-03-14T08:36:26Z</time>
        <extensions>
          <gpxtpx:TrackPointExtension>
            <gpxtpx:hr>124</gpxtpx:hr>
          </gpxtpx:TrackPointExtension>
        </extensions>
      </trkpt>
      <trkpt lat="30.52550847382883" lon="104.0651038949936">
        <ele>0.0</ele>
        <time>2025-03-14T08:36:27Z</time>
        <extensions>
          <gpxtpx:TrackPointExtension>
            <gpxtpx:hr>124</gpxtpx:hr>
          </gpxtpx:TrackPointExtension>
        </extensions>
      </trkpt>
      <trkpt lat="30.52549572284679" lon="104.0651161932169">
        <ele>0.0</ele>
        <time>2025-03-14T08:36:28Z</time>
        <extensions>
          <gpxtpx:TrackPointExtension>
            <gpxtpx:hr>123</gpxtpx:hr>
          </gpxtpx:TrackPointExtension>
        </extensions>
      </trkpt>
      <trkpt lat="30.52548297809056" lon="104.06512869606574">
        <ele>0.0</ele>
        <time>2025-03-14T08:36:29Z</time>
        <extensions>
          <gpxtpx:TrackPointExtension>
            <gpxtpx:hr>123</gpxtpx:hr>
          </gpxtpx:TrackPointExtension>
        </extensions>
      </trkpt>
      <trkpt lat="30.525470516182484" lon="104.06514109923872">
        <ele>0.0</ele>
        <time>2025-03-14T08:36:30Z</time>
        <extensions>
          <gpxtpx:TrackPointExtension>
            <gpxtpx:hr>123</gpxtpx:hr>
          </gpxtpx:TrackPointExtension>
        </extensions>
      </trkpt>
      <trkpt lat="30.525458124650427" lon="104.06515355939563">
        <ele>0.0</ele>
        <time>2025-03-14T08:36:31Z</time>
        <extensions>
          <gpxtpx:TrackPointExtension>
            <gpxtpx:hr>123</gpxtpx:hr>
          </gpxtpx:TrackPointExtension>
        </extensions>
      </trkpt>
      <trkpt lat="30.52544597097556" lon="104.06516586012427">
        <ele>0.0</ele>
        <time>2025-03-14T08:36:32Z</time>
        <extensions>
          <gpxtpx:TrackPointExtension>
            <gpxtpx:hr>123</gpxtpx:hr>
          </gpxtpx:TrackPointExtension>
        </extensions>
      </trkpt>
      <trkpt lat="30.52543408501341" lon="104.06517796279049">
        <ele>0.0</ele>
        <time>2025-03-14T08:36:33Z</time>
        <extensions>
          <gpxtpx:TrackPointExtension>
            <gpxtpx:hr>123</gpxtpx:hr>
          </gpxtpx:TrackPointExtension>
        </extensions>
      </trkpt>
      <trkpt lat="30.52542394154621" lon="104.06518842112126">
        <ele>0.0</ele>
        <time>2025-03-14T08:36:34Z</time>
        <extensions>
          <gpxtpx:TrackPointExtension>
            <gpxtpx:hr>123</gpxtpx:hr>
          </gpxtpx:TrackPointExtension>
        </extensions>
      </trkpt>
      <trkpt lat="30.525413545237043" lon="104.06519921387728">
        <ele>0.0</ele>
        <time>2025-03-14T08:36:35Z</time>
        <extensions>
          <gpxtpx:TrackPointExtension>
            <gpxtpx:hr>123</gpxtpx:hr>
          </gpxtpx:TrackPointExtension>
        </extensions>
      </trkpt>
      <trkpt lat="30.525402775917087" lon="104.065210423607">
        <ele>0.0</ele>
        <time>2025-03-14T08:36:36Z</time>
        <extensions>
          <gpxtpx:TrackPointExtension>
            <gpxtpx:hr>123</gpxtpx:hr>
          </gpxtpx:TrackPointExtension>
        </extensions>
      </trkpt>
      <trkpt lat="30.525390254395212" lon="104.06522334577214">
        <ele>0.0</ele>
        <time>2025-03-14T08:36:37Z</time>
        <extensions>
          <gpxtpx:TrackPointExtension>
            <gpxtpx:hr>123</gpxtpx:hr>
          </gpxtpx:TrackPointExtension>
        </extensions>
      </trkpt>
      <trkpt lat="30.52537781875198" lon="104.06523609086616">
        <ele>0.0</ele>
        <time>2025-03-14T08:36:38Z</time>
        <extensions>
          <gpxtpx:TrackPointExtension>
            <gpxtpx:hr>123</gpxtpx:hr>
          </gpxtpx:TrackPointExtension>
        </extensions>
      </trkpt>
      <trkpt lat="30.525365428739587" lon="104.06524867315866">
        <ele>0.0</ele>
        <time>2025-03-14T08:36:39Z</time>
        <extensions>
          <gpxtpx:TrackPointExtension>
            <gpxtpx:hr>123</gpxtpx:hr>
          </gpxtpx:TrackPointExtension>
        </extensions>
      </trkpt>
      <trkpt lat="30.525353098327628" lon="104.06526109900386">
        <ele>0.0</ele>
        <time>2025-03-14T08:36:40Z</time>
        <extensions>
          <gpxtpx:TrackPointExtension>
            <gpxtpx:hr>123</gpxtpx:hr>
          </gpxtpx:TrackPointExtension>
        </extensions>
      </trkpt>
      <trkpt lat="30.525340817177117" lon="104.06527341929373">
        <ele>0.0</ele>
        <time>2025-03-14T08:36:41Z</time>
        <extensions>
          <gpxtpx:TrackPointExtension>
            <gpxtpx:hr>123</gpxtpx:hr>
          </gpxtpx:TrackPointExtension>
        </extensions>
      </trkpt>
      <trkpt lat="30.525328698080024" lon="104.06528553960482">
        <ele>0.0</ele>
        <time>2025-03-14T08:36:42Z</time>
        <extensions>
          <gpxtpx:TrackPointExtension>
            <gpxtpx:hr>123</gpxtpx:hr>
          </gpxtpx:TrackPointExtension>
        </extensions>
      </trkpt>
      <trkpt lat="30.5253165232969" lon="104.06529766828986">
        <ele>0.0</ele>
        <time>2025-03-14T08:36:43Z</time>
        <extensions>
          <gpxtpx:TrackPointExtension>
            <gpxtpx:hr>123</gpxtpx:hr>
          </gpxtpx:TrackPointExtension>
        </extensions>
      </trkpt>
      <trkpt lat="30.52530432616061" lon="104.06530975960453">
        <ele>0.0</ele>
        <time>2025-03-14T08:36:44Z</time>
        <extensions>
          <gpxtpx:TrackPointExtension>
            <gpxtpx:hr>123</gpxtpx:hr>
          </gpxtpx:TrackPointExtension>
        </extensions>
      </trkpt>
      <trkpt lat="30.525292251700524" lon="104.06532165003023">
        <ele>0.0</ele>
        <time>2025-03-14T08:36:45Z</time>
        <extensions>
          <gpxtpx:TrackPointExtension>
            <gpxtpx:hr>123</gpxtpx:hr>
          </gpxtpx:TrackPointExtension>
        </extensions>
      </trkpt>
      <trkpt lat="30.52528023256866" lon="104.06533335607763">
        <ele>0.0</ele>
        <time>2025-03-14T08:36:46Z</time>
        <extensions>
          <gpxtpx:TrackPointExtension>
            <gpxtpx:hr>123</gpxtpx:hr>
          </gpxtpx:TrackPointExtension>
        </extensions>
      </trkpt>
      <trkpt lat="30.52526830480754" lon="104.0653447907179">
        <ele>0.0</ele>
        <time>2025-03-14T08:36:47Z</time>
        <extensions>
          <gpxtpx:TrackPointExtension>
            <gpxtpx:hr>123</gpxtpx:hr>
          </gpxtpx:TrackPointExtension>
        </extensions>
      </trkpt>
      <trkpt lat="30.525256249953976" lon="104.06535615142346">
        <ele>0.0</ele>
        <time>2025-03-14T08:36:48Z</time>
        <extensions>
          <gpxtpx:TrackPointExtension>
            <gpxtpx:hr>122</gpxtpx:hr>
          </gpxtpx:TrackPointExtension>
        </extensions>
      </trkpt>
      <trkpt lat="30.52524383422264" lon="104.06536753091633">
        <ele>0.0</ele>
        <time>2025-03-14T08:36:49Z</time>
        <extensions>
          <gpxtpx:TrackPointExtension>
            <gpxtpx:hr>122</gpxtpx:hr>
          </gpxtpx:TrackPointExtension>
        </extensions>
      </trkpt>
      <trkpt lat="30.525230892015117" lon="104.06537917923802">
        <ele>0.0</ele>
        <time>2025-03-14T08:36:50Z</time>
        <extensions>
          <gpxtpx:TrackPointExtension>
            <gpxtpx:hr>122</gpxtpx:hr>
          </gpxtpx:TrackPointExtension>
        </extensions>
      </trkpt>
      <trkpt lat="30.525215559604117" lon="104.06539212136045">
        <ele>0.0</ele>
        <time>2025-03-14T08:36:51Z</time>
        <extensions>
          <gpxtpx:TrackPointExtension>
            <gpxtpx:hr>122</gpxtpx:hr>
          </gpxtpx:TrackPointExtension>
        </extensions>
      </trkpt>
      <trkpt lat="30.525199251144244" lon="104.06540603660662">
        <ele>0.0</ele>
        <time>2025-03-14T08:36:52Z</time>
        <extensions>
          <gpxtpx:TrackPointExtension>
            <gpxtpx:hr>122</gpxtpx:hr>
          </gpxtpx:TrackPointExtension>
        </extensions>
      </trkpt>
      <trkpt lat="30.52518299208524" lon="104.06542063190292">
        <ele>0.0</ele>
        <time>2025-03-14T08:36:53Z</time>
        <extensions>
          <gpxtpx:TrackPointExtension>
            <gpxtpx:hr>123</gpxtpx:hr>
          </gpxtpx:TrackPointExtension>
        </extensions>
      </trkpt>
      <trkpt lat="30.525169479823578" lon="104.06543469179354">
        <ele>0.0</ele>
        <time>2025-03-14T08:36:54Z</time>
        <extensions>
          <gpxtpx:TrackPointExtension>
            <gpxtpx:hr>123</gpxtpx:hr>
          </gpxtpx:TrackPointExtension>
        </extensions>
      </trkpt>
      <trkpt lat="30.525158130753386" lon="104.06544718086363">
        <ele>0.0</ele>
        <time>2025-03-14T08:36:55Z</time>
        <extensions>
          <gpxtpx:TrackPointExtension>
            <gpxtpx:hr>123</gpxtpx:hr>
          </gpxtpx:TrackPointExtension>
        </extensions>
      </trkpt>
      <trkpt lat="30.52514734241077" lon="104.0654576139191">
        <ele>0.0</ele>
        <time>2025-03-14T08:36:56Z</time>
        <extensions>
          <gpxtpx:TrackPointExtension>
            <gpxtpx:hr>123</gpxtpx:hr>
          </gpxtpx:TrackPointExtension>
        </extensions>
      </trkpt>
      <trkpt lat="30.525135998313395" lon="104.06546640893508">
        <ele>0.0</ele>
        <time>2025-03-14T08:36:57Z</time>
        <extensions>
          <gpxtpx:TrackPointExtension>
            <gpxtpx:hr>123</gpxtpx:hr>
          </gpxtpx:TrackPointExtension>
        </extensions>
      </trkpt>
      <trkpt lat="30.52512324186645" lon="104.0654751888642">
        <ele>0.0</ele>
        <time>2025-03-14T08:36:58Z</time>
        <extensions>
          <gpxtpx:TrackPointExtension>
            <gpxtpx:hr>122</gpxtpx:hr>
          </gpxtpx:TrackPointExtension>
        </extensions>
      </trkpt>
      <trkpt lat="30.525111467413655" lon="104.06548547758301">
        <ele>0.0</ele>
        <time>2025-03-14T08:36:59Z</time>
        <extensions>
          <gpxtpx:TrackPointExtension>
            <gpxtpx:hr>122</gpxtpx:hr>
          </gpxtpx:TrackPointExtension>
        </extensions>
      </trkpt>
      <trkpt lat="30.525099499839534" lon="104.06549692902985">
        <ele>0.0</ele>
        <time>2025-03-14T08:37:00Z</time>
        <extensions>
          <gpxtpx:TrackPointExtension>
            <gpxtpx:hr>122</gpxtpx:hr>
          </gpxtpx:TrackPointExtension>
        </extensions>
      </trkpt>
      <trkpt lat="30.52508845609157" lon="104.06550956571712">
        <ele>0.0</ele>
        <time>2025-03-14T08:37:01Z</time>
        <extensions>
          <gpxtpx:TrackPointExtension>
            <gpxtpx:hr>122</gpxtpx:hr>
          </gpxtpx:TrackPointExtension>
        </extensions>
      </trkpt>
      <trkpt lat="30.525076816936572" lon="104.06552275098892">
        <ele>0.0</ele>
        <time>2025-03-14T08:37:02Z</time>
        <extensions>
          <gpxtpx:TrackPointExtension>
            <gpxtpx:hr>122</gpxtpx:hr>
          </gpxtpx:TrackPointExtension>
        </extensions>
      </trkpt>
      <trkpt lat="30.525066060720654" lon="104.06553679691501">
        <ele>0.0</ele>
        <time>2025-03-14T08:37:03Z</time>
        <extensions>
          <gpxtpx:TrackPointExtension>
            <gpxtpx:hr>122</gpxtpx:hr>
          </gpxtpx:TrackPointExtension>
        </extensions>
      </trkpt>
      <trkpt lat="30.52505540152441" lon="104.06555106912836">
        <ele>0.0</ele>
        <time>2025-03-14T08:37:04Z</time>
        <extensions>
          <gpxtpx:TrackPointExtension>
            <gpxtpx:hr>122</gpxtpx:hr>
          </gpxtpx:TrackPointExtension>
        </extensions>
      </trkpt>
      <trkpt lat="30.52504485676126" lon="104.065565385757">
        <ele>0.0</ele>
        <time>2025-03-14T08:37:05Z</time>
        <extensions>
          <gpxtpx:TrackPointExtension>
            <gpxtpx:hr>122</gpxtpx:hr>
          </gpxtpx:TrackPointExtension>
        </extensions>
      </trkpt>
      <trkpt lat="30.525034277926572" lon="104.06557978367147">
        <ele>0.0</ele>
        <time>2025-03-14T08:37:06Z</time>
        <extensions>
          <gpxtpx:TrackPointExtension>
            <gpxtpx:hr>122</gpxtpx:hr>
          </gpxtpx:TrackPointExtension>
        </extensions>
      </trkpt>
      <trkpt lat="30.525023715855536" lon="104.0655944181277">
        <ele>0.0</ele>
        <time>2025-03-14T08:37:07Z</time>
        <extensions>
          <gpxtpx:TrackPointExtension>
            <gpxtpx:hr>122</gpxtpx:hr>
          </gpxtpx:TrackPointExtension>
        </extensions>
      </trkpt>
      <trkpt lat="30.525012960953184" lon="104.06560945803511">
        <ele>0.0</ele>
        <time>2025-03-14T08:37:08Z</time>
        <extensions>
          <gpxtpx:TrackPointExtension>
            <gpxtpx:hr>123</gpxtpx:hr>
          </gpxtpx:TrackPointExtension>
        </extensions>
      </trkpt>
      <trkpt lat="30.525002349797596" lon="104.06562488863088">
        <ele>0.0</ele>
        <time>2025-03-14T08:37:09Z</time>
        <extensions>
          <gpxtpx:TrackPointExtension>
            <gpxtpx:hr>123</gpxtpx:hr>
          </gpxtpx:TrackPointExtension>
        </extensions>
      </trkpt>
      <trkpt lat="30.524991921602936" lon="104.06564056252324">
        <ele>0.0</ele>
        <time>2025-03-14T08:37:10Z</time>
        <extensions>
          <gpxtpx:TrackPointExtension>
            <gpxtpx:hr>123</gpxtpx:hr>
          </gpxtpx:TrackPointExtension>
        </extensions>
      </trkpt>
      <trkpt lat="30.524981777349304" lon="104.06565634720684">
        <ele>0.0</ele>
        <time>2025-03-14T08:37:11Z</time>
        <extensions>
          <gpxtpx:TrackPointExtension>
            <gpxtpx:hr>123</gpxtpx:hr>
          </gpxtpx:TrackPointExtension>
        </extensions>
      </trkpt>
      <trkpt lat="30.524971749599075" lon="104.06567188218911">
        <ele>0.0</ele>
        <time>2025-03-14T08:37:12Z</time>
        <extensions>
          <gpxtpx:TrackPointExtension>
            <gpxtpx:hr>123</gpxtpx:hr>
          </gpxtpx:TrackPointExtension>
        </extensions>
      </trkpt>
      <trkpt lat="30.524961677243724" lon="104.06568741782493">
        <ele>0.0</ele>
        <time>2025-03-14T08:37:13Z</time>
        <extensions>
          <gpxtpx:TrackPointExtension>
            <gpxtpx:hr>124</gpxtpx:hr>
          </gpxtpx:TrackPointExtension>
        </extensions>
      </trkpt>
      <trkpt lat="30.524951552053107" lon="104.06570273079942">
        <ele>0.0</ele>
        <time>2025-03-14T08:37:14Z</time>
        <extensions>
          <gpxtpx:TrackPointExtension>
            <gpxtpx:hr>124</gpxtpx:hr>
          </gpxtpx:TrackPointExtension>
        </extensions>
      </trkpt>
      <trkpt lat="30.524941152821864" lon="104.06571799728815">
        <ele>0.0</ele>
        <time>2025-03-14T08:37:15Z</time>
        <extensions>
          <gpxtpx:TrackPointExtension>
            <gpxtpx:hr>124</gpxtpx:hr>
          </gpxtpx:TrackPointExtension>
        </extensions>
      </trkpt>
      <trkpt lat="30.524930504810886" lon="104.0657327690645">
        <ele>0.0</ele>
        <time>2025-03-14T08:37:16Z</time>
        <extensions>
          <gpxtpx:TrackPointExtension>
            <gpxtpx:hr>124</gpxtpx:hr>
          </gpxtpx:TrackPointExtension>
        </extensions>
      </trkpt>
      <trkpt lat="30.52491936453817" lon="104.0657470544712">
        <ele>0.0</ele>
        <time>2025-03-14T08:37:17Z</time>
        <extensions>
          <gpxtpx:TrackPointExtension>
            <gpxtpx:hr>124</gpxtpx:hr>
          </gpxtpx:TrackPointExtension>
        </extensions>
      </trkpt>
      <trkpt lat="30.52490780260721" lon="104.06576064405235">
        <ele>0.0</ele>
        <time>2025-03-14T08:37:18Z</time>
        <extensions>
          <gpxtpx:TrackPointExtension>
            <gpxtpx:hr>123</gpxtpx:hr>
          </gpxtpx:TrackPointExtension>
        </extensions>
      </trkpt>
      <trkpt lat="30.524895729242605" lon="104.06577379146084">
        <ele>0.0</ele>
        <time>2025-03-14T08:37:19Z</time>
        <extensions>
          <gpxtpx:TrackPointExtension>
            <gpxtpx:hr>123</gpxtpx:hr>
          </gpxtpx:TrackPointExtension>
        </extensions>
      </trkpt>
      <trkpt lat="30.524883286201383" lon="104.06578624102572">
        <ele>0.0</ele>
        <time>2025-03-14T08:37:20Z</time>
        <extensions>
          <gpxtpx:TrackPointExtension>
            <gpxtpx:hr>123</gpxtpx:hr>
          </gpxtpx:TrackPointExtension>
        </extensions>
      </trkpt>
      <trkpt lat="30.524870368313753" lon="104.06579798699781">
        <ele>0.0</ele>
        <time>2025-03-14T08:37:21Z</time>
        <extensions>
          <gpxtpx:TrackPointExtension>
            <gpxtpx:hr>123</gpxtpx:hr>
          </gpxtpx:TrackPointExtension>
        </extensions>
      </trkpt>
      <trkpt lat="30.524857248843198" lon="104.06580877240334">
        <ele>0.0</ele>
        <time>2025-03-14T08:37:22Z</time>
        <extensions>
          <gpxtpx:TrackPointExtension>
            <gpxtpx:hr>123</gpxtpx:hr>
          </gpxtpx:TrackPointExtension>
        </extensions>
      </trkpt>
      <trkpt lat="30.524843697918428" lon="104.06581904667016">
        <ele>0.0</ele>
        <time>2025-03-14T08:37:23Z</time>
        <extensions>
          <gpxtpx:TrackPointExtension>
            <gpxtpx:hr>124</gpxtpx:hr>
          </gpxtpx:TrackPointExtension>
        </extensions>
      </trkpt>
      <trkpt lat="30.52482955427945" lon="104.0658292148756">
        <ele>0.0</ele>
        <time>2025-03-14T08:37:24Z</time>
        <extensions>
          <gpxtpx:TrackPointExtension>
            <gpxtpx:hr>124</gpxtpx:hr>
          </gpxtpx:TrackPointExtension>
        </extensions>
      </trkpt>
      <trkpt lat="30.524815046005646" lon="104.06583943910022">
        <ele>0.0</ele>
        <time>2025-03-14T08:37:25Z</time>
        <extensions>
          <gpxtpx:TrackPointExtension>
            <gpxtpx:hr>124</gpxtpx:hr>
          </gpxtpx:TrackPointExtension>
        </extensions>
      </trkpt>
      <trkpt lat="30.524800416730496" lon="104.06584975244995">
        <ele>0.0</ele>
        <time>2025-03-14T08:37:26Z</time>
        <extensions>
          <gpxtpx:TrackPointExtension>
            <gpxtpx:hr>124</gpxtpx:hr>
          </gpxtpx:TrackPointExtension>
        </extensions>
      </trkpt>
      <trkpt lat="30.52478610981028" lon="104.0658601581226">
        <ele>0.0</ele>
        <time>2025-03-14T08:37:27Z</time>
        <extensions>
          <gpxtpx:TrackPointExtension>
            <gpxtpx:hr>124</gpxtpx:hr>
          </gpxtpx:TrackPointExtension>
        </extensions>
      </trkpt>
      <trkpt lat="30.5247718924626" lon="104.0658709623295">
        <ele>0.0</ele>
        <time>2025-03-14T08:37:28Z</time>
        <extensions>
          <gpxtpx:TrackPointExtension>
            <gpxtpx:hr>123</gpxtpx:hr>
          </gpxtpx:TrackPointExtension>
        </extensions>
      </trkpt>
      <trkpt lat="30.524757893322864" lon="104.06588193228197">
        <ele>0.0</ele>
        <time>2025-03-14T08:37:29Z</time>
        <extensions>
          <gpxtpx:TrackPointExtension>
            <gpxtpx:hr>123</gpxtpx:hr>
          </gpxtpx:TrackPointExtension>
        </extensions>
      </trkpt>
      <trkpt lat="30.524744094167062" lon="104.06589303987047">
        <ele>0.0</ele>
        <time>2025-03-14T08:37:30Z</time>
        <extensions>
          <gpxtpx:TrackPointExtension>
            <gpxtpx:hr>123</gpxtpx:hr>
          </gpxtpx:TrackPointExtension>
        </extensions>
      </trkpt>
      <trkpt lat="30.52473195903907" lon="104.06590329105443">
        <ele>0.0</ele>
        <time>2025-03-14T08:37:31Z</time>
        <extensions>
          <gpxtpx:TrackPointExtension>
            <gpxtpx:hr>123</gpxtpx:hr>
          </gpxtpx:TrackPointExtension>
        </extensions>
      </trkpt>
      <trkpt lat="30.52472000334178" lon="104.06591414324066">
        <ele>0.0</ele>
        <time>2025-03-14T08:37:32Z</time>
        <extensions>
          <gpxtpx:TrackPointExtension>
            <gpxtpx:hr>123</gpxtpx:hr>
          </gpxtpx:TrackPointExtension>
        </extensions>
      </trkpt>
      <trkpt lat="30.524708567030977" lon="104.06592516822342">
        <ele>0.0</ele>
        <time>2025-03-14T08:37:33Z</time>
        <extensions>
          <gpxtpx:TrackPointExtension>
            <gpxtpx:hr>123</gpxtpx:hr>
          </gpxtpx:TrackPointExtension>
        </extensions>
      </trkpt>
      <trkpt lat="30.524696297386132" lon="104.06593709530524">
        <ele>0.0</ele>
        <time>2025-03-14T08:37:34Z</time>
        <extensions>
          <gpxtpx:TrackPointExtension>
            <gpxtpx:hr>123</gpxtpx:hr>
          </gpxtpx:TrackPointExtension>
        </extensions>
      </trkpt>
      <trkpt lat="30.524684772538457" lon="104.06594853203114">
        <ele>0.0</ele>
        <time>2025-03-14T08:37:35Z</time>
        <extensions>
          <gpxtpx:TrackPointExtension>
            <gpxtpx:hr>123</gpxtpx:hr>
          </gpxtpx:TrackPointExtension>
        </extensions>
      </trkpt>
      <trkpt lat="30.52467337166858" lon="104.06595962790736">
        <ele>0.0</ele>
        <time>2025-03-14T08:37:36Z</time>
        <extensions>
          <gpxtpx:TrackPointExtension>
            <gpxtpx:hr>123</gpxtpx:hr>
          </gpxtpx:TrackPointExtension>
        </extensions>
      </trkpt>
      <trkpt lat="30.52466161341921" lon="104.0659705223434">
        <ele>0.0</ele>
        <time>2025-03-14T08:37:37Z</time>
        <extensions>
          <gpxtpx:TrackPointExtension>
            <gpxtpx:hr>123</gpxtpx:hr>
          </gpxtpx:TrackPointExtension>
        </extensions>
      </trkpt>
      <trkpt lat="30.524648965048602" lon="104.06598138993732">
        <ele>0.0</ele>
        <time>2025-03-14T08:37:38Z</time>
        <extensions>
          <gpxtpx:TrackPointExtension>
            <gpxtpx:hr>121</gpxtpx:hr>
          </gpxtpx:TrackPointExtension>
        </extensions>
      </trkpt>
      <trkpt lat="30.52463566048956" lon="104.06599243357896">
        <ele>0.0</ele>
        <time>2025-03-14T08:37:39Z</time>
        <extensions>
          <gpxtpx:TrackPointExtension>
            <gpxtpx:hr>121</gpxtpx:hr>
          </gpxtpx:TrackPointExtension>
        </extensions>
      </trkpt>
      <trkpt lat="30.524621928592875" lon="104.0660039056875">
        <ele>0.0</ele>
        <time>2025-03-14T08:37:40Z</time>
        <extensions>
          <gpxtpx:TrackPointExtension>
            <gpxtpx:hr>121</gpxtpx:hr>
          </gpxtpx:TrackPointExtension>
        </extensions>
      </trkpt>
      <trkpt lat="30.524608328768714" lon="104.06601577588286">
        <ele>0.0</ele>
        <time>2025-03-14T08:37:41Z</time>
        <extensions>
          <gpxtpx:TrackPointExtension>
            <gpxtpx:hr>121</gpxtpx:hr>
          </gpxtpx:TrackPointExtension>
        </extensions>
      </trkpt>
      <trkpt lat="30.524594942665853" lon="104.06602790846526">
        <ele>0.0</ele>
        <time>2025-03-14T08:37:42Z</time>
        <extensions>
          <gpxtpx:TrackPointExtension>
            <gpxtpx:hr>121</gpxtpx:hr>
          </gpxtpx:TrackPointExtension>
        </extensions>
      </trkpt>
      <trkpt lat="30.524581618887705" lon="104.06604015422445">
        <ele>0.0</ele>
        <time>2025-03-14T08:37:43Z</time>
        <extensions>
          <gpxtpx:TrackPointExtension>
            <gpxtpx:hr>122</gpxtpx:hr>
          </gpxtpx:TrackPointExtension>
        </extensions>
      </trkpt>
      <trkpt lat="30.52456816874982" lon="104.06605223886625">
        <ele>0.0</ele>
        <time>2025-03-14T08:37:44Z</time>
        <extensions>
          <gpxtpx:TrackPointExtension>
            <gpxtpx:hr>122</gpxtpx:hr>
          </gpxtpx:TrackPointExtension>
        </extensions>
      </trkpt>
      <trkpt lat="30.52455444499831" lon="104.06606443730377">
        <ele>0.0</ele>
        <time>2025-03-14T08:37:45Z</time>
        <extensions>
          <gpxtpx:TrackPointExtension>
            <gpxtpx:hr>122</gpxtpx:hr>
          </gpxtpx:TrackPointExtension>
        </extensions>
      </trkpt>
      <trkpt lat="30.524540726540945" lon="104.06607643934628">
        <ele>0.0</ele>
        <time>2025-03-14T08:37:46Z</time>
        <extensions>
          <gpxtpx:TrackPointExtension>
            <gpxtpx:hr>122</gpxtpx:hr>
          </gpxtpx:TrackPointExtension>
        </extensions>
      </trkpt>
      <trkpt lat="30.524526848259065" lon="104.06608860626989">
        <ele>0.0</ele>
        <time>2025-03-14T08:37:47Z</time>
        <extensions>
          <gpxtpx:TrackPointExtension>
            <gpxtpx:hr>122</gpxtpx:hr>
          </gpxtpx:TrackPointExtension>
        </extensions>
      </trkpt>
      <trkpt lat="30.52451298672508" lon="104.06610041110429">
        <ele>0.0</ele>
        <time>2025-03-14T08:37:48Z</time>
        <extensions>
          <gpxtpx:TrackPointExtension>
            <gpxtpx:hr>121</gpxtpx:hr>
          </gpxtpx:TrackPointExtension>
        </extensions>
      </trkpt>
      <trkpt lat="30.52449884665243" lon="104.0661120598418">
        <ele>0.0</ele>
        <time>2025-03-14T08:37:49Z</time>
        <extensions>
          <gpxtpx:TrackPointExtension>
            <gpxtpx:hr>121</gpxtpx:hr>
          </gpxtpx:TrackPointExtension>
        </extensions>
      </trkpt>
      <trkpt lat="30.524484575848426" lon="104.0661231590607">
        <ele>0.0</ele>
        <time>2025-03-14T08:37:50Z</time>
        <extensions>
          <gpxtpx:TrackPointExtension>
            <gpxtpx:hr>121</gpxtpx:hr>
          </gpxtpx:TrackPointExtension>
        </extensions>
      </trkpt>
      <trkpt lat="30.52447016707654" lon="104.0661339733478">
        <ele>0.0</ele>
        <time>2025-03-14T08:37:51Z</time>
        <extensions>
          <gpxtpx:TrackPointExtension>
            <gpxtpx:hr>121</gpxtpx:hr>
          </gpxtpx:TrackPointExtension>
        </extensions>
      </trkpt>
      <trkpt lat="30.52445569838514" lon="104.0661444813541">
        <ele>0.0</ele>
        <time>2025-03-14T08:37:52Z</time>
        <extensions>
          <gpxtpx:TrackPointExtension>
            <gpxtpx:hr>121</gpxtpx:hr>
          </gpxtpx:TrackPointExtension>
        </extensions>
      </trkpt>
      <trkpt lat="30.524441119060427" lon="104.06615489305366">
        <ele>0.0</ele>
        <time>2025-03-14T08:37:53Z</time>
        <extensions>
          <gpxtpx:TrackPointExtension>
            <gpxtpx:hr>121</gpxtpx:hr>
          </gpxtpx:TrackPointExtension>
        </extensions>
      </trkpt>
      <trkpt lat="30.524426568565467" lon="104.06616515330113">
        <ele>0.0</ele>
        <time>2025-03-14T08:37:54Z</time>
        <extensions>
          <gpxtpx:TrackPointExtension>
            <gpxtpx:hr>121</gpxtpx:hr>
          </gpxtpx:TrackPointExtension>
        </extensions>
      </trkpt>
      <trkpt lat="30.524412186065813" lon="104.06617543351202">
        <ele>0.0</ele>
        <time>2025-03-14T08:37:55Z</time>
        <extensions>
          <gpxtpx:TrackPointExtension>
            <gpxtpx:hr>121</gpxtpx:hr>
          </gpxtpx:TrackPointExtension>
        </extensions>
      </trkpt>
      <trkpt lat="30.524398283134992" lon="104.06618577571223">
        <ele>0.0</ele>
        <time>2025-03-14T08:37:56Z</time>
        <extensions>
          <gpxtpx:TrackPointExtension>
            <gpxtpx:hr>121</gpxtpx:hr>
          </gpxtpx:TrackPointExtension>
        </extensions>
      </trkpt>
      <trkpt lat="30.524384624990972" lon="104.06619622067474">
        <ele>0.0</ele>
        <time>2025-03-14T08:37:57Z</time>
        <extensions>
          <gpxtpx:TrackPointExtension>
            <gpxtpx:hr>121</gpxtpx:hr>
          </gpxtpx:TrackPointExtension>
        </extensions>
      </trkpt>
      <trkpt lat="30.52437140832103" lon="104.06620660142899">
        <ele>0.0</ele>
        <time>2025-03-14T08:37:58Z</time>
        <extensions>
          <gpxtpx:TrackPointExtension>
            <gpxtpx:hr>122</gpxtpx:hr>
          </gpxtpx:TrackPointExtension>
        </extensions>
      </trkpt>
      <trkpt lat="30.524358113176742" lon="104.06621700812703">
        <ele>0.0</ele>
        <time>2025-03-14T08:37:59Z</time>
        <extensions>
          <gpxtpx:TrackPointExtension>
            <gpxtpx:hr>122</gpxtpx:hr>
          </gpxtpx:TrackPointExtension>
        </extensions>
      </trkpt>
      <trkpt lat="30.524344701003752" lon="104.06622754337049">
        <ele>0.0</ele>
        <time>2025-03-14T08:38:00Z</time>
        <extensions>
          <gpxtpx:TrackPointExtension>
            <gpxtpx:hr>122</gpxtpx:hr>
          </gpxtpx:TrackPointExtension>
        </extensions>
      </trkpt>
      <trkpt lat="30.524331178674544" lon="104.06623810073766">
        <ele>0.0</ele>
        <time>2025-03-14T08:38:01Z</time>
        <extensions>
          <gpxtpx:TrackPointExtension>
            <gpxtpx:hr>122</gpxtpx:hr>
          </gpxtpx:TrackPointExtension>
        </extensions>
      </trkpt>
      <trkpt lat="30.52431769794351" lon="104.06624868574117">
        <ele>0.0</ele>
        <time>2025-03-14T08:38:02Z</time>
        <extensions>
          <gpxtpx:TrackPointExtension>
            <gpxtpx:hr>122</gpxtpx:hr>
          </gpxtpx:TrackPointExtension>
        </extensions>
      </trkpt>
      <trkpt lat="30.52430440459494" lon="104.06625927536787">
        <ele>0.0</ele>
        <time>2025-03-14T08:38:03Z</time>
        <extensions>
          <gpxtpx:TrackPointExtension>
            <gpxtpx:hr>121</gpxtpx:hr>
          </gpxtpx:TrackPointExtension>
        </extensions>
      </trkpt>
      <trkpt lat="30.524291153637844" lon="104.06627019696043">
        <ele>0.0</ele>
        <time>2025-03-14T08:38:04Z</time>
        <extensions>
          <gpxtpx:TrackPointExtension>
            <gpxtpx:hr>121</gpxtpx:hr>
          </gpxtpx:TrackPointExtension>
        </extensions>
      </trkpt>
      <trkpt lat="30.524278058835662" lon="104.0662814197473">
        <ele>0.0</ele>
        <time>2025-03-14T08:38:05Z</time>
        <extensions>
          <gpxtpx:TrackPointExtension>
            <gpxtpx:hr>121</gpxtpx:hr>
          </gpxtpx:TrackPointExtension>
        </extensions>
      </trkpt>
      <trkpt lat="30.52426491515396" lon="104.06629284014973">
        <ele>0.0</ele>
        <time>2025-03-14T08:38:06Z</time>
        <extensions>
          <gpxtpx:TrackPointExtension>
            <gpxtpx:hr>121</gpxtpx:hr>
          </gpxtpx:TrackPointExtension>
        </extensions>
      </trkpt>
      <trkpt lat="30.524251622802065" lon="104.066304468414">
        <ele>0.0</ele>
        <time>2025-03-14T08:38:07Z</time>
        <extensions>
          <gpxtpx:TrackPointExtension>
            <gpxtpx:hr>121</gpxtpx:hr>
          </gpxtpx:TrackPointExtension>
        </extensions>
      </trkpt>
      <trkpt lat="30.524238053004535" lon="104.0663161591853">
        <ele>0.0</ele>
        <time>2025-03-14T08:38:08Z</time>
        <extensions>
          <gpxtpx:TrackPointExtension>
            <gpxtpx:hr>123</gpxtpx:hr>
          </gpxtpx:TrackPointExtension>
        </extensions>
      </trkpt>
      <trkpt lat="30.524224475442264" lon="104.06632796519611">
        <ele>0.0</ele>
        <time>2025-03-14T08:38:09Z</time>
        <extensions>
          <gpxtpx:TrackPointExtension>
            <gpxtpx:hr>123</gpxtpx:hr>
          </gpxtpx:TrackPointExtension>
        </extensions>
      </trkpt>
      <trkpt lat="30.524211086286012" lon="104.06633963332233">
        <ele>0.0</ele>
        <time>2025-03-14T08:38:10Z</time>
        <extensions>
          <gpxtpx:TrackPointExtension>
            <gpxtpx:hr>123</gpxtpx:hr>
          </gpxtpx:TrackPointExtension>
        </extensions>
      </trkpt>
      <trkpt lat="30.524197915470822" lon="104.06635126433684">
        <ele>0.0</ele>
        <time>2025-03-14T08:38:11Z</time>
        <extensions>
          <gpxtpx:TrackPointExtension>
            <gpxtpx:hr>123</gpxtpx:hr>
          </gpxtpx:TrackPointExtension>
        </extensions>
      </trkpt>
      <trkpt lat="30.524184716840868" lon="104.06636280302233">
        <ele>0.0</ele>
        <time>2025-03-14T08:38:12Z</time>
        <extensions>
          <gpxtpx:TrackPointExtension>
            <gpxtpx:hr>123</gpxtpx:hr>
          </gpxtpx:TrackPointExtension>
        </extensions>
      </trkpt>
      <trkpt lat="30.524171376158186" lon="104.06637377356637">
        <ele>0.0</ele>
        <time>2025-03-14T08:38:13Z</time>
        <extensions>
          <gpxtpx:TrackPointExtension>
            <gpxtpx:hr>123</gpxtpx:hr>
          </gpxtpx:TrackPointExtension>
        </extensions>
      </trkpt>
      <trkpt lat="30.524157307002664" lon="104.06638385357932">
        <ele>0.0</ele>
        <time>2025-03-14T08:38:14Z</time>
        <extensions>
          <gpxtpx:TrackPointExtension>
            <gpxtpx:hr>123</gpxtpx:hr>
          </gpxtpx:TrackPointExtension>
        </extensions>
      </trkpt>
      <trkpt lat="30.524142838096125" lon="104.06639280459947">
        <ele>0.0</ele>
        <time>2025-03-14T08:38:15Z</time>
        <extensions>
          <gpxtpx:TrackPointExtension>
            <gpxtpx:hr>123</gpxtpx:hr>
          </gpxtpx:TrackPointExtension>
        </extensions>
      </trkpt>
      <trkpt lat="30.524127859395218" lon="104.06640117963079">
        <ele>0.0</ele>
        <time>2025-03-14T08:38:16Z</time>
        <extensions>
          <gpxtpx:TrackPointExtension>
            <gpxtpx:hr>123</gpxtpx:hr>
          </gpxtpx:TrackPointExtension>
        </extensions>
      </trkpt>
      <trkpt lat="30.524112860201853" lon="104.06640946108742">
        <ele>0.0</ele>
        <time>2025-03-14T08:38:17Z</time>
        <extensions>
          <gpxtpx:TrackPointExtension>
            <gpxtpx:hr>123</gpxtpx:hr>
          </gpxtpx:TrackPointExtension>
        </extensions>
      </trkpt>
      <trkpt lat="30.52409760480177" lon="104.0664177902379">
        <ele>0.0</ele>
        <time>2025-03-14T08:38:18Z</time>
        <extensions>
          <gpxtpx:TrackPointExtension>
            <gpxtpx:hr>123</gpxtpx:hr>
          </gpxtpx:TrackPointExtension>
        </extensions>
      </trkpt>
      <trkpt lat="30.524082130604036" lon="104.06642619354413">
        <ele>0.0</ele>
        <time>2025-03-14T08:38:19Z</time>
        <extensions>
          <gpxtpx:TrackPointExtension>
            <gpxtpx:hr>123</gpxtpx:hr>
          </gpxtpx:TrackPointExtension>
        </extensions>
      </trkpt>
      <trkpt lat="30.524066559856433" lon="104.06643447441625">
        <ele>0.0</ele>
        <time>2025-03-14T08:38:20Z</time>
        <extensions>
          <gpxtpx:TrackPointExtension>
            <gpxtpx:hr>123</gpxtpx:hr>
          </gpxtpx:TrackPointExtension>
        </extensions>
      </trkpt>
      <trkpt lat="30.524051056321998" lon="104.06644274944851">
        <ele>0.0</ele>
        <time>2025-03-14T08:38:21Z</time>
        <extensions>
          <gpxtpx:TrackPointExtension>
            <gpxtpx:hr>123</gpxtpx:hr>
          </gpxtpx:TrackPointExtension>
        </extensions>
      </trkpt>
      <trkpt lat="30.52403573857384" lon="104.06645115437765">
        <ele>0.0</ele>
        <time>2025-03-14T08:38:22Z</time>
        <extensions>
          <gpxtpx:TrackPointExtension>
            <gpxtpx:hr>123</gpxtpx:hr>
          </gpxtpx:TrackPointExtension>
        </extensions>
      </trkpt>
      <trkpt lat="30.52402074524008" lon="104.06645963176989">
        <ele>0.0</ele>
        <time>2025-03-14T08:38:23Z</time>
        <extensions>
          <gpxtpx:TrackPointExtension>
            <gpxtpx:hr>122</gpxtpx:hr>
          </gpxtpx:TrackPointExtension>
        </extensions>
      </trkpt>
      <trkpt lat="30.524006192194268" lon="104.06646795043629">
        <ele>0.0</ele>
        <time>2025-03-14T08:38:24Z</time>
        <extensions>
          <gpxtpx:TrackPointExtension>
            <gpxtpx:hr>122</gpxtpx:hr>
          </gpxtpx:TrackPointExtension>
        </extensions>
      </trkpt>
      <trkpt lat="30.523991492930747" lon="104.06647623109265">
        <ele>0.0</ele>
        <time>2025-03-14T08:38:25Z</time>
        <extensions>
          <gpxtpx:TrackPointExtension>
            <gpxtpx:hr>122</gpxtpx:hr>
          </gpxtpx:TrackPointExtension>
        </extensions>
      </trkpt>
      <trkpt lat="30.52397803901351" lon="104.06648385739881">
        <ele>0.0</ele>
        <time>2025-03-14T08:38:26Z</time>
        <extensions>
          <gpxtpx:TrackPointExtension>
            <gpxtpx:hr>122</gpxtpx:hr>
          </gpxtpx:TrackPointExtension>
        </extensions>
      </trkpt>
      <trkpt lat="30.52396403209621" lon="104.06649195193292">
        <ele>0.0</ele>
        <time>2025-03-14T08:38:27Z</time>
        <extensions>
          <gpxtpx:TrackPointExtension>
            <gpxtpx:hr>122</gpxtpx:hr>
          </gpxtpx:TrackPointExtension>
        </extensions>
      </trkpt>
      <trkpt lat="30.523950297642205" lon="104.06650022389343">
        <ele>0.0</ele>
        <time>2025-03-14T08:38:28Z</time>
        <extensions>
          <gpxtpx:TrackPointExtension>
            <gpxtpx:hr>124</gpxtpx:hr>
          </gpxtpx:TrackPointExtension>
        </extensions>
      </trkpt>
      <trkpt lat="30.52393545649453" lon="104.06650942173684">
        <ele>0.0</ele>
        <time>2025-03-14T08:38:29Z</time>
        <extensions>
          <gpxtpx:TrackPointExtension>
            <gpxtpx:hr>124</gpxtpx:hr>
          </gpxtpx:TrackPointExtension>
        </extensions>
      </trkpt>
      <trkpt lat="30.52392111693467" lon="104.0665185426669">
        <ele>0.0</ele>
        <time>2025-03-14T08:38:30Z</time>
        <extensions>
          <gpxtpx:TrackPointExtension>
            <gpxtpx:hr>124</gpxtpx:hr>
          </gpxtpx:TrackPointExtension>
        </extensions>
      </trkpt>
      <trkpt lat="30.52390694089245" lon="104.06652749207252">
        <ele>0.0</ele>
        <time>2025-03-14T08:38:31Z</time>
        <extensions>
          <gpxtpx:TrackPointExtension>
            <gpxtpx:hr>124</gpxtpx:hr>
          </gpxtpx:TrackPointExtension>
        </extensions>
      </trkpt>
      <trkpt lat="30.52389268424632" lon="104.06653591158631">
        <ele>0.0</ele>
        <time>2025-03-14T08:38:32Z</time>
        <extensions>
          <gpxtpx:TrackPointExtension>
            <gpxtpx:hr>124</gpxtpx:hr>
          </gpxtpx:TrackPointExtension>
        </extensions>
      </trkpt>
      <trkpt lat="30.523878454331225" lon="104.06654377799325">
        <ele>0.0</ele>
        <time>2025-03-14T08:38:33Z</time>
        <extensions>
          <gpxtpx:TrackPointExtension>
            <gpxtpx:hr>124</gpxtpx:hr>
          </gpxtpx:TrackPointExtension>
        </extensions>
      </trkpt>
      <trkpt lat="30.52386396734392" lon="104.06655136214147">
        <ele>0.0</ele>
        <time>2025-03-14T08:38:34Z</time>
        <extensions>
          <gpxtpx:TrackPointExtension>
            <gpxtpx:hr>124</gpxtpx:hr>
          </gpxtpx:TrackPointExtension>
        </extensions>
      </trkpt>
      <trkpt lat="30.523849546199934" lon="104.06655874457202">
        <ele>0.0</ele>
        <time>2025-03-14T08:38:35Z</time>
        <extensions>
          <gpxtpx:TrackPointExtension>
            <gpxtpx:hr>124</gpxtpx:hr>
          </gpxtpx:TrackPointExtension>
        </extensions>
      </trkpt>
      <trkpt lat="30.523834964185447" lon="104.06656593214252">
        <ele>0.0</ele>
        <time>2025-03-14T08:38:36Z</time>
        <extensions>
          <gpxtpx:TrackPointExtension>
            <gpxtpx:hr>124</gpxtpx:hr>
          </gpxtpx:TrackPointExtension>
        </extensions>
      </trkpt>
      <trkpt lat="30.52382059504838" lon="104.06657264922607">
        <ele>0.0</ele>
        <time>2025-03-14T08:38:37Z</time>
        <extensions>
          <gpxtpx:TrackPointExtension>
            <gpxtpx:hr>124</gpxtpx:hr>
          </gpxtpx:TrackPointExtension>
        </extensions>
      </trkpt>
      <trkpt lat="30.52380648299096" lon="104.0665789327652">
        <ele>0.0</ele>
        <time>2025-03-14T08:38:38Z</time>
        <extensions>
          <gpxtpx:TrackPointExtension>
            <gpxtpx:hr>124</gpxtpx:hr>
          </gpxtpx:TrackPointExtension>
        </extensions>
      </trkpt>
      <trkpt lat="30.523792303050815" lon="104.06658481038393">
        <ele>0.0</ele>
        <time>2025-03-14T08:38:39Z</time>
        <extensions>
          <gpxtpx:TrackPointExtension>
            <gpxtpx:hr>124</gpxtpx:hr>
          </gpxtpx:TrackPointExtension>
        </extensions>
      </trkpt>
      <trkpt lat="30.523777865398966" lon="104.06659002677405">
        <ele>0.0</ele>
        <time>2025-03-14T08:38:40Z</time>
        <extensions>
          <gpxtpx:TrackPointExtension>
            <gpxtpx:hr>124</gpxtpx:hr>
          </gpxtpx:TrackPointExtension>
        </extensions>
      </trkpt>
      <trkpt lat="30.523762859534543" lon="104.06659447381561">
        <ele>0.0</ele>
        <time>2025-03-14T08:38:41Z</time>
        <extensions>
          <gpxtpx:TrackPointExtension>
            <gpxtpx:hr>124</gpxtpx:hr>
          </gpxtpx:TrackPointExtension>
        </extensions>
      </trkpt>
      <trkpt lat="30.52374741727801" lon="104.06659825205799">
        <ele>0.0</ele>
        <time>2025-03-14T08:38:42Z</time>
        <extensions>
          <gpxtpx:TrackPointExtension>
            <gpxtpx:hr>124</gpxtpx:hr>
          </gpxtpx:TrackPointExtension>
        </extensions>
      </trkpt>
      <trkpt lat="30.523731697026086" lon="104.06660174736574">
        <ele>0.0</ele>
        <time>2025-03-14T08:38:43Z</time>
        <extensions>
          <gpxtpx:TrackPointExtension>
            <gpxtpx:hr>124</gpxtpx:hr>
          </gpxtpx:TrackPointExtension>
        </extensions>
      </trkpt>
      <trkpt lat="30.5237158307218" lon="104.0666052886243">
        <ele>0.0</ele>
        <time>2025-03-14T08:38:44Z</time>
        <extensions>
          <gpxtpx:TrackPointExtension>
            <gpxtpx:hr>124</gpxtpx:hr>
          </gpxtpx:TrackPointExtension>
        </extensions>
      </trkpt>
      <trkpt lat="30.523699969784303" lon="104.06660899675202">
        <ele>0.0</ele>
        <time>2025-03-14T08:38:45Z</time>
        <extensions>
          <gpxtpx:TrackPointExtension>
            <gpxtpx:hr>124</gpxtpx:hr>
          </gpxtpx:TrackPointExtension>
        </extensions>
      </trkpt>
      <trkpt lat="30.52368452140756" lon="104.06661292163753">
        <ele>0.0</ele>
        <time>2025-03-14T08:38:46Z</time>
        <extensions>
          <gpxtpx:TrackPointExtension>
            <gpxtpx:hr>124</gpxtpx:hr>
          </gpxtpx:TrackPointExtension>
        </extensions>
      </trkpt>
      <trkpt lat="30.523669468210112" lon="104.06661721151328">
        <ele>0.0</ele>
        <time>2025-03-14T08:38:47Z</time>
        <extensions>
          <gpxtpx:TrackPointExtension>
            <gpxtpx:hr>124</gpxtpx:hr>
          </gpxtpx:TrackPointExtension>
        </extensions>
      </trkpt>
      <trkpt lat="30.523654844567556" lon="104.06662179249138">
        <ele>0.0</ele>
        <time>2025-03-14T08:38:48Z</time>
        <extensions>
          <gpxtpx:TrackPointExtension>
            <gpxtpx:hr>124</gpxtpx:hr>
          </gpxtpx:TrackPointExtension>
        </extensions>
      </trkpt>
      <trkpt lat="30.523639983993824" lon="104.06662666394932">
        <ele>0.0</ele>
        <time>2025-03-14T08:38:49Z</time>
        <extensions>
          <gpxtpx:TrackPointExtension>
            <gpxtpx:hr>124</gpxtpx:hr>
          </gpxtpx:TrackPointExtension>
        </extensions>
      </trkpt>
      <trkpt lat="30.523624748654882" lon="104.06663165609913">
        <ele>0.0</ele>
        <time>2025-03-14T08:38:50Z</time>
        <extensions>
          <gpxtpx:TrackPointExtension>
            <gpxtpx:hr>124</gpxtpx:hr>
          </gpxtpx:TrackPointExtension>
        </extensions>
      </trkpt>
      <trkpt lat="30.5236090722527" lon="104.06663697789207">
        <ele>0.0</ele>
        <time>2025-03-14T08:38:51Z</time>
        <extensions>
          <gpxtpx:TrackPointExtension>
            <gpxtpx:hr>124</gpxtpx:hr>
          </gpxtpx:TrackPointExtension>
        </extensions>
      </trkpt>
      <trkpt lat="30.52359310963364" lon="104.06664257632404">
        <ele>0.0</ele>
        <time>2025-03-14T08:38:52Z</time>
        <extensions>
          <gpxtpx:TrackPointExtension>
            <gpxtpx:hr>124</gpxtpx:hr>
          </gpxtpx:TrackPointExtension>
        </extensions>
      </trkpt>
      <trkpt lat="30.523576723641295" lon="104.06664835911666">
        <ele>0.0</ele>
        <time>2025-03-14T08:38:53Z</time>
        <extensions>
          <gpxtpx:TrackPointExtension>
            <gpxtpx:hr>124</gpxtpx:hr>
          </gpxtpx:TrackPointExtension>
        </extensions>
      </trkpt>
      <trkpt lat="30.523560015237706" lon="104.06665409424015">
        <ele>0.0</ele>
        <time>2025-03-14T08:38:54Z</time>
        <extensions>
          <gpxtpx:TrackPointExtension>
            <gpxtpx:hr>124</gpxtpx:hr>
          </gpxtpx:TrackPointExtension>
        </extensions>
      </trkpt>
      <trkpt lat="30.52354317814808" lon="104.0666596164451">
        <ele>0.0</ele>
        <time>2025-03-14T08:38:55Z</time>
        <extensions>
          <gpxtpx:TrackPointExtension>
            <gpxtpx:hr>124</gpxtpx:hr>
          </gpxtpx:TrackPointExtension>
        </extensions>
      </trkpt>
      <trkpt lat="30.52352663671784" lon="104.06666491775853">
        <ele>0.0</ele>
        <time>2025-03-14T08:38:56Z</time>
        <extensions>
          <gpxtpx:TrackPointExtension>
            <gpxtpx:hr>124</gpxtpx:hr>
          </gpxtpx:TrackPointExtension>
        </extensions>
      </trkpt>
      <trkpt lat="30.523510406177866" lon="104.06666979156071">
        <ele>0.0</ele>
        <time>2025-03-14T08:38:57Z</time>
        <extensions>
          <gpxtpx:TrackPointExtension>
            <gpxtpx:hr>124</gpxtpx:hr>
          </gpxtpx:TrackPointExtension>
        </extensions>
      </trkpt>
      <trkpt lat="30.52349451757703" lon="104.06667416614803">
        <ele>0.0</ele>
        <time>2025-03-14T08:38:58Z</time>
        <extensions>
          <gpxtpx:TrackPointExtension>
            <gpxtpx:hr>124</gpxtpx:hr>
          </gpxtpx:TrackPointExtension>
        </extensions>
      </trkpt>
      <trkpt lat="30.52347888696228" lon="104.06667818514462">
        <ele>0.0</ele>
        <time>2025-03-14T08:38:59Z</time>
        <extensions>
          <gpxtpx:TrackPointExtension>
            <gpxtpx:hr>124</gpxtpx:hr>
          </gpxtpx:TrackPointExtension>
        </extensions>
      </trkpt>
      <trkpt lat="30.523463396140222" lon="104.06668228075897">
        <ele>0.0</ele>
        <time>2025-03-14T08:39:00Z</time>
        <extensions>
          <gpxtpx:TrackPointExtension>
            <gpxtpx:hr>124</gpxtpx:hr>
          </gpxtpx:TrackPointExtension>
        </extensions>
      </trkpt>
      <trkpt lat="30.523447824700984" lon="104.06668673352493">
        <ele>0.0</ele>
        <time>2025-03-14T08:39:01Z</time>
        <extensions>
          <gpxtpx:TrackPointExtension>
            <gpxtpx:hr>124</gpxtpx:hr>
          </gpxtpx:TrackPointExtension>
        </extensions>
      </trkpt>
      <trkpt lat="30.523432088707814" lon="104.066691485581">
        <ele>0.0</ele>
        <time>2025-03-14T08:39:02Z</time>
        <extensions>
          <gpxtpx:TrackPointExtension>
            <gpxtpx:hr>124</gpxtpx:hr>
          </gpxtpx:TrackPointExtension>
        </extensions>
      </trkpt>
      <trkpt lat="30.52341629314152" lon="104.06669625123656">
        <ele>0.0</ele>
        <time>2025-03-14T08:39:03Z</time>
        <extensions>
          <gpxtpx:TrackPointExtension>
            <gpxtpx:hr>124</gpxtpx:hr>
          </gpxtpx:TrackPointExtension>
        </extensions>
      </trkpt>
      <trkpt lat="30.523400384056828" lon="104.06670088478391">
        <ele>0.0</ele>
        <time>2025-03-14T08:39:04Z</time>
        <extensions>
          <gpxtpx:TrackPointExtension>
            <gpxtpx:hr>124</gpxtpx:hr>
          </gpxtpx:TrackPointExtension>
        </extensions>
      </trkpt>
      <trkpt lat="30.523384466994425" lon="104.0667052609181">
        <ele>0.0</ele>
        <time>2025-03-14T08:39:05Z</time>
        <extensions>
          <gpxtpx:TrackPointExtension>
            <gpxtpx:hr>124</gpxtpx:hr>
          </gpxtpx:TrackPointExtension>
        </extensions>
      </trkpt>
      <trkpt lat="30.5233686898925" lon="104.06670937646952">
        <ele>0.0</ele>
        <time>2025-03-14T08:39:06Z</time>
        <extensions>
          <gpxtpx:TrackPointExtension>
            <gpxtpx:hr>124</gpxtpx:hr>
          </gpxtpx:TrackPointExtension>
        </extensions>
      </trkpt>
      <trkpt lat="30.52335300766085" lon="104.06671322815008">
        <ele>0.0</ele>
        <time>2025-03-14T08:39:07Z</time>
        <extensions>
          <gpxtpx:TrackPointExtension>
            <gpxtpx:hr>124</gpxtpx:hr>
          </gpxtpx:TrackPointExtension>
        </extensions>
      </trkpt>
      <trkpt lat="30.523337159773344" lon="104.06671669138893">
        <ele>0.0</ele>
        <time>2025-03-14T08:39:08Z</time>
        <extensions>
          <gpxtpx:TrackPointExtension>
            <gpxtpx:hr>122</gpxtpx:hr>
          </gpxtpx:TrackPointExtension>
        </extensions>
      </trkpt>
      <trkpt lat="30.52332108966699" lon="104.06671986908142">
        <ele>0.0</ele>
        <time>2025-03-14T08:39:09Z</time>
        <extensions>
          <gpxtpx:TrackPointExtension>
            <gpxtpx:hr>122</gpxtpx:hr>
          </gpxtpx:TrackPointExtension>
        </extensions>
      </trkpt>
      <trkpt lat="30.523305041144773" lon="104.0667228568016">
        <ele>0.0</ele>
        <time>2025-03-14T08:39:10Z</time>
        <extensions>
          <gpxtpx:TrackPointExtension>
            <gpxtpx:hr>122</gpxtpx:hr>
          </gpxtpx:TrackPointExtension>
        </extensions>
      </trkpt>
      <trkpt lat="30.52328886907983" lon="104.06672585005889">
        <ele>0.0</ele>
        <time>2025-03-14T08:39:11Z</time>
        <extensions>
          <gpxtpx:TrackPointExtension>
            <gpxtpx:hr>122</gpxtpx:hr>
          </gpxtpx:TrackPointExtension>
        </extensions>
      </trkpt>
      <trkpt lat="30.523272737270034" lon="104.06672860501088">
        <ele>0.0</ele>
        <time>2025-03-14T08:39:12Z</time>
        <extensions>
          <gpxtpx:TrackPointExtension>
            <gpxtpx:hr>122</gpxtpx:hr>
          </gpxtpx:TrackPointExtension>
        </extensions>
      </trkpt>
      <trkpt lat="30.523256154505546" lon="104.06673088895796">
        <ele>0.0</ele>
        <time>2025-03-14T08:39:13Z</time>
        <extensions>
          <gpxtpx:TrackPointExtension>
            <gpxtpx:hr>120</gpxtpx:hr>
          </gpxtpx:TrackPointExtension>
        </extensions>
      </trkpt>
      <trkpt lat="30.523241198092638" lon="104.06673236551224">
        <ele>0.0</ele>
        <time>2025-03-14T08:39:14Z</time>
        <extensions>
          <gpxtpx:TrackPointExtension>
            <gpxtpx:hr>120</gpxtpx:hr>
          </gpxtpx:TrackPointExtension>
        </extensions>
      </trkpt>
      <trkpt lat="30.5232259574004" lon="104.06673339370282">
        <ele>0.0</ele>
        <time>2025-03-14T08:39:15Z</time>
        <extensions>
          <gpxtpx:TrackPointExtension>
            <gpxtpx:hr>120</gpxtpx:hr>
          </gpxtpx:TrackPointExtension>
        </extensions>
      </trkpt>
      <trkpt lat="30.5232112736631" lon="104.0667342570459">
        <ele>0.0</ele>
        <time>2025-03-14T08:39:16Z</time>
        <extensions>
          <gpxtpx:TrackPointExtension>
            <gpxtpx:hr>120</gpxtpx:hr>
          </gpxtpx:TrackPointExtension>
        </extensions>
      </trkpt>
      <trkpt lat="30.523194973049907" lon="104.06673536445386">
        <ele>0.0</ele>
        <time>2025-03-14T08:39:17Z</time>
        <extensions>
          <gpxtpx:TrackPointExtension>
            <gpxtpx:hr>120</gpxtpx:hr>
          </gpxtpx:TrackPointExtension>
        </extensions>
      </trkpt>
      <trkpt lat="30.523178520447185" lon="104.06673661099093">
        <ele>0.0</ele>
        <time>2025-03-14T08:39:18Z</time>
        <extensions>
          <gpxtpx:TrackPointExtension>
            <gpxtpx:hr>121</gpxtpx:hr>
          </gpxtpx:TrackPointExtension>
        </extensions>
      </trkpt>
      <trkpt lat="30.523161609883385" lon="104.06673798432232">
        <ele>0.0</ele>
        <time>2025-03-14T08:39:19Z</time>
        <extensions>
          <gpxtpx:TrackPointExtension>
            <gpxtpx:hr>121</gpxtpx:hr>
          </gpxtpx:TrackPointExtension>
        </extensions>
      </trkpt>
      <trkpt lat="30.523144417484033" lon="104.06673979341633">
        <ele>0.0</ele>
        <time>2025-03-14T08:39:20Z</time>
        <extensions>
          <gpxtpx:TrackPointExtension>
            <gpxtpx:hr>121</gpxtpx:hr>
          </gpxtpx:TrackPointExtension>
        </extensions>
      </trkpt>
      <trkpt lat="30.52312814467324" lon="104.06674216263838">
        <ele>0.0</ele>
        <time>2025-03-14T08:39:21Z</time>
        <extensions>
          <gpxtpx:TrackPointExtension>
            <gpxtpx:hr>121</gpxtpx:hr>
          </gpxtpx:TrackPointExtension>
        </extensions>
      </trkpt>
      <trkpt lat="30.52311338444282" lon="104.06674374372683">
        <ele>0.0</ele>
        <time>2025-03-14T08:39:22Z</time>
        <extensions>
          <gpxtpx:TrackPointExtension>
            <gpxtpx:hr>121</gpxtpx:hr>
          </gpxtpx:TrackPointExtension>
        </extensions>
      </trkpt>
      <trkpt lat="30.523099206769007" lon="104.06674303174589">
        <ele>0.0</ele>
        <time>2025-03-14T08:39:23Z</time>
        <extensions>
          <gpxtpx:TrackPointExtension>
            <gpxtpx:hr>123</gpxtpx:hr>
          </gpxtpx:TrackPointExtension>
        </extensions>
      </trkpt>
      <trkpt lat="30.523083719893595" lon="104.06674047809612">
        <ele>0.0</ele>
        <time>2025-03-14T08:39:24Z</time>
        <extensions>
          <gpxtpx:TrackPointExtension>
            <gpxtpx:hr>123</gpxtpx:hr>
          </gpxtpx:TrackPointExtension>
        </extensions>
      </trkpt>
      <trkpt lat="30.52306638309168" lon="104.06673812106939">
        <ele>0.0</ele>
        <time>2025-03-14T08:39:25Z</time>
        <extensions>
          <gpxtpx:TrackPointExtension>
            <gpxtpx:hr>123</gpxtpx:hr>
          </gpxtpx:TrackPointExtension>
        </extensions>
      </trkpt>
      <trkpt lat="30.523049016280535" lon="104.06673690342559">
        <ele>0.0</ele>
        <time>2025-03-14T08:39:26Z</time>
        <extensions>
          <gpxtpx:TrackPointExtension>
            <gpxtpx:hr>123</gpxtpx:hr>
          </gpxtpx:TrackPointExtension>
        </extensions>
      </trkpt>
      <trkpt lat="30.523032206591733" lon="104.06673663856644">
        <ele>0.0</ele>
        <time>2025-03-14T08:39:27Z</time>
        <extensions>
          <gpxtpx:TrackPointExtension>
            <gpxtpx:hr>123</gpxtpx:hr>
          </gpxtpx:TrackPointExtension>
        </extensions>
      </trkpt>
      <trkpt lat="30.52301589428763" lon="104.06673661093244">
        <ele>0.0</ele>
        <time>2025-03-14T08:39:28Z</time>
        <extensions>
          <gpxtpx:TrackPointExtension>
            <gpxtpx:hr>123</gpxtpx:hr>
          </gpxtpx:TrackPointExtension>
        </extensions>
      </trkpt>
      <trkpt lat="30.522999589939825" lon="104.06673733576339">
        <ele>0.0</ele>
        <time>2025-03-14T08:39:29Z</time>
        <extensions>
          <gpxtpx:TrackPointExtension>
            <gpxtpx:hr>123</gpxtpx:hr>
          </gpxtpx:TrackPointExtension>
        </extensions>
      </trkpt>
      <trkpt lat="30.522983636370576" lon="104.0667378607559">
        <ele>0.0</ele>
        <time>2025-03-14T08:39:30Z</time>
        <extensions>
          <gpxtpx:TrackPointExtension>
            <gpxtpx:hr>123</gpxtpx:hr>
          </gpxtpx:TrackPointExtension>
        </extensions>
      </trkpt>
      <trkpt lat="30.52296784612228" lon="104.06673807078135">
        <ele>0.0</ele>
        <time>2025-03-14T08:39:31Z</time>
        <extensions>
          <gpxtpx:TrackPointExtension>
            <gpxtpx:hr>123</gpxtpx:hr>
          </gpxtpx:TrackPointExtension>
        </extensions>
      </trkpt>
      <trkpt lat="30.52295196692049" lon="104.06673782230128">
        <ele>0.0</ele>
        <time>2025-03-14T08:39:32Z</time>
        <extensions>
          <gpxtpx:TrackPointExtension>
            <gpxtpx:hr>123</gpxtpx:hr>
          </gpxtpx:TrackPointExtension>
        </extensions>
      </trkpt>
      <trkpt lat="30.522935832630978" lon="104.06673778396522">
        <ele>0.0</ele>
        <time>2025-03-14T08:39:33Z</time>
        <extensions>
          <gpxtpx:TrackPointExtension>
            <gpxtpx:hr>122</gpxtpx:hr>
          </gpxtpx:TrackPointExtension>
        </extensions>
      </trkpt>
      <trkpt lat="30.52291956890622" lon="104.06673799884335">
        <ele>0.0</ele>
        <time>2025-03-14T08:39:34Z</time>
        <extensions>
          <gpxtpx:TrackPointExtension>
            <gpxtpx:hr>122</gpxtpx:hr>
          </gpxtpx:TrackPointExtension>
        </extensions>
      </trkpt>
      <trkpt lat="30.52290337175735" lon="104.06673846988974">
        <ele>0.0</ele>
        <time>2025-03-14T08:39:35Z</time>
        <extensions>
          <gpxtpx:TrackPointExtension>
            <gpxtpx:hr>122</gpxtpx:hr>
          </gpxtpx:TrackPointExtension>
        </extensions>
      </trkpt>
      <trkpt lat="30.522887502869423" lon="104.06673900877134">
        <ele>0.0</ele>
        <time>2025-03-14T08:39:36Z</time>
        <extensions>
          <gpxtpx:TrackPointExtension>
            <gpxtpx:hr>122</gpxtpx:hr>
          </gpxtpx:TrackPointExtension>
        </extensions>
      </trkpt>
      <trkpt lat="30.522871996150755" lon="104.0667395035468">
        <ele>0.0</ele>
        <time>2025-03-14T08:39:37Z</time>
        <extensions>
          <gpxtpx:TrackPointExtension>
            <gpxtpx:hr>122</gpxtpx:hr>
          </gpxtpx:TrackPointExtension>
        </extensions>
      </trkpt>
      <trkpt lat="30.522856835335205" lon="104.06673998701847">
        <ele>0.0</ele>
        <time>2025-03-14T08:39:38Z</time>
        <extensions>
          <gpxtpx:TrackPointExtension>
            <gpxtpx:hr>121</gpxtpx:hr>
          </gpxtpx:TrackPointExtension>
        </extensions>
      </trkpt>
      <trkpt lat="30.5228417833005" lon="104.06674069947479">
        <ele>0.0</ele>
        <time>2025-03-14T08:39:39Z</time>
        <extensions>
          <gpxtpx:TrackPointExtension>
            <gpxtpx:hr>121</gpxtpx:hr>
          </gpxtpx:TrackPointExtension>
        </extensions>
      </trkpt>
      <trkpt lat="30.522826810318747" lon="104.06674188805678">
        <ele>0.0</ele>
        <time>2025-03-14T08:39:40Z</time>
        <extensions>
          <gpxtpx:TrackPointExtension>
            <gpxtpx:hr>121</gpxtpx:hr>
          </gpxtpx:TrackPointExtension>
        </extensions>
      </trkpt>
      <trkpt lat="30.522811527769694" lon="104.06674336358283">
        <ele>0.0</ele>
        <time>2025-03-14T08:39:41Z</time>
        <extensions>
          <gpxtpx:TrackPointExtension>
            <gpxtpx:hr>121</gpxtpx:hr>
          </gpxtpx:TrackPointExtension>
        </extensions>
      </trkpt>
      <trkpt lat="30.522796081819507" lon="104.06674493831319">
        <ele>0.0</ele>
        <time>2025-03-14T08:39:42Z</time>
        <extensions>
          <gpxtpx:TrackPointExtension>
            <gpxtpx:hr>121</gpxtpx:hr>
          </gpxtpx:TrackPointExtension>
        </extensions>
      </trkpt>
      <trkpt lat="30.522780133046" lon="104.06674654187877">
        <ele>0.0</ele>
        <time>2025-03-14T08:39:43Z</time>
        <extensions>
          <gpxtpx:TrackPointExtension>
            <gpxtpx:hr>121</gpxtpx:hr>
          </gpxtpx:TrackPointExtension>
        </extensions>
      </trkpt>
      <trkpt lat="30.52276387931153" lon="104.06674842686131">
        <ele>0.0</ele>
        <time>2025-03-14T08:39:44Z</time>
        <extensions>
          <gpxtpx:TrackPointExtension>
            <gpxtpx:hr>121</gpxtpx:hr>
          </gpxtpx:TrackPointExtension>
        </extensions>
      </trkpt>
      <trkpt lat="30.522747251328294" lon="104.0667507126787">
        <ele>0.0</ele>
        <time>2025-03-14T08:39:45Z</time>
        <extensions>
          <gpxtpx:TrackPointExtension>
            <gpxtpx:hr>121</gpxtpx:hr>
          </gpxtpx:TrackPointExtension>
        </extensions>
      </trkpt>
      <trkpt lat="30.522730535444154" lon="104.06675357064036">
        <ele>0.0</ele>
        <time>2025-03-14T08:39:46Z</time>
        <extensions>
          <gpxtpx:TrackPointExtension>
            <gpxtpx:hr>121</gpxtpx:hr>
          </gpxtpx:TrackPointExtension>
        </extensions>
      </trkpt>
      <trkpt lat="30.52271358767576" lon="104.06675672803902">
        <ele>0.0</ele>
        <time>2025-03-14T08:39:47Z</time>
        <extensions>
          <gpxtpx:TrackPointExtension>
            <gpxtpx:hr>121</gpxtpx:hr>
          </gpxtpx:TrackPointExtension>
        </extensions>
      </trkpt>
      <trkpt lat="30.522696526215455" lon="104.06676027184021">
        <ele>0.0</ele>
        <time>2025-03-14T08:39:48Z</time>
        <extensions>
          <gpxtpx:TrackPointExtension>
            <gpxtpx:hr>121</gpxtpx:hr>
          </gpxtpx:TrackPointExtension>
        </extensions>
      </trkpt>
      <trkpt lat="30.52267965573835" lon="104.06676379762843">
        <ele>0.0</ele>
        <time>2025-03-14T08:39:49Z</time>
        <extensions>
          <gpxtpx:TrackPointExtension>
            <gpxtpx:hr>121</gpxtpx:hr>
          </gpxtpx:TrackPointExtension>
        </extensions>
      </trkpt>
      <trkpt lat="30.522664390863735" lon="104.0667680908423">
        <ele>0.0</ele>
        <time>2025-03-14T08:39:50Z</time>
        <extensions>
          <gpxtpx:TrackPointExtension>
            <gpxtpx:hr>121</gpxtpx:hr>
          </gpxtpx:TrackPointExtension>
        </extensions>
      </trkpt>
      <trkpt lat="30.522651267877386" lon="104.06677477272665">
        <ele>0.0</ele>
        <time>2025-03-14T08:39:51Z</time>
        <extensions>
          <gpxtpx:TrackPointExtension>
            <gpxtpx:hr>121</gpxtpx:hr>
          </gpxtpx:TrackPointExtension>
        </extensions>
      </trkpt>
      <trkpt lat="30.522639503202967" lon="104.06678534246305">
        <ele>0.0</ele>
        <time>2025-03-14T08:39:52Z</time>
        <extensions>
          <gpxtpx:TrackPointExtension>
            <gpxtpx:hr>121</gpxtpx:hr>
          </gpxtpx:TrackPointExtension>
        </extensions>
      </trkpt>
      <trkpt lat="30.5226270009489" lon="104.0667993923788">
        <ele>0.0</ele>
        <time>2025-03-14T08:39:53Z</time>
        <extensions>
          <gpxtpx:TrackPointExtension>
            <gpxtpx:hr>121</gpxtpx:hr>
          </gpxtpx:TrackPointExtension>
        </extensions>
      </trkpt>
      <trkpt lat="30.522613815340815" lon="104.06681345603397">
        <ele>0.0</ele>
        <time>2025-03-14T08:39:54Z</time>
        <extensions>
          <gpxtpx:TrackPointExtension>
            <gpxtpx:hr>121</gpxtpx:hr>
          </gpxtpx:TrackPointExtension>
        </extensions>
      </trkpt>
      <trkpt lat="30.52260036555085" lon="104.06682804210269">
        <ele>0.0</ele>
        <time>2025-03-14T08:39:55Z</time>
        <extensions>
          <gpxtpx:TrackPointExtension>
            <gpxtpx:hr>121</gpxtpx:hr>
          </gpxtpx:TrackPointExtension>
        </extensions>
      </trkpt>
      <trkpt lat="30.52258773266105" lon="104.06684212088437">
        <ele>0.0</ele>
        <time>2025-03-14T08:39:56Z</time>
        <extensions>
          <gpxtpx:TrackPointExtension>
            <gpxtpx:hr>121</gpxtpx:hr>
          </gpxtpx:TrackPointExtension>
        </extensions>
      </trkpt>
      <trkpt lat="30.52257528379682" lon="104.06685693220614">
        <ele>0.0</ele>
        <time>2025-03-14T08:39:57Z</time>
        <extensions>
          <gpxtpx:TrackPointExtension>
            <gpxtpx:hr>121</gpxtpx:hr>
          </gpxtpx:TrackPointExtension>
        </extensions>
      </trkpt>
      <trkpt lat="30.52256285569537" lon="104.06686989378737">
        <ele>0.0</ele>
        <time>2025-03-14T08:39:58Z</time>
        <extensions>
          <gpxtpx:TrackPointExtension>
            <gpxtpx:hr>121</gpxtpx:hr>
          </gpxtpx:TrackPointExtension>
        </extensions>
      </trkpt>
      <trkpt lat="30.522550725822462" lon="104.0668805960166">
        <ele>0.0</ele>
        <time>2025-03-14T08:39:59Z</time>
        <extensions>
          <gpxtpx:TrackPointExtension>
            <gpxtpx:hr>121</gpxtpx:hr>
          </gpxtpx:TrackPointExtension>
        </extensions>
      </trkpt>
      <trkpt lat="30.52253872062604" lon="104.0668872062246">
        <ele>0.0</ele>
        <time>2025-03-14T08:40:00Z</time>
        <extensions>
          <gpxtpx:TrackPointExtension>
            <gpxtpx:hr>121</gpxtpx:hr>
          </gpxtpx:TrackPointExtension>
        </extensions>
      </trkpt>
      <trkpt lat="30.522526022180728" lon="104.06688909595948">
        <ele>0.0</ele>
        <time>2025-03-14T08:40:01Z</time>
        <extensions>
          <gpxtpx:TrackPointExtension>
            <gpxtpx:hr>121</gpxtpx:hr>
          </gpxtpx:TrackPointExtension>
        </extensions>
      </trkpt>
      <trkpt lat="30.52251141365149" lon="104.06688735648218">
        <ele>0.0</ele>
        <time>2025-03-14T08:40:02Z</time>
        <extensions>
          <gpxtpx:TrackPointExtension>
            <gpxtpx:hr>121</gpxtpx:hr>
          </gpxtpx:TrackPointExtension>
        </extensions>
      </trkpt>
      <trkpt lat="30.522495032401714" lon="104.06688467460762">
        <ele>0.0</ele>
        <time>2025-03-14T08:40:03Z</time>
        <extensions>
          <gpxtpx:TrackPointExtension>
            <gpxtpx:hr>122</gpxtpx:hr>
          </gpxtpx:TrackPointExtension>
        </extensions>
      </trkpt>
      <trkpt lat="30.522478184101004" lon="104.06688213899479">
        <ele>0.0</ele>
        <time>2025-03-14T08:40:04Z</time>
        <extensions>
          <gpxtpx:TrackPointExtension>
            <gpxtpx:hr>122</gpxtpx:hr>
          </gpxtpx:TrackPointExtension>
        </extensions>
      </trkpt>
      <trkpt lat="30.522461725685176" lon="104.06687922952082">
        <ele>0.0</ele>
        <time>2025-03-14T08:40:05Z</time>
        <extensions>
          <gpxtpx:TrackPointExtension>
            <gpxtpx:hr>122</gpxtpx:hr>
          </gpxtpx:TrackPointExtension>
        </extensions>
      </trkpt>
      <trkpt lat="30.522445961119818" lon="104.06687494011628">
        <ele>0.0</ele>
        <time>2025-03-14T08:40:06Z</time>
        <extensions>
          <gpxtpx:TrackPointExtension>
            <gpxtpx:hr>122</gpxtpx:hr>
          </gpxtpx:TrackPointExtension>
        </extensions>
      </trkpt>
      <trkpt lat="30.522430711474104" lon="104.06686898304191">
        <ele>0.0</ele>
        <time>2025-03-14T08:40:07Z</time>
        <extensions>
          <gpxtpx:TrackPointExtension>
            <gpxtpx:hr>122</gpxtpx:hr>
          </gpxtpx:TrackPointExtension>
        </extensions>
      </trkpt>
      <trkpt lat="30.52241641247444" lon="104.06686170041752">
        <ele>0.0</ele>
        <time>2025-03-14T08:40:08Z</time>
        <extensions>
          <gpxtpx:TrackPointExtension>
            <gpxtpx:hr>122</gpxtpx:hr>
          </gpxtpx:TrackPointExtension>
        </extensions>
      </trkpt>
      <trkpt lat="30.52240223234407" lon="104.06685352095353">
        <ele>0.0</ele>
        <time>2025-03-14T08:40:09Z</time>
        <extensions>
          <gpxtpx:TrackPointExtension>
            <gpxtpx:hr>122</gpxtpx:hr>
          </gpxtpx:TrackPointExtension>
        </extensions>
      </trkpt>
      <trkpt lat="30.522388229204324" lon="104.0668449254026">
        <ele>0.0</ele>
        <time>2025-03-14T08:40:10Z</time>
        <extensions>
          <gpxtpx:TrackPointExtension>
            <gpxtpx:hr>122</gpxtpx:hr>
          </gpxtpx:TrackPointExtension>
        </extensions>
      </trkpt>
      <trkpt lat="30.52237347584235" lon="104.06683608109658">
        <ele>0.0</ele>
        <time>2025-03-14T08:40:11Z</time>
        <extensions>
          <gpxtpx:TrackPointExtension>
            <gpxtpx:hr>122</gpxtpx:hr>
          </gpxtpx:TrackPointExtension>
        </extensions>
      </trkpt>
      <trkpt lat="30.522358513198146" lon="104.06682696816259">
        <ele>0.0</ele>
        <time>2025-03-14T08:40:12Z</time>
        <extensions>
          <gpxtpx:TrackPointExtension>
            <gpxtpx:hr>122</gpxtpx:hr>
          </gpxtpx:TrackPointExtension>
        </extensions>
      </trkpt>
      <trkpt lat="30.522343033180956" lon="104.06681772686107">
        <ele>0.0</ele>
        <time>2025-03-14T08:40:13Z</time>
        <extensions>
          <gpxtpx:TrackPointExtension>
            <gpxtpx:hr>122</gpxtpx:hr>
          </gpxtpx:TrackPointExtension>
        </extensions>
      </trkpt>
      <trkpt lat="30.522327653169164" lon="104.06680823572218">
        <ele>0.0</ele>
        <time>2025-03-14T08:40:14Z</time>
        <extensions>
          <gpxtpx:TrackPointExtension>
            <gpxtpx:hr>122</gpxtpx:hr>
          </gpxtpx:TrackPointExtension>
        </extensions>
      </trkpt>
      <trkpt lat="30.52231246642492" lon="104.0667987394558">
        <ele>0.0</ele>
        <time>2025-03-14T08:40:15Z</time>
        <extensions>
          <gpxtpx:TrackPointExtension>
            <gpxtpx:hr>122</gpxtpx:hr>
          </gpxtpx:TrackPointExtension>
        </extensions>
      </trkpt>
      <trkpt lat="30.522297444827363" lon="104.06678878450086">
        <ele>0.0</ele>
        <time>2025-03-14T08:40:16Z</time>
        <extensions>
          <gpxtpx:TrackPointExtension>
            <gpxtpx:hr>122</gpxtpx:hr>
          </gpxtpx:TrackPointExtension>
        </extensions>
      </trkpt>
      <trkpt lat="30.52228417187354" lon="104.06677899323131">
        <ele>0.0</ele>
        <time>2025-03-14T08:40:17Z</time>
        <extensions>
          <gpxtpx:TrackPointExtension>
            <gpxtpx:hr>122</gpxtpx:hr>
          </gpxtpx:TrackPointExtension>
        </extensions>
      </trkpt>
      <trkpt lat="30.522271771949523" lon="104.06676770913701">
        <ele>0.0</ele>
        <time>2025-03-14T08:40:18Z</time>
        <extensions>
          <gpxtpx:TrackPointExtension>
            <gpxtpx:hr>121</gpxtpx:hr>
          </gpxtpx:TrackPointExtension>
        </extensions>
      </trkpt>
      <trkpt lat="30.52226121868534" lon="104.06675487689748">
        <ele>0.0</ele>
        <time>2025-03-14T08:40:19Z</time>
        <extensions>
          <gpxtpx:TrackPointExtension>
            <gpxtpx:hr>121</gpxtpx:hr>
          </gpxtpx:TrackPointExtension>
        </extensions>
      </trkpt>
      <trkpt lat="30.522251353986977" lon="104.06673972909171">
        <ele>0.0</ele>
        <time>2025-03-14T08:40:20Z</time>
        <extensions>
          <gpxtpx:TrackPointExtension>
            <gpxtpx:hr>121</gpxtpx:hr>
          </gpxtpx:TrackPointExtension>
        </extensions>
      </trkpt>
      <trkpt lat="30.522243272113418" lon="104.06672328251084">
        <ele>0.0</ele>
        <time>2025-03-14T08:40:21Z</time>
        <extensions>
          <gpxtpx:TrackPointExtension>
            <gpxtpx:hr>121</gpxtpx:hr>
          </gpxtpx:TrackPointExtension>
        </extensions>
      </trkpt>
      <trkpt lat="30.522236411378678" lon="104.06670616755686">
        <ele>0.0</ele>
        <time>2025-03-14T08:40:22Z</time>
        <extensions>
          <gpxtpx:TrackPointExtension>
            <gpxtpx:hr>121</gpxtpx:hr>
          </gpxtpx:TrackPointExtension>
        </extensions>
      </trkpt>
      <trkpt lat="30.52223006080081" lon="104.06668829877273">
        <ele>0.0</ele>
        <time>2025-03-14T08:40:23Z</time>
        <extensions>
          <gpxtpx:TrackPointExtension>
            <gpxtpx:hr>123</gpxtpx:hr>
          </gpxtpx:TrackPointExtension>
        </extensions>
      </trkpt>
      <trkpt lat="30.52222391085422" lon="104.06667029846466">
        <ele>0.0</ele>
        <time>2025-03-14T08:40:24Z</time>
        <extensions>
          <gpxtpx:TrackPointExtension>
            <gpxtpx:hr>123</gpxtpx:hr>
          </gpxtpx:TrackPointExtension>
        </extensions>
      </trkpt>
      <trkpt lat="30.522217454992184" lon="104.06665195522778">
        <ele>0.0</ele>
        <time>2025-03-14T08:40:25Z</time>
        <extensions>
          <gpxtpx:TrackPointExtension>
            <gpxtpx:hr>123</gpxtpx:hr>
          </gpxtpx:TrackPointExtension>
        </extensions>
      </trkpt>
      <trkpt lat="30.52221071499694" lon="104.06663405753913">
        <ele>0.0</ele>
        <time>2025-03-14T08:40:26Z</time>
        <extensions>
          <gpxtpx:TrackPointExtension>
            <gpxtpx:hr>123</gpxtpx:hr>
          </gpxtpx:TrackPointExtension>
        </extensions>
      </trkpt>
      <trkpt lat="30.52220359963458" lon="104.06661661290838">
        <ele>0.0</ele>
        <time>2025-03-14T08:40:27Z</time>
        <extensions>
          <gpxtpx:TrackPointExtension>
            <gpxtpx:hr>123</gpxtpx:hr>
          </gpxtpx:TrackPointExtension>
        </extensions>
      </trkpt>
      <trkpt lat="30.52219596815338" lon="104.06660009082184">
        <ele>0.0</ele>
        <time>2025-03-14T08:40:28Z</time>
        <extensions>
          <gpxtpx:TrackPointExtension>
            <gpxtpx:hr>124</gpxtpx:hr>
          </gpxtpx:TrackPointExtension>
        </extensions>
      </trkpt>
      <trkpt lat="30.5221873674129" lon="104.06658469953784">
        <ele>0.0</ele>
        <time>2025-03-14T08:40:29Z</time>
        <extensions>
          <gpxtpx:TrackPointExtension>
            <gpxtpx:hr>124</gpxtpx:hr>
          </gpxtpx:TrackPointExtension>
        </extensions>
      </trkpt>
      <trkpt lat="30.522177532130662" lon="104.06657084382778">
        <ele>0.0</ele>
        <time>2025-03-14T08:40:30Z</time>
        <extensions>
          <gpxtpx:TrackPointExtension>
            <gpxtpx:hr>124</gpxtpx:hr>
          </gpxtpx:TrackPointExtension>
        </extensions>
      </trkpt>
      <trkpt lat="30.522166494628244" lon="104.06655871640342">
        <ele>0.0</ele>
        <time>2025-03-14T08:40:31Z</time>
        <extensions>
          <gpxtpx:TrackPointExtension>
            <gpxtpx:hr>124</gpxtpx:hr>
          </gpxtpx:TrackPointExtension>
        </extensions>
      </trkpt>
      <trkpt lat="30.522154573818128" lon="104.06654839911123">
        <ele>0.0</ele>
        <time>2025-03-14T08:40:32Z</time>
        <extensions>
          <gpxtpx:TrackPointExtension>
            <gpxtpx:hr>124</gpxtpx:hr>
          </gpxtpx:TrackPointExtension>
        </extensions>
      </trkpt>
      <trkpt lat="30.522142115704114" lon="104.06653965724982">
        <ele>0.0</ele>
        <time>2025-03-14T08:40:33Z</time>
        <extensions>
          <gpxtpx:TrackPointExtension>
            <gpxtpx:hr>125</gpxtpx:hr>
          </gpxtpx:TrackPointExtension>
        </extensions>
      </trkpt>
      <trkpt lat="30.522129424647748" lon="104.06653215604146">
        <ele>0.0</ele>
        <time>2025-03-14T08:40:34Z</time>
        <extensions>
          <gpxtpx:TrackPointExtension>
            <gpxtpx:hr>125</gpxtpx:hr>
          </gpxtpx:TrackPointExtension>
        </extensions>
      </trkpt>
      <trkpt lat="30.522116663174426" lon="104.0665252763129">
        <ele>0.0</ele>
        <time>2025-03-14T08:40:35Z</time>
        <extensions>
          <gpxtpx:TrackPointExtension>
            <gpxtpx:hr>125</gpxtpx:hr>
          </gpxtpx:TrackPointExtension>
        </extensions>
      </trkpt>
      <trkpt lat="30.522103797974946" lon="104.06651868411632">
        <ele>0.0</ele>
        <time>2025-03-14T08:40:36Z</time>
        <extensions>
          <gpxtpx:TrackPointExtension>
            <gpxtpx:hr>125</gpxtpx:hr>
          </gpxtpx:TrackPointExtension>
        </extensions>
      </trkpt>
      <trkpt lat="30.522090789260975" lon="104.06651242073697">
        <ele>0.0</ele>
        <time>2025-03-14T08:40:37Z</time>
        <extensions>
          <gpxtpx:TrackPointExtension>
            <gpxtpx:hr>125</gpxtpx:hr>
          </gpxtpx:TrackPointExtension>
        </extensions>
      </trkpt>
      <trkpt lat="30.52207735907452" lon="104.06650612450895">
        <ele>0.0</ele>
        <time>2025-03-14T08:40:38Z</time>
        <extensions>
          <gpxtpx:TrackPointExtension>
            <gpxtpx:hr>122</gpxtpx:hr>
          </gpxtpx:TrackPointExtension>
        </extensions>
      </trkpt>
      <trkpt lat="30.522063510142353" lon="104.06649972067291">
        <ele>0.0</ele>
        <time>2025-03-14T08:40:39Z</time>
        <extensions>
          <gpxtpx:TrackPointExtension>
            <gpxtpx:hr>122</gpxtpx:hr>
          </gpxtpx:TrackPointExtension>
        </extensions>
      </trkpt>
      <trkpt lat="30.52204960667694" lon="104.06649274700746">
        <ele>0.0</ele>
        <time>2025-03-14T08:40:40Z</time>
        <extensions>
          <gpxtpx:TrackPointExtension>
            <gpxtpx:hr>122</gpxtpx:hr>
          </gpxtpx:TrackPointExtension>
        </extensions>
      </trkpt>
      <trkpt lat="30.52203514796022" lon="104.06648544754717">
        <ele>0.0</ele>
        <time>2025-03-14T08:40:41Z</time>
        <extensions>
          <gpxtpx:TrackPointExtension>
            <gpxtpx:hr>122</gpxtpx:hr>
          </gpxtpx:TrackPointExtension>
        </extensions>
      </trkpt>
      <trkpt lat="30.52201995229834" lon="104.06647795998285">
        <ele>0.0</ele>
        <time>2025-03-14T08:40:42Z</time>
        <extensions>
          <gpxtpx:TrackPointExtension>
            <gpxtpx:hr>122</gpxtpx:hr>
          </gpxtpx:TrackPointExtension>
        </extensions>
      </trkpt>
      <trkpt lat="30.52200343109879" lon="104.06647064351111">
        <ele>0.0</ele>
        <time>2025-03-14T08:40:43Z</time>
        <extensions>
          <gpxtpx:TrackPointExtension>
            <gpxtpx:hr>120</gpxtpx:hr>
          </gpxtpx:TrackPointExtension>
        </extensions>
      </trkpt>
      <trkpt lat="30.521988027390247" lon="104.06646423626998">
        <ele>0.0</ele>
        <time>2025-03-14T08:40:44Z</time>
        <extensions>
          <gpxtpx:TrackPointExtension>
            <gpxtpx:hr>120</gpxtpx:hr>
          </gpxtpx:TrackPointExtension>
        </extensions>
      </trkpt>
      <trkpt lat="30.521972606851378" lon="104.06645787055882">
        <ele>0.0</ele>
        <time>2025-03-14T08:40:45Z</time>
        <extensions>
          <gpxtpx:TrackPointExtension>
            <gpxtpx:hr>120</gpxtpx:hr>
          </gpxtpx:TrackPointExtension>
        </extensions>
      </trkpt>
      <trkpt lat="30.52195797072314" lon="104.06645119045342">
        <ele>0.0</ele>
        <time>2025-03-14T08:40:46Z</time>
        <extensions>
          <gpxtpx:TrackPointExtension>
            <gpxtpx:hr>120</gpxtpx:hr>
          </gpxtpx:TrackPointExtension>
        </extensions>
      </trkpt>
      <trkpt lat="30.521942861974185" lon="104.06644317489959">
        <ele>0.0</ele>
        <time>2025-03-14T08:40:47Z</time>
        <extensions>
          <gpxtpx:TrackPointExtension>
            <gpxtpx:hr>120</gpxtpx:hr>
          </gpxtpx:TrackPointExtension>
        </extensions>
      </trkpt>
      <trkpt lat="30.52192882030201" lon="104.06643467274844">
        <ele>0.0</ele>
        <time>2025-03-14T08:40:48Z</time>
        <extensions>
          <gpxtpx:TrackPointExtension>
            <gpxtpx:hr>121</gpxtpx:hr>
          </gpxtpx:TrackPointExtension>
        </extensions>
      </trkpt>
      <trkpt lat="30.52191511836706" lon="104.06642581663158">
        <ele>0.0</ele>
        <time>2025-03-14T08:40:49Z</time>
        <extensions>
          <gpxtpx:TrackPointExtension>
            <gpxtpx:hr>121</gpxtpx:hr>
          </gpxtpx:TrackPointExtension>
        </extensions>
      </trkpt>
      <trkpt lat="30.521901070919974" lon="104.06641706009616">
        <ele>0.0</ele>
        <time>2025-03-14T08:40:50Z</time>
        <extensions>
          <gpxtpx:TrackPointExtension>
            <gpxtpx:hr>121</gpxtpx:hr>
          </gpxtpx:TrackPointExtension>
        </extensions>
      </trkpt>
      <trkpt lat="30.52188624425638" lon="104.06640839300063">
        <ele>0.0</ele>
        <time>2025-03-14T08:40:51Z</time>
        <extensions>
          <gpxtpx:TrackPointExtension>
            <gpxtpx:hr>121</gpxtpx:hr>
          </gpxtpx:TrackPointExtension>
        </extensions>
      </trkpt>
      <trkpt lat="30.521870904582805" lon="104.0663999518153">
        <ele>0.0</ele>
        <time>2025-03-14T08:40:52Z</time>
        <extensions>
          <gpxtpx:TrackPointExtension>
            <gpxtpx:hr>121</gpxtpx:hr>
          </gpxtpx:TrackPointExtension>
        </extensions>
      </trkpt>
      <trkpt lat="30.521855323031772" lon="104.06639133755294">
        <ele>0.0</ele>
        <time>2025-03-14T08:40:53Z</time>
        <extensions>
          <gpxtpx:TrackPointExtension>
            <gpxtpx:hr>121</gpxtpx:hr>
          </gpxtpx:TrackPointExtension>
        </extensions>
      </trkpt>
      <trkpt lat="30.521839763910247" lon="104.06638252526976">
        <ele>0.0</ele>
        <time>2025-03-14T08:40:54Z</time>
        <extensions>
          <gpxtpx:TrackPointExtension>
            <gpxtpx:hr>121</gpxtpx:hr>
          </gpxtpx:TrackPointExtension>
        </extensions>
      </trkpt>
      <trkpt lat="30.5218241136601" lon="104.06637339117536">
        <ele>0.0</ele>
        <time>2025-03-14T08:40:55Z</time>
        <extensions>
          <gpxtpx:TrackPointExtension>
            <gpxtpx:hr>121</gpxtpx:hr>
          </gpxtpx:TrackPointExtension>
        </extensions>
      </trkpt>
      <trkpt lat="30.52180879326482" lon="104.06636432650222">
        <ele>0.0</ele>
        <time>2025-03-14T08:40:56Z</time>
        <extensions>
          <gpxtpx:TrackPointExtension>
            <gpxtpx:hr>121</gpxtpx:hr>
          </gpxtpx:TrackPointExtension>
        </extensions>
      </trkpt>
      <trkpt lat="30.521793557817432" lon="104.06635544445332">
        <ele>0.0</ele>
        <time>2025-03-14T08:40:57Z</time>
        <extensions>
          <gpxtpx:TrackPointExtension>
            <gpxtpx:hr>121</gpxtpx:hr>
          </gpxtpx:TrackPointExtension>
        </extensions>
      </trkpt>
      <trkpt lat="30.521778636879365" lon="104.06634689985134">
        <ele>0.0</ele>
        <time>2025-03-14T08:40:58Z</time>
        <extensions>
          <gpxtpx:TrackPointExtension>
            <gpxtpx:hr>120</gpxtpx:hr>
          </gpxtpx:TrackPointExtension>
        </extensions>
      </trkpt>
      <trkpt lat="30.521763453552538" lon="104.06633843444965">
        <ele>0.0</ele>
        <time>2025-03-14T08:40:59Z</time>
        <extensions>
          <gpxtpx:TrackPointExtension>
            <gpxtpx:hr>120</gpxtpx:hr>
          </gpxtpx:TrackPointExtension>
        </extensions>
      </trkpt>
      <trkpt lat="30.521748544178156" lon="104.06632995779256">
        <ele>0.0</ele>
        <time>2025-03-14T08:41:00Z</time>
        <extensions>
          <gpxtpx:TrackPointExtension>
            <gpxtpx:hr>120</gpxtpx:hr>
          </gpxtpx:TrackPointExtension>
        </extensions>
      </trkpt>
      <trkpt lat="30.521733958189706" lon="104.06632104360689">
        <ele>0.0</ele>
        <time>2025-03-14T08:41:01Z</time>
        <extensions>
          <gpxtpx:TrackPointExtension>
            <gpxtpx:hr>120</gpxtpx:hr>
          </gpxtpx:TrackPointExtension>
        </extensions>
      </trkpt>
      <trkpt lat="30.521720012117186" lon="104.06631174931775">
        <ele>0.0</ele>
        <time>2025-03-14T08:41:02Z</time>
        <extensions>
          <gpxtpx:TrackPointExtension>
            <gpxtpx:hr>120</gpxtpx:hr>
          </gpxtpx:TrackPointExtension>
        </extensions>
      </trkpt>
      <trkpt lat="30.521706455019736" lon="104.06630190022922">
        <ele>0.0</ele>
        <time>2025-03-14T08:41:03Z</time>
        <extensions>
          <gpxtpx:TrackPointExtension>
            <gpxtpx:hr>120</gpxtpx:hr>
          </gpxtpx:TrackPointExtension>
        </extensions>
      </trkpt>
      <trkpt lat="30.52169306319473" lon="104.066291901039">
        <ele>0.0</ele>
        <time>2025-03-14T08:41:04Z</time>
        <extensions>
          <gpxtpx:TrackPointExtension>
            <gpxtpx:hr>120</gpxtpx:hr>
          </gpxtpx:TrackPointExtension>
        </extensions>
      </trkpt>
      <trkpt lat="30.521679420460593" lon="104.06628177951777">
        <ele>0.0</ele>
        <time>2025-03-14T08:41:05Z</time>
        <extensions>
          <gpxtpx:TrackPointExtension>
            <gpxtpx:hr>120</gpxtpx:hr>
          </gpxtpx:TrackPointExtension>
        </extensions>
      </trkpt>
      <trkpt lat="30.521666706727707" lon="104.06627248147713">
        <ele>0.0</ele>
        <time>2025-03-14T08:41:06Z</time>
        <extensions>
          <gpxtpx:TrackPointExtension>
            <gpxtpx:hr>120</gpxtpx:hr>
          </gpxtpx:TrackPointExtension>
        </extensions>
      </trkpt>
      <trkpt lat="30.521653222134443" lon="104.066263005334">
        <ele>0.0</ele>
        <time>2025-03-14T08:41:07Z</time>
        <extensions>
          <gpxtpx:TrackPointExtension>
            <gpxtpx:hr>120</gpxtpx:hr>
          </gpxtpx:TrackPointExtension>
        </extensions>
      </trkpt>
      <trkpt lat="30.521639320118318" lon="104.0662536841938">
        <ele>0.0</ele>
        <time>2025-03-14T08:41:08Z</time>
        <extensions>
          <gpxtpx:TrackPointExtension>
            <gpxtpx:hr>119</gpxtpx:hr>
          </gpxtpx:TrackPointExtension>
        </extensions>
      </trkpt>
      <trkpt lat="30.521623994041118" lon="104.06624378128885">
        <ele>0.0</ele>
        <time>2025-03-14T08:41:09Z</time>
        <extensions>
          <gpxtpx:TrackPointExtension>
            <gpxtpx:hr>119</gpxtpx:hr>
          </gpxtpx:TrackPointExtension>
        </extensions>
      </trkpt>
      <trkpt lat="30.52160911953038" lon="104.0662341744855">
        <ele>0.0</ele>
        <time>2025-03-14T08:41:10Z</time>
        <extensions>
          <gpxtpx:TrackPointExtension>
            <gpxtpx:hr>119</gpxtpx:hr>
          </gpxtpx:TrackPointExtension>
        </extensions>
      </trkpt>
      <trkpt lat="30.521594659784434" lon="104.0662247159881">
        <ele>0.0</ele>
        <time>2025-03-14T08:41:11Z</time>
        <extensions>
          <gpxtpx:TrackPointExtension>
            <gpxtpx:hr>119</gpxtpx:hr>
          </gpxtpx:TrackPointExtension>
        </extensions>
      </trkpt>
      <trkpt lat="30.52158046267503" lon="104.0662155642267">
        <ele>0.0</ele>
        <time>2025-03-14T08:41:12Z</time>
        <extensions>
          <gpxtpx:TrackPointExtension>
            <gpxtpx:hr>119</gpxtpx:hr>
          </gpxtpx:TrackPointExtension>
        </extensions>
      </trkpt>
      <trkpt lat="30.521566253403222" lon="104.06620675047601">
        <ele>0.0</ele>
        <time>2025-03-14T08:41:13Z</time>
        <extensions>
          <gpxtpx:TrackPointExtension>
            <gpxtpx:hr>121</gpxtpx:hr>
          </gpxtpx:TrackPointExtension>
        </extensions>
      </trkpt>
      <trkpt lat="30.52155215664789" lon="104.06619822431932">
        <ele>0.0</ele>
        <time>2025-03-14T08:41:14Z</time>
        <extensions>
          <gpxtpx:TrackPointExtension>
            <gpxtpx:hr>121</gpxtpx:hr>
          </gpxtpx:TrackPointExtension>
        </extensions>
      </trkpt>
      <trkpt lat="30.52153791868566" lon="104.0661896789334">
        <ele>0.0</ele>
        <time>2025-03-14T08:41:15Z</time>
        <extensions>
          <gpxtpx:TrackPointExtension>
            <gpxtpx:hr>121</gpxtpx:hr>
          </gpxtpx:TrackPointExtension>
        </extensions>
      </trkpt>
      <trkpt lat="30.521523958136978" lon="104.06618112637099">
        <ele>0.0</ele>
        <time>2025-03-14T08:41:16Z</time>
        <extensions>
          <gpxtpx:TrackPointExtension>
            <gpxtpx:hr>121</gpxtpx:hr>
          </gpxtpx:TrackPointExtension>
        </extensions>
      </trkpt>
      <trkpt lat="30.521509843400057" lon="104.06617223366595">
        <ele>0.0</ele>
        <time>2025-03-14T08:41:17Z</time>
        <extensions>
          <gpxtpx:TrackPointExtension>
            <gpxtpx:hr>121</gpxtpx:hr>
          </gpxtpx:TrackPointExtension>
        </extensions>
      </trkpt>
      <trkpt lat="30.521496080270325" lon="104.06616312365134">
        <ele>0.0</ele>
        <time>2025-03-14T08:41:18Z</time>
        <extensions>
          <gpxtpx:TrackPointExtension>
            <gpxtpx:hr>120</gpxtpx:hr>
          </gpxtpx:TrackPointExtension>
        </extensions>
      </trkpt>
      <trkpt lat="30.52148243794445" lon="104.06615373389756">
        <ele>0.0</ele>
        <time>2025-03-14T08:41:19Z</time>
        <extensions>
          <gpxtpx:TrackPointExtension>
            <gpxtpx:hr>120</gpxtpx:hr>
          </gpxtpx:TrackPointExtension>
        </extensions>
      </trkpt>
      <trkpt lat="30.521469168768792" lon="104.06614413168775">
        <ele>0.0</ele>
        <time>2025-03-14T08:41:20Z</time>
        <extensions>
          <gpxtpx:TrackPointExtension>
            <gpxtpx:hr>120</gpxtpx:hr>
          </gpxtpx:TrackPointExtension>
        </extensions>
      </trkpt>
      <trkpt lat="30.52145598281971" lon="104.0661341855599">
        <ele>0.0</ele>
        <time>2025-03-14T08:41:21Z</time>
        <extensions>
          <gpxtpx:TrackPointExtension>
            <gpxtpx:hr>120</gpxtpx:hr>
          </gpxtpx:TrackPointExtension>
        </extensions>
      </trkpt>
      <trkpt lat="30.521442915509226" lon="104.06612403037833">
        <ele>0.0</ele>
        <time>2025-03-14T08:41:22Z</time>
        <extensions>
          <gpxtpx:TrackPointExtension>
            <gpxtpx:hr>120</gpxtpx:hr>
          </gpxtpx:TrackPointExtension>
        </extensions>
      </trkpt>
      <trkpt lat="30.52142999467407" lon="104.0661138866357">
        <ele>0.0</ele>
        <time>2025-03-14T08:41:23Z</time>
        <extensions>
          <gpxtpx:TrackPointExtension>
            <gpxtpx:hr>121</gpxtpx:hr>
          </gpxtpx:TrackPointExtension>
        </extensions>
      </trkpt>
      <trkpt lat="30.521417101262422" lon="104.0661039908617">
        <ele>0.0</ele>
        <time>2025-03-14T08:41:24Z</time>
        <extensions>
          <gpxtpx:TrackPointExtension>
            <gpxtpx:hr>121</gpxtpx:hr>
          </gpxtpx:TrackPointExtension>
        </extensions>
      </trkpt>
      <trkpt lat="30.521403988881975" lon="104.06609427918724">
        <ele>0.0</ele>
        <time>2025-03-14T08:41:25Z</time>
        <extensions>
          <gpxtpx:TrackPointExtension>
            <gpxtpx:hr>121</gpxtpx:hr>
          </gpxtpx:TrackPointExtension>
        </extensions>
      </trkpt>
      <trkpt lat="30.52139088032686" lon="104.06608477196804">
        <ele>0.0</ele>
        <time>2025-03-14T08:41:26Z</time>
        <extensions>
          <gpxtpx:TrackPointExtension>
            <gpxtpx:hr>121</gpxtpx:hr>
          </gpxtpx:TrackPointExtension>
        </extensions>
      </trkpt>
      <trkpt lat="30.521377443623116" lon="104.06607517400498">
        <ele>0.0</ele>
        <time>2025-03-14T08:41:27Z</time>
        <extensions>
          <gpxtpx:TrackPointExtension>
            <gpxtpx:hr>121</gpxtpx:hr>
          </gpxtpx:TrackPointExtension>
        </extensions>
      </trkpt>
      <trkpt lat="30.52136527491008" lon="104.06606605474984">
        <ele>0.0</ele>
        <time>2025-03-14T08:41:28Z</time>
        <extensions>
          <gpxtpx:TrackPointExtension>
            <gpxtpx:hr>121</gpxtpx:hr>
          </gpxtpx:TrackPointExtension>
        </extensions>
      </trkpt>
      <trkpt lat="30.521352567939346" lon="104.06605618086118">
        <ele>0.0</ele>
        <time>2025-03-14T08:41:29Z</time>
        <extensions>
          <gpxtpx:TrackPointExtension>
            <gpxtpx:hr>121</gpxtpx:hr>
          </gpxtpx:TrackPointExtension>
        </extensions>
      </trkpt>
      <trkpt lat="30.521339632342325" lon="104.0660459789101">
        <ele>0.0</ele>
        <time>2025-03-14T08:41:30Z</time>
        <extensions>
          <gpxtpx:TrackPointExtension>
            <gpxtpx:hr>121</gpxtpx:hr>
          </gpxtpx:TrackPointExtension>
        </extensions>
      </trkpt>
      <trkpt lat="30.5213250379179" lon="104.06603505889439">
        <ele>0.0</ele>
        <time>2025-03-14T08:41:31Z</time>
        <extensions>
          <gpxtpx:TrackPointExtension>
            <gpxtpx:hr>121</gpxtpx:hr>
          </gpxtpx:TrackPointExtension>
        </extensions>
      </trkpt>
      <trkpt lat="30.521310268605284" lon="104.06602460480703">
        <ele>0.0</ele>
        <time>2025-03-14T08:41:32Z</time>
        <extensions>
          <gpxtpx:TrackPointExtension>
            <gpxtpx:hr>121</gpxtpx:hr>
          </gpxtpx:TrackPointExtension>
        </extensions>
      </trkpt>
      <trkpt lat="30.521295569400532" lon="104.06601434783225">
        <ele>0.0</ele>
        <time>2025-03-14T08:41:33Z</time>
        <extensions>
          <gpxtpx:TrackPointExtension>
            <gpxtpx:hr>120</gpxtpx:hr>
          </gpxtpx:TrackPointExtension>
        </extensions>
      </trkpt>
      <trkpt lat="30.521281397496107" lon="104.06600417396821">
        <ele>0.0</ele>
        <time>2025-03-14T08:41:34Z</time>
        <extensions>
          <gpxtpx:TrackPointExtension>
            <gpxtpx:hr>120</gpxtpx:hr>
          </gpxtpx:TrackPointExtension>
        </extensions>
      </trkpt>
      <trkpt lat="30.521267754121194" lon="104.06599404838083">
        <ele>0.0</ele>
        <time>2025-03-14T08:41:35Z</time>
        <extensions>
          <gpxtpx:TrackPointExtension>
            <gpxtpx:hr>120</gpxtpx:hr>
          </gpxtpx:TrackPointExtension>
        </extensions>
      </trkpt>
      <trkpt lat="30.521254658488626" lon="104.06598390977136">
        <ele>0.0</ele>
        <time>2025-03-14T08:41:36Z</time>
        <extensions>
          <gpxtpx:TrackPointExtension>
            <gpxtpx:hr>120</gpxtpx:hr>
          </gpxtpx:TrackPointExtension>
        </extensions>
      </trkpt>
      <trkpt lat="30.521241643158106" lon="104.06597367729019">
        <ele>0.0</ele>
        <time>2025-03-14T08:41:37Z</time>
        <extensions>
          <gpxtpx:TrackPointExtension>
            <gpxtpx:hr>120</gpxtpx:hr>
          </gpxtpx:TrackPointExtension>
        </extensions>
      </trkpt>
      <trkpt lat="30.52122864945029" lon="104.06596342582162">
        <ele>0.0</ele>
        <time>2025-03-14T08:41:38Z</time>
        <extensions>
          <gpxtpx:TrackPointExtension>
            <gpxtpx:hr>120</gpxtpx:hr>
          </gpxtpx:TrackPointExtension>
        </extensions>
      </trkpt>
      <trkpt lat="30.52121535060966" lon="104.06595335702534">
        <ele>0.0</ele>
        <time>2025-03-14T08:41:39Z</time>
        <extensions>
          <gpxtpx:TrackPointExtension>
            <gpxtpx:hr>120</gpxtpx:hr>
          </gpxtpx:TrackPointExtension>
        </extensions>
      </trkpt>
      <trkpt lat="30.521201779102654" lon="104.06594342740674">
        <ele>0.0</ele>
        <time>2025-03-14T08:41:40Z</time>
        <extensions>
          <gpxtpx:TrackPointExtension>
            <gpxtpx:hr>120</gpxtpx:hr>
          </gpxtpx:TrackPointExtension>
        </extensions>
      </trkpt>
      <trkpt lat="30.521188236884015" lon="104.06593330690511">
        <ele>0.0</ele>
        <time>2025-03-14T08:41:41Z</time>
        <extensions>
          <gpxtpx:TrackPointExtension>
            <gpxtpx:hr>120</gpxtpx:hr>
          </gpxtpx:TrackPointExtension>
        </extensions>
      </trkpt>
      <trkpt lat="30.52117501043665" lon="104.06592265198795">
        <ele>0.0</ele>
        <time>2025-03-14T08:41:42Z</time>
        <extensions>
          <gpxtpx:TrackPointExtension>
            <gpxtpx:hr>120</gpxtpx:hr>
          </gpxtpx:TrackPointExtension>
        </extensions>
      </trkpt>
      <trkpt lat="30.521162261842555" lon="104.06591142512472">
        <ele>0.0</ele>
        <time>2025-03-14T08:41:43Z</time>
        <extensions>
          <gpxtpx:TrackPointExtension>
            <gpxtpx:hr>120</gpxtpx:hr>
          </gpxtpx:TrackPointExtension>
        </extensions>
      </trkpt>
      <trkpt lat="30.521149896194743" lon="104.06589975120693">
        <ele>0.0</ele>
        <time>2025-03-14T08:41:44Z</time>
        <extensions>
          <gpxtpx:TrackPointExtension>
            <gpxtpx:hr>120</gpxtpx:hr>
          </gpxtpx:TrackPointExtension>
        </extensions>
      </trkpt>
      <trkpt lat="30.521137995638412" lon="104.06588788616115">
        <ele>0.0</ele>
        <time>2025-03-14T08:41:45Z</time>
        <extensions>
          <gpxtpx:TrackPointExtension>
            <gpxtpx:hr>120</gpxtpx:hr>
          </gpxtpx:TrackPointExtension>
        </extensions>
      </trkpt>
      <trkpt lat="30.521126497311165" lon="104.06587555956499">
        <ele>0.0</ele>
        <time>2025-03-14T08:41:46Z</time>
        <extensions>
          <gpxtpx:TrackPointExtension>
            <gpxtpx:hr>120</gpxtpx:hr>
          </gpxtpx:TrackPointExtension>
        </extensions>
      </trkpt>
      <trkpt lat="30.521115239610193" lon="104.06586278312352">
        <ele>0.0</ele>
        <time>2025-03-14T08:41:47Z</time>
        <extensions>
          <gpxtpx:TrackPointExtension>
            <gpxtpx:hr>120</gpxtpx:hr>
          </gpxtpx:TrackPointExtension>
        </extensions>
      </trkpt>
      <trkpt lat="30.521103911581797" lon="104.06584935572485">
        <ele>0.0</ele>
        <time>2025-03-14T08:41:48Z</time>
        <extensions>
          <gpxtpx:TrackPointExtension>
            <gpxtpx:hr>120</gpxtpx:hr>
          </gpxtpx:TrackPointExtension>
        </extensions>
      </trkpt>
      <trkpt lat="30.521092522211994" lon="104.06583585138135">
        <ele>0.0</ele>
        <time>2025-03-14T08:41:49Z</time>
        <extensions>
          <gpxtpx:TrackPointExtension>
            <gpxtpx:hr>120</gpxtpx:hr>
          </gpxtpx:TrackPointExtension>
        </extensions>
      </trkpt>
      <trkpt lat="30.521081154512753" lon="104.06582227516012">
        <ele>0.0</ele>
        <time>2025-03-14T08:41:50Z</time>
        <extensions>
          <gpxtpx:TrackPointExtension>
            <gpxtpx:hr>120</gpxtpx:hr>
          </gpxtpx:TrackPointExtension>
        </extensions>
      </trkpt>
      <trkpt lat="30.521069903444403" lon="104.06580880094387">
        <ele>0.0</ele>
        <time>2025-03-14T08:41:51Z</time>
        <extensions>
          <gpxtpx:TrackPointExtension>
            <gpxtpx:hr>120</gpxtpx:hr>
          </gpxtpx:TrackPointExtension>
        </extensions>
      </trkpt>
      <trkpt lat="30.521058850843545" lon="104.06579514541147">
        <ele>0.0</ele>
        <time>2025-03-14T08:41:52Z</time>
        <extensions>
          <gpxtpx:TrackPointExtension>
            <gpxtpx:hr>120</gpxtpx:hr>
          </gpxtpx:TrackPointExtension>
        </extensions>
      </trkpt>
      <trkpt lat="30.521048135832658" lon="104.06578123104696">
        <ele>0.0</ele>
        <time>2025-03-14T08:41:53Z</time>
        <extensions>
          <gpxtpx:TrackPointExtension>
            <gpxtpx:hr>124</gpxtpx:hr>
          </gpxtpx:TrackPointExtension>
        </extensions>
      </trkpt>
      <trkpt lat="30.52103765834489" lon="104.06576705386942">
        <ele>0.0</ele>
        <time>2025-03-14T08:41:54Z</time>
        <extensions>
          <gpxtpx:TrackPointExtension>
            <gpxtpx:hr>124</gpxtpx:hr>
          </gpxtpx:TrackPointExtension>
        </extensions>
      </trkpt>
      <trkpt lat="30.52102694445877" lon="104.06575282442607">
        <ele>0.0</ele>
        <time>2025-03-14T08:41:55Z</time>
        <extensions>
          <gpxtpx:TrackPointExtension>
            <gpxtpx:hr>124</gpxtpx:hr>
          </gpxtpx:TrackPointExtension>
        </extensions>
      </trkpt>
      <trkpt lat="30.521015829396365" lon="104.06573899396274">
        <ele>0.0</ele>
        <time>2025-03-14T08:41:56Z</time>
        <extensions>
          <gpxtpx:TrackPointExtension>
            <gpxtpx:hr>124</gpxtpx:hr>
          </gpxtpx:TrackPointExtension>
        </extensions>
      </trkpt>
      <trkpt lat="30.521003902048843" lon="104.06572542076296">
        <ele>0.0</ele>
        <time>2025-03-14T08:41:57Z</time>
        <extensions>
          <gpxtpx:TrackPointExtension>
            <gpxtpx:hr>124</gpxtpx:hr>
          </gpxtpx:TrackPointExtension>
        </extensions>
      </trkpt>
      <trkpt lat="30.520991284534357" lon="104.06571178272117">
        <ele>0.0</ele>
        <time>2025-03-14T08:41:58Z</time>
        <extensions>
          <gpxtpx:TrackPointExtension>
            <gpxtpx:hr>125</gpxtpx:hr>
          </gpxtpx:TrackPointExtension>
        </extensions>
      </trkpt>
      <trkpt lat="30.520977433774206" lon="104.06569727423211">
        <ele>0.0</ele>
        <time>2025-03-14T08:41:59Z</time>
        <extensions>
          <gpxtpx:TrackPointExtension>
            <gpxtpx:hr>125</gpxtpx:hr>
          </gpxtpx:TrackPointExtension>
        </extensions>
      </trkpt>
      <trkpt lat="30.52096463360767" lon="104.06568305896651">
        <ele>0.0</ele>
        <time>2025-03-14T08:42:00Z</time>
        <extensions>
          <gpxtpx:TrackPointExtension>
            <gpxtpx:hr>125</gpxtpx:hr>
          </gpxtpx:TrackPointExtension>
        </extensions>
      </trkpt>
      <trkpt lat="30.52095304176885" lon="104.06566932261653">
        <ele>0.0</ele>
        <time>2025-03-14T08:42:01Z</time>
        <extensions>
          <gpxtpx:TrackPointExtension>
            <gpxtpx:hr>125</gpxtpx:hr>
          </gpxtpx:TrackPointExtension>
        </extensions>
      </trkpt>
      <trkpt lat="30.520943150954007" lon="104.06565656513152">
        <ele>0.0</ele>
        <time>2025-03-14T08:42:02Z</time>
        <extensions>
          <gpxtpx:TrackPointExtension>
            <gpxtpx:hr>125</gpxtpx:hr>
          </gpxtpx:TrackPointExtension>
        </extensions>
      </trkpt>
      <trkpt lat="30.520932969626063" lon="104.06564347067687">
        <ele>0.0</ele>
        <time>2025-03-14T08:42:03Z</time>
        <extensions>
          <gpxtpx:TrackPointExtension>
            <gpxtpx:hr>124</gpxtpx:hr>
          </gpxtpx:TrackPointExtension>
        </extensions>
      </trkpt>
      <trkpt lat="30.520922675829773" lon="104.06563024841918">
        <ele>0.0</ele>
        <time>2025-03-14T08:42:04Z</time>
        <extensions>
          <gpxtpx:TrackPointExtension>
            <gpxtpx:hr>124</gpxtpx:hr>
          </gpxtpx:TrackPointExtension>
        </extensions>
      </trkpt>
      <trkpt lat="30.520912274660144" lon="104.06561689867432">
        <ele>0.0</ele>
        <time>2025-03-14T08:42:05Z</time>
        <extensions>
          <gpxtpx:TrackPointExtension>
            <gpxtpx:hr>124</gpxtpx:hr>
          </gpxtpx:TrackPointExtension>
        </extensions>
      </trkpt>
      <trkpt lat="30.52090183538704" lon="104.06560352920218">
        <ele>0.0</ele>
        <time>2025-03-14T08:42:06Z</time>
        <extensions>
          <gpxtpx:TrackPointExtension>
            <gpxtpx:hr>124</gpxtpx:hr>
          </gpxtpx:TrackPointExtension>
        </extensions>
      </trkpt>
      <trkpt lat="30.520891262874578" lon="104.06559000269309">
        <ele>0.0</ele>
        <time>2025-03-14T08:42:07Z</time>
        <extensions>
          <gpxtpx:TrackPointExtension>
            <gpxtpx:hr>124</gpxtpx:hr>
          </gpxtpx:TrackPointExtension>
        </extensions>
      </trkpt>
      <trkpt lat="30.520880475767974" lon="104.0655761930942">
        <ele>0.0</ele>
        <time>2025-03-14T08:42:08Z</time>
        <extensions>
          <gpxtpx:TrackPointExtension>
            <gpxtpx:hr>124</gpxtpx:hr>
          </gpxtpx:TrackPointExtension>
        </extensions>
      </trkpt>
      <trkpt lat="30.52086969706292" lon="104.06556239512804">
        <ele>0.0</ele>
        <time>2025-03-14T08:42:09Z</time>
        <extensions>
          <gpxtpx:TrackPointExtension>
            <gpxtpx:hr>124</gpxtpx:hr>
          </gpxtpx:TrackPointExtension>
        </extensions>
      </trkpt>
      <trkpt lat="30.520858769675026" lon="104.0655483972352">
        <ele>0.0</ele>
        <time>2025-03-14T08:42:10Z</time>
        <extensions>
          <gpxtpx:TrackPointExtension>
            <gpxtpx:hr>124</gpxtpx:hr>
          </gpxtpx:TrackPointExtension>
        </extensions>
      </trkpt>
      <trkpt lat="30.520847670883313" lon="104.0655341810257">
        <ele>0.0</ele>
        <time>2025-03-14T08:42:11Z</time>
        <extensions>
          <gpxtpx:TrackPointExtension>
            <gpxtpx:hr>124</gpxtpx:hr>
          </gpxtpx:TrackPointExtension>
        </extensions>
      </trkpt>
      <trkpt lat="30.520836060711144" lon="104.06551929345893">
        <ele>0.0</ele>
        <time>2025-03-14T08:42:12Z</time>
        <extensions>
          <gpxtpx:TrackPointExtension>
            <gpxtpx:hr>124</gpxtpx:hr>
          </gpxtpx:TrackPointExtension>
        </extensions>
      </trkpt>
      <trkpt lat="30.520824094312708" lon="104.06550397411688">
        <ele>0.0</ele>
        <time>2025-03-14T08:42:13Z</time>
        <extensions>
          <gpxtpx:TrackPointExtension>
            <gpxtpx:hr>122</gpxtpx:hr>
          </gpxtpx:TrackPointExtension>
        </extensions>
      </trkpt>
      <trkpt lat="30.520812233947616" lon="104.0654888731189">
        <ele>0.0</ele>
        <time>2025-03-14T08:42:14Z</time>
        <extensions>
          <gpxtpx:TrackPointExtension>
            <gpxtpx:hr>122</gpxtpx:hr>
          </gpxtpx:TrackPointExtension>
        </extensions>
      </trkpt>
      <trkpt lat="30.520800836635075" lon="104.0654744888197">
        <ele>0.0</ele>
        <time>2025-03-14T08:42:15Z</time>
        <extensions>
          <gpxtpx:TrackPointExtension>
            <gpxtpx:hr>122</gpxtpx:hr>
          </gpxtpx:TrackPointExtension>
        </extensions>
      </trkpt>
      <trkpt lat="30.52078971831793" lon="104.06546048538236">
        <ele>0.0</ele>
        <time>2025-03-14T08:42:16Z</time>
        <extensions>
          <gpxtpx:TrackPointExtension>
            <gpxtpx:hr>122</gpxtpx:hr>
          </gpxtpx:TrackPointExtension>
        </extensions>
      </trkpt>
      <trkpt lat="30.520778718662008" lon="104.0654465200868">
        <ele>0.0</ele>
        <time>2025-03-14T08:42:17Z</time>
        <extensions>
          <gpxtpx:TrackPointExtension>
            <gpxtpx:hr>122</gpxtpx:hr>
          </gpxtpx:TrackPointExtension>
        </extensions>
      </trkpt>
      <trkpt lat="30.520767640091133" lon="104.06543217061045">
        <ele>0.0</ele>
        <time>2025-03-14T08:42:18Z</time>
        <extensions>
          <gpxtpx:TrackPointExtension>
            <gpxtpx:hr>122</gpxtpx:hr>
          </gpxtpx:TrackPointExtension>
        </extensions>
      </trkpt>
      <trkpt lat="30.520756873976477" lon="104.06541791001872">
        <ele>0.0</ele>
        <time>2025-03-14T08:42:19Z</time>
        <extensions>
          <gpxtpx:TrackPointExtension>
            <gpxtpx:hr>122</gpxtpx:hr>
          </gpxtpx:TrackPointExtension>
        </extensions>
      </trkpt>
      <trkpt lat="30.520746496459424" lon="104.06540386564429">
        <ele>0.0</ele>
        <time>2025-03-14T08:42:20Z</time>
        <extensions>
          <gpxtpx:TrackPointExtension>
            <gpxtpx:hr>122</gpxtpx:hr>
          </gpxtpx:TrackPointExtension>
        </extensions>
      </trkpt>
      <trkpt lat="30.520736546951245" lon="104.06539012928775">
        <ele>0.0</ele>
        <time>2025-03-14T08:42:21Z</time>
        <extensions>
          <gpxtpx:TrackPointExtension>
            <gpxtpx:hr>122</gpxtpx:hr>
          </gpxtpx:TrackPointExtension>
        </extensions>
      </trkpt>
      <trkpt lat="30.5207280275952" lon="104.0653781398001">
        <ele>0.0</ele>
        <time>2025-03-14T08:42:22Z</time>
        <extensions>
          <gpxtpx:TrackPointExtension>
            <gpxtpx:hr>122</gpxtpx:hr>
          </gpxtpx:TrackPointExtension>
        </extensions>
      </trkpt>
      <trkpt lat="30.52071916164627" lon="104.06536537431764">
        <ele>0.0</ele>
        <time>2025-03-14T08:42:23Z</time>
        <extensions>
          <gpxtpx:TrackPointExtension>
            <gpxtpx:hr>122</gpxtpx:hr>
          </gpxtpx:TrackPointExtension>
        </extensions>
      </trkpt>
      <trkpt lat="30.520710100688856" lon="104.06535202002772">
        <ele>0.0</ele>
        <time>2025-03-14T08:42:24Z</time>
        <extensions>
          <gpxtpx:TrackPointExtension>
            <gpxtpx:hr>122</gpxtpx:hr>
          </gpxtpx:TrackPointExtension>
        </extensions>
      </trkpt>
      <trkpt lat="30.520699528595912" lon="104.06533621202016">
        <ele>0.0</ele>
        <time>2025-03-14T08:42:25Z</time>
        <extensions>
          <gpxtpx:TrackPointExtension>
            <gpxtpx:hr>122</gpxtpx:hr>
          </gpxtpx:TrackPointExtension>
        </extensions>
      </trkpt>
      <trkpt lat="30.520689167829648" lon="104.06532040007959">
        <ele>0.0</ele>
        <time>2025-03-14T08:42:26Z</time>
        <extensions>
          <gpxtpx:TrackPointExtension>
            <gpxtpx:hr>122</gpxtpx:hr>
          </gpxtpx:TrackPointExtension>
        </extensions>
      </trkpt>
      <trkpt lat="30.52067890320551" lon="104.06530444988779">
        <ele>0.0</ele>
        <time>2025-03-14T08:42:27Z</time>
        <extensions>
          <gpxtpx:TrackPointExtension>
            <gpxtpx:hr>122</gpxtpx:hr>
          </gpxtpx:TrackPointExtension>
        </extensions>
      </trkpt>
      <trkpt lat="30.52066893717433" lon="104.06528872362726">
        <ele>0.0</ele>
        <time>2025-03-14T08:42:28Z</time>
        <extensions>
          <gpxtpx:TrackPointExtension>
            <gpxtpx:hr>120</gpxtpx:hr>
          </gpxtpx:TrackPointExtension>
        </extensions>
      </trkpt>
      <trkpt lat="30.520659056470837" lon="104.06527294495598">
        <ele>0.0</ele>
        <time>2025-03-14T08:42:29Z</time>
        <extensions>
          <gpxtpx:TrackPointExtension>
            <gpxtpx:hr>120</gpxtpx:hr>
          </gpxtpx:TrackPointExtension>
        </extensions>
      </trkpt>
      <trkpt lat="30.520649425280904" lon="104.06525741745367">
        <ele>0.0</ele>
        <time>2025-03-14T08:42:30Z</time>
        <extensions>
          <gpxtpx:TrackPointExtension>
            <gpxtpx:hr>120</gpxtpx:hr>
          </gpxtpx:TrackPointExtension>
        </extensions>
      </trkpt>
      <trkpt lat="30.520639883617125" lon="104.0652419318253">
        <ele>0.0</ele>
        <time>2025-03-14T08:42:31Z</time>
        <extensions>
          <gpxtpx:TrackPointExtension>
            <gpxtpx:hr>120</gpxtpx:hr>
          </gpxtpx:TrackPointExtension>
        </extensions>
      </trkpt>
      <trkpt lat="30.520630457143934" lon="104.06522657758119">
        <ele>0.0</ele>
        <time>2025-03-14T08:42:32Z</time>
        <extensions>
          <gpxtpx:TrackPointExtension>
            <gpxtpx:hr>120</gpxtpx:hr>
          </gpxtpx:TrackPointExtension>
        </extensions>
      </trkpt>
      <trkpt lat="30.5206210135679" lon="104.06521119607005">
        <ele>0.0</ele>
        <time>2025-03-14T08:42:33Z</time>
        <extensions>
          <gpxtpx:TrackPointExtension>
            <gpxtpx:hr>123</gpxtpx:hr>
          </gpxtpx:TrackPointExtension>
        </extensions>
      </trkpt>
      <trkpt lat="30.520611441220204" lon="104.0651956687856">
        <ele>0.0</ele>
        <time>2025-03-14T08:42:34Z</time>
        <extensions>
          <gpxtpx:TrackPointExtension>
            <gpxtpx:hr>123</gpxtpx:hr>
          </gpxtpx:TrackPointExtension>
        </extensions>
      </trkpt>
      <trkpt lat="30.520601833872615" lon="104.06518016853103">
        <ele>0.0</ele>
        <time>2025-03-14T08:42:35Z</time>
        <extensions>
          <gpxtpx:TrackPointExtension>
            <gpxtpx:hr>123</gpxtpx:hr>
          </gpxtpx:TrackPointExtension>
        </extensions>
      </trkpt>
      <trkpt lat="30.520592173098727" lon="104.06516469644062">
        <ele>0.0</ele>
        <time>2025-03-14T08:42:36Z</time>
        <extensions>
          <gpxtpx:TrackPointExtension>
            <gpxtpx:hr>123</gpxtpx:hr>
          </gpxtpx:TrackPointExtension>
        </extensions>
      </trkpt>
      <trkpt lat="30.520582558836672" lon="104.06514938824206">
        <ele>0.0</ele>
        <time>2025-03-14T08:42:37Z</time>
        <extensions>
          <gpxtpx:TrackPointExtension>
            <gpxtpx:hr>123</gpxtpx:hr>
          </gpxtpx:TrackPointExtension>
        </extensions>
      </trkpt>
      <trkpt lat="30.520572904032967" lon="104.06513411410266">
        <ele>0.0</ele>
        <time>2025-03-14T08:42:38Z</time>
        <extensions>
          <gpxtpx:TrackPointExtension>
            <gpxtpx:hr>130</gpxtpx:hr>
          </gpxtpx:TrackPointExtension>
        </extensions>
      </trkpt>
      <trkpt lat="30.52056326839106" lon="104.06511896064914">
        <ele>0.0</ele>
        <time>2025-03-14T08:42:39Z</time>
        <extensions>
          <gpxtpx:TrackPointExtension>
            <gpxtpx:hr>130</gpxtpx:hr>
          </gpxtpx:TrackPointExtension>
        </extensions>
      </trkpt>
      <trkpt lat="30.520553665842375" lon="104.06510397055865">
        <ele>0.0</ele>
        <time>2025-03-14T08:42:40Z</time>
        <extensions>
          <gpxtpx:TrackPointExtension>
            <gpxtpx:hr>130</gpxtpx:hr>
          </gpxtpx:TrackPointExtension>
        </extensions>
      </trkpt>
      <trkpt lat="30.520544333251124" lon="104.06508951077858">
        <ele>0.0</ele>
        <time>2025-03-14T08:42:41Z</time>
        <extensions>
          <gpxtpx:TrackPointExtension>
            <gpxtpx:hr>130</gpxtpx:hr>
          </gpxtpx:TrackPointExtension>
        </extensions>
      </trkpt>
      <trkpt lat="30.520535066010787" lon="104.06507532499539">
        <ele>0.0</ele>
        <time>2025-03-14T08:42:42Z</time>
        <extensions>
          <gpxtpx:TrackPointExtension>
            <gpxtpx:hr>130</gpxtpx:hr>
          </gpxtpx:TrackPointExtension>
        </extensions>
      </trkpt>
      <trkpt lat="30.520527224203583" lon="104.06506340115476">
        <ele>0.0</ele>
        <time>2025-03-14T08:42:43Z</time>
        <extensions>
          <gpxtpx:TrackPointExtension>
            <gpxtpx:hr>126</gpxtpx:hr>
          </gpxtpx:TrackPointExtension>
        </extensions>
      </trkpt>
      <trkpt lat="30.52051905222644" lon="104.06505125280393">
        <ele>0.0</ele>
        <time>2025-03-14T08:42:44Z</time>
        <extensions>
          <gpxtpx:TrackPointExtension>
            <gpxtpx:hr>126</gpxtpx:hr>
          </gpxtpx:TrackPointExtension>
        </extensions>
      </trkpt>
      <trkpt lat="30.52051074148831" lon="104.06503918396281">
        <ele>0.0</ele>
        <time>2025-03-14T08:42:45Z</time>
        <extensions>
          <gpxtpx:TrackPointExtension>
            <gpxtpx:hr>126</gpxtpx:hr>
          </gpxtpx:TrackPointExtension>
        </extensions>
      </trkpt>
      <trkpt lat="30.52050094594881" lon="104.06502529823845">
        <ele>0.0</ele>
        <time>2025-03-14T08:42:46Z</time>
        <extensions>
          <gpxtpx:TrackPointExtension>
            <gpxtpx:hr>126</gpxtpx:hr>
          </gpxtpx:TrackPointExtension>
        </extensions>
      </trkpt>
      <trkpt lat="30.520491127306563" lon="104.06501177459754">
        <ele>0.0</ele>
        <time>2025-03-14T08:42:47Z</time>
        <extensions>
          <gpxtpx:TrackPointExtension>
            <gpxtpx:hr>126</gpxtpx:hr>
          </gpxtpx:TrackPointExtension>
        </extensions>
      </trkpt>
      <trkpt lat="30.520481241874595" lon="104.06499856142369">
        <ele>0.0</ele>
        <time>2025-03-14T08:42:48Z</time>
        <extensions>
          <gpxtpx:TrackPointExtension>
            <gpxtpx:hr>124</gpxtpx:hr>
          </gpxtpx:TrackPointExtension>
        </extensions>
      </trkpt>
      <trkpt lat="30.52047094986843" lon="104.06498533476133">
        <ele>0.0</ele>
        <time>2025-03-14T08:42:49Z</time>
        <extensions>
          <gpxtpx:TrackPointExtension>
            <gpxtpx:hr>124</gpxtpx:hr>
          </gpxtpx:TrackPointExtension>
        </extensions>
      </trkpt>
      <trkpt lat="30.520460398111624" lon="104.06497213591256">
        <ele>0.0</ele>
        <time>2025-03-14T08:42:50Z</time>
        <extensions>
          <gpxtpx:TrackPointExtension>
            <gpxtpx:hr>124</gpxtpx:hr>
          </gpxtpx:TrackPointExtension>
        </extensions>
      </trkpt>
      <trkpt lat="30.52044823328875" lon="104.06495809387955">
        <ele>0.0</ele>
        <time>2025-03-14T08:42:51Z</time>
        <extensions>
          <gpxtpx:TrackPointExtension>
            <gpxtpx:hr>124</gpxtpx:hr>
          </gpxtpx:TrackPointExtension>
        </extensions>
      </trkpt>
      <trkpt lat="30.52043566569832" lon="104.06494358858201">
        <ele>0.0</ele>
        <time>2025-03-14T08:42:52Z</time>
        <extensions>
          <gpxtpx:TrackPointExtension>
            <gpxtpx:hr>124</gpxtpx:hr>
          </gpxtpx:TrackPointExtension>
        </extensions>
      </trkpt>
      <trkpt lat="30.52042298670221" lon="104.06492862824109">
        <ele>0.0</ele>
        <time>2025-03-14T08:42:53Z</time>
        <extensions>
          <gpxtpx:TrackPointExtension>
            <gpxtpx:hr>122</gpxtpx:hr>
          </gpxtpx:TrackPointExtension>
        </extensions>
      </trkpt>
      <trkpt lat="30.520411787317954" lon="104.06491396912494">
        <ele>0.0</ele>
        <time>2025-03-14T08:42:54Z</time>
        <extensions>
          <gpxtpx:TrackPointExtension>
            <gpxtpx:hr>122</gpxtpx:hr>
          </gpxtpx:TrackPointExtension>
        </extensions>
      </trkpt>
      <trkpt lat="30.520401016120505" lon="104.06489935061673">
        <ele>0.0</ele>
        <time>2025-03-14T08:42:55Z</time>
        <extensions>
          <gpxtpx:TrackPointExtension>
            <gpxtpx:hr>122</gpxtpx:hr>
          </gpxtpx:TrackPointExtension>
        </extensions>
      </trkpt>
      <trkpt lat="30.52039031392395" lon="104.0648850239686">
        <ele>0.0</ele>
        <time>2025-03-14T08:42:56Z</time>
        <extensions>
          <gpxtpx:TrackPointExtension>
            <gpxtpx:hr>122</gpxtpx:hr>
          </gpxtpx:TrackPointExtension>
        </extensions>
      </trkpt>
      <trkpt lat="30.52037930059695" lon="104.06487044879788">
        <ele>0.0</ele>
        <time>2025-03-14T08:42:57Z</time>
        <extensions>
          <gpxtpx:TrackPointExtension>
            <gpxtpx:hr>122</gpxtpx:hr>
          </gpxtpx:TrackPointExtension>
        </extensions>
      </trkpt>
      <trkpt lat="30.52036812976328" lon="104.06485690341786">
        <ele>0.0</ele>
        <time>2025-03-14T08:42:58Z</time>
        <extensions>
          <gpxtpx:TrackPointExtension>
            <gpxtpx:hr>120</gpxtpx:hr>
          </gpxtpx:TrackPointExtension>
        </extensions>
      </trkpt>
      <trkpt lat="30.52035605769769" lon="104.06484270136806">
        <ele>0.0</ele>
        <time>2025-03-14T08:42:59Z</time>
        <extensions>
          <gpxtpx:TrackPointExtension>
            <gpxtpx:hr>120</gpxtpx:hr>
          </gpxtpx:TrackPointExtension>
        </extensions>
      </trkpt>
      <trkpt lat="30.52034303654287" lon="104.06482663167944">
        <ele>0.0</ele>
        <time>2025-03-14T08:43:00Z</time>
        <extensions>
          <gpxtpx:TrackPointExtension>
            <gpxtpx:hr>120</gpxtpx:hr>
          </gpxtpx:TrackPointExtension>
        </extensions>
      </trkpt>
      <trkpt lat="30.520331033487082" lon="104.06481160936583">
        <ele>0.0</ele>
        <time>2025-03-14T08:43:01Z</time>
        <extensions>
          <gpxtpx:TrackPointExtension>
            <gpxtpx:hr>120</gpxtpx:hr>
          </gpxtpx:TrackPointExtension>
        </extensions>
      </trkpt>
      <trkpt lat="30.520320448994696" lon="104.06479767951085">
        <ele>0.0</ele>
        <time>2025-03-14T08:43:02Z</time>
        <extensions>
          <gpxtpx:TrackPointExtension>
            <gpxtpx:hr>120</gpxtpx:hr>
          </gpxtpx:TrackPointExtension>
        </extensions>
      </trkpt>
      <trkpt lat="30.520312284779695" lon="104.06478673982778">
        <ele>0.0</ele>
        <time>2025-03-14T08:43:03Z</time>
        <extensions>
          <gpxtpx:TrackPointExtension>
            <gpxtpx:hr>120</gpxtpx:hr>
          </gpxtpx:TrackPointExtension>
        </extensions>
      </trkpt>
      <trkpt lat="30.52030324319119" lon="104.0647741899314">
        <ele>0.0</ele>
        <time>2025-03-14T08:43:04Z</time>
        <extensions>
          <gpxtpx:TrackPointExtension>
            <gpxtpx:hr>120</gpxtpx:hr>
          </gpxtpx:TrackPointExtension>
        </extensions>
      </trkpt>
      <trkpt lat="30.520294227419264" lon="104.06476147760833">
        <ele>0.0</ele>
        <time>2025-03-14T08:43:05Z</time>
        <extensions>
          <gpxtpx:TrackPointExtension>
            <gpxtpx:hr>120</gpxtpx:hr>
          </gpxtpx:TrackPointExtension>
        </extensions>
      </trkpt>
      <trkpt lat="30.520284874640744" lon="104.06474815077195">
        <ele>0.0</ele>
        <time>2025-03-14T08:43:06Z</time>
        <extensions>
          <gpxtpx:TrackPointExtension>
            <gpxtpx:hr>120</gpxtpx:hr>
          </gpxtpx:TrackPointExtension>
        </extensions>
      </trkpt>
      <trkpt lat="30.520275418017405" lon="104.06473457527187">
        <ele>0.0</ele>
        <time>2025-03-14T08:43:07Z</time>
        <extensions>
          <gpxtpx:TrackPointExtension>
            <gpxtpx:hr>120</gpxtpx:hr>
          </gpxtpx:TrackPointExtension>
        </extensions>
      </trkpt>
      <trkpt lat="30.520265842787595" lon="104.06472071716257">
        <ele>0.0</ele>
        <time>2025-03-14T08:43:08Z</time>
        <extensions>
          <gpxtpx:TrackPointExtension>
            <gpxtpx:hr>121</gpxtpx:hr>
          </gpxtpx:TrackPointExtension>
        </extensions>
      </trkpt>
      <trkpt lat="30.520256089891397" lon="104.0647064576308">
        <ele>0.0</ele>
        <time>2025-03-14T08:43:09Z</time>
        <extensions>
          <gpxtpx:TrackPointExtension>
            <gpxtpx:hr>121</gpxtpx:hr>
          </gpxtpx:TrackPointExtension>
        </extensions>
      </trkpt>
      <trkpt lat="30.520246241829465" lon="104.06469190638705">
        <ele>0.0</ele>
        <time>2025-03-14T08:43:10Z</time>
        <extensions>
          <gpxtpx:TrackPointExtension>
            <gpxtpx:hr>121</gpxtpx:hr>
          </gpxtpx:TrackPointExtension>
        </extensions>
      </trkpt>
      <trkpt lat="30.520236286706332" lon="104.0646770481222">
        <ele>0.0</ele>
        <time>2025-03-14T08:43:11Z</time>
        <extensions>
          <gpxtpx:TrackPointExtension>
            <gpxtpx:hr>121</gpxtpx:hr>
          </gpxtpx:TrackPointExtension>
        </extensions>
      </trkpt>
      <trkpt lat="30.5202262194129" lon="104.06466189636633">
        <ele>0.0</ele>
        <time>2025-03-14T08:43:12Z</time>
        <extensions>
          <gpxtpx:TrackPointExtension>
            <gpxtpx:hr>121</gpxtpx:hr>
          </gpxtpx:TrackPointExtension>
        </extensions>
      </trkpt>
      <trkpt lat="30.520216030896552" lon="104.06464642127757">
        <ele>0.0</ele>
        <time>2025-03-14T08:43:13Z</time>
        <extensions>
          <gpxtpx:TrackPointExtension>
            <gpxtpx:hr>119</gpxtpx:hr>
          </gpxtpx:TrackPointExtension>
        </extensions>
      </trkpt>
      <trkpt lat="30.52020727695779" lon="104.06463285539344">
        <ele>0.0</ele>
        <time>2025-03-14T08:43:14Z</time>
        <extensions>
          <gpxtpx:TrackPointExtension>
            <gpxtpx:hr>119</gpxtpx:hr>
          </gpxtpx:TrackPointExtension>
        </extensions>
      </trkpt>
      <trkpt lat="30.520198890437694" lon="104.06461958799179">
        <ele>0.0</ele>
        <time>2025-03-14T08:43:15Z</time>
        <extensions>
          <gpxtpx:TrackPointExtension>
            <gpxtpx:hr>119</gpxtpx:hr>
          </gpxtpx:TrackPointExtension>
        </extensions>
      </trkpt>
      <trkpt lat="30.52019092500969" lon="104.06460665845125">
        <ele>0.0</ele>
        <time>2025-03-14T08:43:16Z</time>
        <extensions>
          <gpxtpx:TrackPointExtension>
            <gpxtpx:hr>119</gpxtpx:hr>
          </gpxtpx:TrackPointExtension>
        </extensions>
      </trkpt>
      <trkpt lat="30.520181569826025" lon="104.06459141997017">
        <ele>0.0</ele>
        <time>2025-03-14T08:43:17Z</time>
        <extensions>
          <gpxtpx:TrackPointExtension>
            <gpxtpx:hr>119</gpxtpx:hr>
          </gpxtpx:TrackPointExtension>
        </extensions>
      </trkpt>
      <trkpt lat="30.520172133399193" lon="104.06457580635319">
        <ele>0.0</ele>
        <time>2025-03-14T08:43:18Z</time>
        <extensions>
          <gpxtpx:TrackPointExtension>
            <gpxtpx:hr>117</gpxtpx:hr>
          </gpxtpx:TrackPointExtension>
        </extensions>
      </trkpt>
      <trkpt lat="30.52016248358068" lon="104.06455970992964">
        <ele>0.0</ele>
        <time>2025-03-14T08:43:19Z</time>
        <extensions>
          <gpxtpx:TrackPointExtension>
            <gpxtpx:hr>117</gpxtpx:hr>
          </gpxtpx:TrackPointExtension>
        </extensions>
      </trkpt>
      <trkpt lat="30.52015281045516" lon="104.06454351752276">
        <ele>0.0</ele>
        <time>2025-03-14T08:43:20Z</time>
        <extensions>
          <gpxtpx:TrackPointExtension>
            <gpxtpx:hr>117</gpxtpx:hr>
          </gpxtpx:TrackPointExtension>
        </extensions>
      </trkpt>
      <trkpt lat="30.52014306522428" lon="104.06452732651512">
        <ele>0.0</ele>
        <time>2025-03-14T08:43:21Z</time>
        <extensions>
          <gpxtpx:TrackPointExtension>
            <gpxtpx:hr>117</gpxtpx:hr>
          </gpxtpx:TrackPointExtension>
        </extensions>
      </trkpt>
      <trkpt lat="30.520133265484468" lon="104.06451126439619">
        <ele>0.0</ele>
        <time>2025-03-14T08:43:22Z</time>
        <extensions>
          <gpxtpx:TrackPointExtension>
            <gpxtpx:hr>117</gpxtpx:hr>
          </gpxtpx:TrackPointExtension>
        </extensions>
      </trkpt>
      <trkpt lat="30.52012352118056" lon="104.06449554287552">
        <ele>0.0</ele>
        <time>2025-03-14T08:43:23Z</time>
        <extensions>
          <gpxtpx:TrackPointExtension>
            <gpxtpx:hr>119</gpxtpx:hr>
          </gpxtpx:TrackPointExtension>
        </extensions>
      </trkpt>
      <trkpt lat="30.520113753720107" lon="104.06448005424761">
        <ele>0.0</ele>
        <time>2025-03-14T08:43:24Z</time>
        <extensions>
          <gpxtpx:TrackPointExtension>
            <gpxtpx:hr>119</gpxtpx:hr>
          </gpxtpx:TrackPointExtension>
        </extensions>
      </trkpt>
      <trkpt lat="30.520103942253634" lon="104.064464796237">
        <ele>0.0</ele>
        <time>2025-03-14T08:43:25Z</time>
        <extensions>
          <gpxtpx:TrackPointExtension>
            <gpxtpx:hr>119</gpxtpx:hr>
          </gpxtpx:TrackPointExtension>
        </extensions>
      </trkpt>
      <trkpt lat="30.520093925373246" lon="104.06444960111077">
        <ele>0.0</ele>
        <time>2025-03-14T08:43:26Z</time>
        <extensions>
          <gpxtpx:TrackPointExtension>
            <gpxtpx:hr>119</gpxtpx:hr>
          </gpxtpx:TrackPointExtension>
        </extensions>
      </trkpt>
      <trkpt lat="30.520083758293236" lon="104.06443459453526">
        <ele>0.0</ele>
        <time>2025-03-14T08:43:27Z</time>
        <extensions>
          <gpxtpx:TrackPointExtension>
            <gpxtpx:hr>119</gpxtpx:hr>
          </gpxtpx:TrackPointExtension>
        </extensions>
      </trkpt>
      <trkpt lat="30.520073313926524" lon="104.06441962742714">
        <ele>0.0</ele>
        <time>2025-03-14T08:43:28Z</time>
        <extensions>
          <gpxtpx:TrackPointExtension>
            <gpxtpx:hr>123</gpxtpx:hr>
          </gpxtpx:TrackPointExtension>
        </extensions>
      </trkpt>
      <trkpt lat="30.52006279979331" lon="104.06440500555418">
        <ele>0.0</ele>
        <time>2025-03-14T08:43:29Z</time>
        <extensions>
          <gpxtpx:TrackPointExtension>
            <gpxtpx:hr>123</gpxtpx:hr>
          </gpxtpx:TrackPointExtension>
        </extensions>
      </trkpt>
      <trkpt lat="30.520052019098426" lon="104.06439045555172">
        <ele>0.0</ele>
        <time>2025-03-14T08:43:30Z</time>
        <extensions>
          <gpxtpx:TrackPointExtension>
            <gpxtpx:hr>123</gpxtpx:hr>
          </gpxtpx:TrackPointExtension>
        </extensions>
      </trkpt>
      <trkpt lat="30.520041204387987" lon="104.06437630855451">
        <ele>0.0</ele>
        <time>2025-03-14T08:43:31Z</time>
        <extensions>
          <gpxtpx:TrackPointExtension>
            <gpxtpx:hr>123</gpxtpx:hr>
          </gpxtpx:TrackPointExtension>
        </extensions>
      </trkpt>
      <trkpt lat="30.520030272821902" lon="104.06436243188477">
        <ele>0.0</ele>
        <time>2025-03-14T08:43:32Z</time>
        <extensions>
          <gpxtpx:TrackPointExtension>
            <gpxtpx:hr>123</gpxtpx:hr>
          </gpxtpx:TrackPointExtension>
        </extensions>
      </trkpt>
      <trkpt lat="30.52001940398081" lon="104.06434900295953">
        <ele>0.0</ele>
        <time>2025-03-14T08:43:33Z</time>
        <extensions>
          <gpxtpx:TrackPointExtension>
            <gpxtpx:hr>123</gpxtpx:hr>
          </gpxtpx:TrackPointExtension>
        </extensions>
      </trkpt>
      <trkpt lat="30.520010133045325" lon="104.06433810177164">
        <ele>0.0</ele>
        <time>2025-03-14T08:43:34Z</time>
        <extensions>
          <gpxtpx:TrackPointExtension>
            <gpxtpx:hr>123</gpxtpx:hr>
          </gpxtpx:TrackPointExtension>
        </extensions>
      </trkpt>
      <trkpt lat="30.520001336683098" lon="104.06432800073146">
        <ele>0.0</ele>
        <time>2025-03-14T08:43:35Z</time>
        <extensions>
          <gpxtpx:TrackPointExtension>
            <gpxtpx:hr>123</gpxtpx:hr>
          </gpxtpx:TrackPointExtension>
        </extensions>
      </trkpt>
      <trkpt lat="30.519993209887136" lon="104.0643188252715">
        <ele>0.0</ele>
        <time>2025-03-14T08:43:36Z</time>
        <extensions>
          <gpxtpx:TrackPointExtension>
            <gpxtpx:hr>123</gpxtpx:hr>
          </gpxtpx:TrackPointExtension>
        </extensions>
      </trkpt>
      <trkpt lat="30.519984070496463" lon="104.06430803240536">
        <ele>0.0</ele>
        <time>2025-03-14T08:43:37Z</time>
        <extensions>
          <gpxtpx:TrackPointExtension>
            <gpxtpx:hr>123</gpxtpx:hr>
          </gpxtpx:TrackPointExtension>
        </extensions>
      </trkpt>
      <trkpt lat="30.51997518804121" lon="104.06429729867513">
        <ele>0.0</ele>
        <time>2025-03-14T08:43:38Z</time>
        <extensions>
          <gpxtpx:TrackPointExtension>
            <gpxtpx:hr>121</gpxtpx:hr>
          </gpxtpx:TrackPointExtension>
        </extensions>
      </trkpt>
      <trkpt lat="30.519966391858016" lon="104.06428636355176">
        <ele>0.0</ele>
        <time>2025-03-14T08:43:39Z</time>
        <extensions>
          <gpxtpx:TrackPointExtension>
            <gpxtpx:hr>121</gpxtpx:hr>
          </gpxtpx:TrackPointExtension>
        </extensions>
      </trkpt>
      <trkpt lat="30.519956857130815" lon="104.06427597859602">
        <ele>0.0</ele>
        <time>2025-03-14T08:43:40Z</time>
        <extensions>
          <gpxtpx:TrackPointExtension>
            <gpxtpx:hr>121</gpxtpx:hr>
          </gpxtpx:TrackPointExtension>
        </extensions>
      </trkpt>
      <trkpt lat="30.519945921859044" lon="104.06426616150058">
        <ele>0.0</ele>
        <time>2025-03-14T08:43:41Z</time>
        <extensions>
          <gpxtpx:TrackPointExtension>
            <gpxtpx:hr>121</gpxtpx:hr>
          </gpxtpx:TrackPointExtension>
        </extensions>
      </trkpt>
      <trkpt lat="30.51993322750961" lon="104.0642569946474">
        <ele>0.0</ele>
        <time>2025-03-14T08:43:42Z</time>
        <extensions>
          <gpxtpx:TrackPointExtension>
            <gpxtpx:hr>121</gpxtpx:hr>
          </gpxtpx:TrackPointExtension>
        </extensions>
      </trkpt>
      <trkpt lat="30.519919185176118" lon="104.064247749105">
        <ele>0.0</ele>
        <time>2025-03-14T08:43:43Z</time>
        <extensions>
          <gpxtpx:TrackPointExtension>
            <gpxtpx:hr>128</gpxtpx:hr>
          </gpxtpx:TrackPointExtension>
        </extensions>
      </trkpt>
      <trkpt lat="30.519905992816703" lon="104.06423928032488">
        <ele>0.0</ele>
        <time>2025-03-14T08:43:44Z</time>
        <extensions>
          <gpxtpx:TrackPointExtension>
            <gpxtpx:hr>128</gpxtpx:hr>
          </gpxtpx:TrackPointExtension>
        </extensions>
      </trkpt>
      <trkpt lat="30.519892702273424" lon="104.06423136084226">
        <ele>0.0</ele>
        <time>2025-03-14T08:43:45Z</time>
        <extensions>
          <gpxtpx:TrackPointExtension>
            <gpxtpx:hr>128</gpxtpx:hr>
          </gpxtpx:TrackPointExtension>
        </extensions>
      </trkpt>
      <trkpt lat="30.519880311762847" lon="104.06422415319327">
        <ele>0.0</ele>
        <time>2025-03-14T08:43:46Z</time>
        <extensions>
          <gpxtpx:TrackPointExtension>
            <gpxtpx:hr>128</gpxtpx:hr>
          </gpxtpx:TrackPointExtension>
        </extensions>
      </trkpt>
      <trkpt lat="30.51986718013021" lon="104.06421614101274">
        <ele>0.0</ele>
        <time>2025-03-14T08:43:47Z</time>
        <extensions>
          <gpxtpx:TrackPointExtension>
            <gpxtpx:hr>128</gpxtpx:hr>
          </gpxtpx:TrackPointExtension>
        </extensions>
      </trkpt>
      <trkpt lat="30.51985579095225" lon="104.06420922739473">
        <ele>0.0</ele>
        <time>2025-03-14T08:43:48Z</time>
        <extensions>
          <gpxtpx:TrackPointExtension>
            <gpxtpx:hr>125</gpxtpx:hr>
          </gpxtpx:TrackPointExtension>
        </extensions>
      </trkpt>
      <trkpt lat="30.519844390934207" lon="104.06420186394261">
        <ele>0.0</ele>
        <time>2025-03-14T08:43:49Z</time>
        <extensions>
          <gpxtpx:TrackPointExtension>
            <gpxtpx:hr>125</gpxtpx:hr>
          </gpxtpx:TrackPointExtension>
        </extensions>
      </trkpt>
      <trkpt lat="30.519831569693785" lon="104.06419471802482">
        <ele>0.0</ele>
        <time>2025-03-14T08:43:50Z</time>
        <extensions>
          <gpxtpx:TrackPointExtension>
            <gpxtpx:hr>125</gpxtpx:hr>
          </gpxtpx:TrackPointExtension>
        </extensions>
      </trkpt>
      <trkpt lat="30.51981790201744" lon="104.06418551296068">
        <ele>0.0</ele>
        <time>2025-03-14T08:43:51Z</time>
        <extensions>
          <gpxtpx:TrackPointExtension>
            <gpxtpx:hr>125</gpxtpx:hr>
          </gpxtpx:TrackPointExtension>
        </extensions>
      </trkpt>
      <trkpt lat="30.519804403234648" lon="104.06417533131946">
        <ele>0.0</ele>
        <time>2025-03-14T08:43:52Z</time>
        <extensions>
          <gpxtpx:TrackPointExtension>
            <gpxtpx:hr>125</gpxtpx:hr>
          </gpxtpx:TrackPointExtension>
        </extensions>
      </trkpt>
      <trkpt lat="30.519793087370747" lon="104.06416425753207">
        <ele>0.0</ele>
        <time>2025-03-14T08:43:53Z</time>
        <extensions>
          <gpxtpx:TrackPointExtension>
            <gpxtpx:hr>124</gpxtpx:hr>
          </gpxtpx:TrackPointExtension>
        </extensions>
      </trkpt>
      <trkpt lat="30.51978372858599" lon="104.06415468773783">
        <ele>0.0</ele>
        <time>2025-03-14T08:43:54Z</time>
        <extensions>
          <gpxtpx:TrackPointExtension>
            <gpxtpx:hr>124</gpxtpx:hr>
          </gpxtpx:TrackPointExtension>
        </extensions>
      </trkpt>
      <trkpt lat="30.51977529632688" lon="104.06414509870197">
        <ele>0.0</ele>
        <time>2025-03-14T08:43:55Z</time>
        <extensions>
          <gpxtpx:TrackPointExtension>
            <gpxtpx:hr>124</gpxtpx:hr>
          </gpxtpx:TrackPointExtension>
        </extensions>
      </trkpt>
      <trkpt lat="30.51976725729679" lon="104.06413526826906">
        <ele>0.0</ele>
        <time>2025-03-14T08:43:56Z</time>
        <extensions>
          <gpxtpx:TrackPointExtension>
            <gpxtpx:hr>124</gpxtpx:hr>
          </gpxtpx:TrackPointExtension>
        </extensions>
      </trkpt>
      <trkpt lat="30.519757922942297" lon="104.06412305246349">
        <ele>0.0</ele>
        <time>2025-03-14T08:43:57Z</time>
        <extensions>
          <gpxtpx:TrackPointExtension>
            <gpxtpx:hr>124</gpxtpx:hr>
          </gpxtpx:TrackPointExtension>
        </extensions>
      </trkpt>
      <trkpt lat="30.519748532716388" lon="104.0641103473346">
        <ele>0.0</ele>
        <time>2025-03-14T08:43:58Z</time>
        <extensions>
          <gpxtpx:TrackPointExtension>
            <gpxtpx:hr>124</gpxtpx:hr>
          </gpxtpx:TrackPointExtension>
        </extensions>
      </trkpt>
      <trkpt lat="30.51973881711629" lon="104.06409694731259">
        <ele>0.0</ele>
        <time>2025-03-14T08:43:59Z</time>
        <extensions>
          <gpxtpx:TrackPointExtension>
            <gpxtpx:hr>124</gpxtpx:hr>
          </gpxtpx:TrackPointExtension>
        </extensions>
      </trkpt>
      <trkpt lat="30.519728904337246" lon="104.06408318668957">
        <ele>0.0</ele>
        <time>2025-03-14T08:44:00Z</time>
        <extensions>
          <gpxtpx:TrackPointExtension>
            <gpxtpx:hr>124</gpxtpx:hr>
          </gpxtpx:TrackPointExtension>
        </extensions>
      </trkpt>
      <trkpt lat="30.519720311600437" lon="104.06407129402736">
        <ele>0.0</ele>
        <time>2025-03-14T08:44:01Z</time>
        <extensions>
          <gpxtpx:TrackPointExtension>
            <gpxtpx:hr>124</gpxtpx:hr>
          </gpxtpx:TrackPointExtension>
        </extensions>
      </trkpt>
      <trkpt lat="30.51971186782451" lon="104.06405982086982">
        <ele>0.0</ele>
        <time>2025-03-14T08:44:02Z</time>
        <extensions>
          <gpxtpx:TrackPointExtension>
            <gpxtpx:hr>124</gpxtpx:hr>
          </gpxtpx:TrackPointExtension>
        </extensions>
      </trkpt>
      <trkpt lat="30.51970357163565" lon="104.06404884809129">
        <ele>0.0</ele>
        <time>2025-03-14T08:44:03Z</time>
        <extensions>
          <gpxtpx:TrackPointExtension>
            <gpxtpx:hr>124</gpxtpx:hr>
          </gpxtpx:TrackPointExtension>
        </extensions>
      </trkpt>
      <trkpt lat="30.51969351060387" lon="104.06403581613841">
        <ele>0.0</ele>
        <time>2025-03-14T08:44:04Z</time>
        <extensions>
          <gpxtpx:TrackPointExtension>
            <gpxtpx:hr>124</gpxtpx:hr>
          </gpxtpx:TrackPointExtension>
        </extensions>
      </trkpt>
      <trkpt lat="30.519682933494796" lon="104.06402238154519">
        <ele>0.0</ele>
        <time>2025-03-14T08:44:05Z</time>
        <extensions>
          <gpxtpx:TrackPointExtension>
            <gpxtpx:hr>124</gpxtpx:hr>
          </gpxtpx:TrackPointExtension>
        </extensions>
      </trkpt>
      <trkpt lat="30.51967182975489" lon="104.0640084566414">
        <ele>0.0</ele>
        <time>2025-03-14T08:44:06Z</time>
        <extensions>
          <gpxtpx:TrackPointExtension>
            <gpxtpx:hr>124</gpxtpx:hr>
          </gpxtpx:TrackPointExtension>
        </extensions>
      </trkpt>
      <trkpt lat="30.519660598929228" lon="104.0639944815929">
        <ele>0.0</ele>
        <time>2025-03-14T08:44:07Z</time>
        <extensions>
          <gpxtpx:TrackPointExtension>
            <gpxtpx:hr>124</gpxtpx:hr>
          </gpxtpx:TrackPointExtension>
        </extensions>
      </trkpt>
      <trkpt lat="30.51964937425465" lon="104.06398053494132">
        <ele>0.0</ele>
        <time>2025-03-14T08:44:08Z</time>
        <extensions>
          <gpxtpx:TrackPointExtension>
            <gpxtpx:hr>124</gpxtpx:hr>
          </gpxtpx:TrackPointExtension>
        </extensions>
      </trkpt>
      <trkpt lat="30.519638190889783" lon="104.06396659381272">
        <ele>0.0</ele>
        <time>2025-03-14T08:44:09Z</time>
        <extensions>
          <gpxtpx:TrackPointExtension>
            <gpxtpx:hr>124</gpxtpx:hr>
          </gpxtpx:TrackPointExtension>
        </extensions>
      </trkpt>
      <trkpt lat="30.51962711484608" lon="104.06395266796635">
        <ele>0.0</ele>
        <time>2025-03-14T08:44:10Z</time>
        <extensions>
          <gpxtpx:TrackPointExtension>
            <gpxtpx:hr>124</gpxtpx:hr>
          </gpxtpx:TrackPointExtension>
        </extensions>
      </trkpt>
      <trkpt lat="30.519616170348222" lon="104.0639387372046">
        <ele>0.0</ele>
        <time>2025-03-14T08:44:11Z</time>
        <extensions>
          <gpxtpx:TrackPointExtension>
            <gpxtpx:hr>124</gpxtpx:hr>
          </gpxtpx:TrackPointExtension>
        </extensions>
      </trkpt>
      <trkpt lat="30.519605384479714" lon="104.06392478156181">
        <ele>0.0</ele>
        <time>2025-03-14T08:44:12Z</time>
        <extensions>
          <gpxtpx:TrackPointExtension>
            <gpxtpx:hr>124</gpxtpx:hr>
          </gpxtpx:TrackPointExtension>
        </extensions>
      </trkpt>
      <trkpt lat="30.519594764932005" lon="104.06391079048765">
        <ele>0.0</ele>
        <time>2025-03-14T08:44:13Z</time>
        <extensions>
          <gpxtpx:TrackPointExtension>
            <gpxtpx:hr>131</gpxtpx:hr>
          </gpxtpx:TrackPointExtension>
        </extensions>
      </trkpt>
      <trkpt lat="30.519584338479863" lon="104.0638967706004">
        <ele>0.0</ele>
        <time>2025-03-14T08:44:14Z</time>
        <extensions>
          <gpxtpx:TrackPointExtension>
            <gpxtpx:hr>131</gpxtpx:hr>
          </gpxtpx:TrackPointExtension>
        </extensions>
      </trkpt>
      <trkpt lat="30.519574104957393" lon="104.0638827330602">
        <ele>0.0</ele>
        <time>2025-03-14T08:44:15Z</time>
        <extensions>
          <gpxtpx:TrackPointExtension>
            <gpxtpx:hr>131</gpxtpx:hr>
          </gpxtpx:TrackPointExtension>
        </extensions>
      </trkpt>
      <trkpt lat="30.51956406859579" lon="104.06386870983283">
        <ele>0.0</ele>
        <time>2025-03-14T08:44:16Z</time>
        <extensions>
          <gpxtpx:TrackPointExtension>
            <gpxtpx:hr>131</gpxtpx:hr>
          </gpxtpx:TrackPointExtension>
        </extensions>
      </trkpt>
      <trkpt lat="30.51955421804029" lon="104.0638547225249">
        <ele>0.0</ele>
        <time>2025-03-14T08:44:17Z</time>
        <extensions>
          <gpxtpx:TrackPointExtension>
            <gpxtpx:hr>131</gpxtpx:hr>
          </gpxtpx:TrackPointExtension>
        </extensions>
      </trkpt>
      <trkpt lat="30.519544562142816" lon="104.06384077993376">
        <ele>0.0</ele>
        <time>2025-03-14T08:44:18Z</time>
        <extensions>
          <gpxtpx:TrackPointExtension>
            <gpxtpx:hr>137</gpxtpx:hr>
          </gpxtpx:TrackPointExtension>
        </extensions>
      </trkpt>
      <trkpt lat="30.519535099505383" lon="104.06382687133706">
        <ele>0.0</ele>
        <time>2025-03-14T08:44:19Z</time>
        <extensions>
          <gpxtpx:TrackPointExtension>
            <gpxtpx:hr>137</gpxtpx:hr>
          </gpxtpx:TrackPointExtension>
        </extensions>
      </trkpt>
      <trkpt lat="30.51952580330418" lon="104.06381298059131">
        <ele>0.0</ele>
        <time>2025-03-14T08:44:20Z</time>
        <extensions>
          <gpxtpx:TrackPointExtension>
            <gpxtpx:hr>137</gpxtpx:hr>
          </gpxtpx:TrackPointExtension>
        </extensions>
      </trkpt>
      <trkpt lat="30.519516643930643" lon="104.06379912001465">
        <ele>0.0</ele>
        <time>2025-03-14T08:44:21Z</time>
        <extensions>
          <gpxtpx:TrackPointExtension>
            <gpxtpx:hr>137</gpxtpx:hr>
          </gpxtpx:TrackPointExtension>
        </extensions>
      </trkpt>
      <trkpt lat="30.519507589357072" lon="104.06378530754891">
        <ele>0.0</ele>
        <time>2025-03-14T08:44:22Z</time>
        <extensions>
          <gpxtpx:TrackPointExtension>
            <gpxtpx:hr>137</gpxtpx:hr>
          </gpxtpx:TrackPointExtension>
        </extensions>
      </trkpt>
      <trkpt lat="30.5194986257592" lon="104.06377158653748">
        <ele>0.0</ele>
        <time>2025-03-14T08:44:23Z</time>
        <extensions>
          <gpxtpx:TrackPointExtension>
            <gpxtpx:hr>136</gpxtpx:hr>
          </gpxtpx:TrackPointExtension>
        </extensions>
      </trkpt>
      <trkpt lat="30.51948971143541" lon="104.06375797700875">
        <ele>0.0</ele>
        <time>2025-03-14T08:44:24Z</time>
        <extensions>
          <gpxtpx:TrackPointExtension>
            <gpxtpx:hr>136</gpxtpx:hr>
          </gpxtpx:TrackPointExtension>
        </extensions>
      </trkpt>
      <trkpt lat="30.519480786214434" lon="104.0637445035717">
        <ele>0.0</ele>
        <time>2025-03-14T08:44:25Z</time>
        <extensions>
          <gpxtpx:TrackPointExtension>
            <gpxtpx:hr>136</gpxtpx:hr>
          </gpxtpx:TrackPointExtension>
        </extensions>
      </trkpt>
      <trkpt lat="30.51947179585968" lon="104.06373115839845">
        <ele>0.0</ele>
        <time>2025-03-14T08:44:26Z</time>
        <extensions>
          <gpxtpx:TrackPointExtension>
            <gpxtpx:hr>136</gpxtpx:hr>
          </gpxtpx:TrackPointExtension>
        </extensions>
      </trkpt>
      <trkpt lat="30.519462712352965" lon="104.0637179486232">
        <ele>0.0</ele>
        <time>2025-03-14T08:44:27Z</time>
        <extensions>
          <gpxtpx:TrackPointExtension>
            <gpxtpx:hr>136</gpxtpx:hr>
          </gpxtpx:TrackPointExtension>
        </extensions>
      </trkpt>
      <trkpt lat="30.51945356057549" lon="104.06370488202923">
        <ele>0.0</ele>
        <time>2025-03-14T08:44:28Z</time>
        <extensions>
          <gpxtpx:TrackPointExtension>
            <gpxtpx:hr>140</gpxtpx:hr>
          </gpxtpx:TrackPointExtension>
        </extensions>
      </trkpt>
      <trkpt lat="30.51944439557526" lon="104.06369200729262">
        <ele>0.0</ele>
        <time>2025-03-14T08:44:29Z</time>
        <extensions>
          <gpxtpx:TrackPointExtension>
            <gpxtpx:hr>140</gpxtpx:hr>
          </gpxtpx:TrackPointExtension>
        </extensions>
      </trkpt>
      <trkpt lat="30.519435307977563" lon="104.06367937149771">
        <ele>0.0</ele>
        <time>2025-03-14T08:44:30Z</time>
        <extensions>
          <gpxtpx:TrackPointExtension>
            <gpxtpx:hr>140</gpxtpx:hr>
          </gpxtpx:TrackPointExtension>
        </extensions>
      </trkpt>
      <trkpt lat="30.519425019237097" lon="104.06366505372556">
        <ele>0.0</ele>
        <time>2025-03-14T08:44:31Z</time>
        <extensions>
          <gpxtpx:TrackPointExtension>
            <gpxtpx:hr>140</gpxtpx:hr>
          </gpxtpx:TrackPointExtension>
        </extensions>
      </trkpt>
      <trkpt lat="30.51941409792414" lon="104.0636493257476">
        <ele>0.0</ele>
        <time>2025-03-14T08:44:32Z</time>
        <extensions>
          <gpxtpx:TrackPointExtension>
            <gpxtpx:hr>140</gpxtpx:hr>
          </gpxtpx:TrackPointExtension>
        </extensions>
      </trkpt>
      <trkpt lat="30.51940193232407" lon="104.06363204049029">
        <ele>0.0</ele>
        <time>2025-03-14T08:44:33Z</time>
        <extensions>
          <gpxtpx:TrackPointExtension>
            <gpxtpx:hr>140</gpxtpx:hr>
          </gpxtpx:TrackPointExtension>
        </extensions>
      </trkpt>
      <trkpt lat="30.519391520808767" lon="104.06361655781035">
        <ele>0.0</ele>
        <time>2025-03-14T08:44:34Z</time>
        <extensions>
          <gpxtpx:TrackPointExtension>
            <gpxtpx:hr>140</gpxtpx:hr>
          </gpxtpx:TrackPointExtension>
        </extensions>
      </trkpt>
      <trkpt lat="30.51938083532896" lon="104.06360165766901">
        <ele>0.0</ele>
        <time>2025-03-14T08:44:35Z</time>
        <extensions>
          <gpxtpx:TrackPointExtension>
            <gpxtpx:hr>140</gpxtpx:hr>
          </gpxtpx:TrackPointExtension>
        </extensions>
      </trkpt>
      <trkpt lat="30.519370689306374" lon="104.06358759372333">
        <ele>0.0</ele>
        <time>2025-03-14T08:44:36Z</time>
        <extensions>
          <gpxtpx:TrackPointExtension>
            <gpxtpx:hr>140</gpxtpx:hr>
          </gpxtpx:TrackPointExtension>
        </extensions>
      </trkpt>
      <trkpt lat="30.51935989898281" lon="104.06357411209032">
        <ele>0.0</ele>
        <time>2025-03-14T08:44:37Z</time>
        <extensions>
          <gpxtpx:TrackPointExtension>
            <gpxtpx:hr>140</gpxtpx:hr>
          </gpxtpx:TrackPointExtension>
        </extensions>
      </trkpt>
      <trkpt lat="30.519349918624435" lon="104.0635606980742">
        <ele>0.0</ele>
        <time>2025-03-14T08:44:38Z</time>
        <extensions>
          <gpxtpx:TrackPointExtension>
            <gpxtpx:hr>139</gpxtpx:hr>
          </gpxtpx:TrackPointExtension>
        </extensions>
      </trkpt>
      <trkpt lat="30.519340617378777" lon="104.06354721792273">
        <ele>0.0</ele>
        <time>2025-03-14T08:44:39Z</time>
        <extensions>
          <gpxtpx:TrackPointExtension>
            <gpxtpx:hr>139</gpxtpx:hr>
          </gpxtpx:TrackPointExtension>
        </extensions>
      </trkpt>
      <trkpt lat="30.51933171807072" lon="104.06353200344286">
        <ele>0.0</ele>
        <time>2025-03-14T08:44:40Z</time>
        <extensions>
          <gpxtpx:TrackPointExtension>
            <gpxtpx:hr>139</gpxtpx:hr>
          </gpxtpx:TrackPointExtension>
        </extensions>
      </trkpt>
      <trkpt lat="30.519323942450885" lon="104.06351626220504">
        <ele>0.0</ele>
        <time>2025-03-14T08:44:41Z</time>
        <extensions>
          <gpxtpx:TrackPointExtension>
            <gpxtpx:hr>139</gpxtpx:hr>
          </gpxtpx:TrackPointExtension>
        </extensions>
      </trkpt>
      <trkpt lat="30.519317916153067" lon="104.06349955937769">
        <ele>0.0</ele>
        <time>2025-03-14T08:44:42Z</time>
        <extensions>
          <gpxtpx:TrackPointExtension>
            <gpxtpx:hr>139</gpxtpx:hr>
          </gpxtpx:TrackPointExtension>
        </extensions>
      </trkpt>
      <trkpt lat="30.51931393684645" lon="104.06348196527495">
        <ele>0.0</ele>
        <time>2025-03-14T08:44:43Z</time>
        <extensions>
          <gpxtpx:TrackPointExtension>
            <gpxtpx:hr>139</gpxtpx:hr>
          </gpxtpx:TrackPointExtension>
        </extensions>
      </trkpt>
      <trkpt lat="30.51931125154272" lon="104.06346335008573">
        <ele>0.0</ele>
        <time>2025-03-14T08:44:44Z</time>
        <extensions>
          <gpxtpx:TrackPointExtension>
            <gpxtpx:hr>139</gpxtpx:hr>
          </gpxtpx:TrackPointExtension>
        </extensions>
      </trkpt>
      <trkpt lat="30.519309328728095" lon="104.06344368229301">
        <ele>0.0</ele>
        <time>2025-03-14T08:44:45Z</time>
        <extensions>
          <gpxtpx:TrackPointExtension>
            <gpxtpx:hr>139</gpxtpx:hr>
          </gpxtpx:TrackPointExtension>
        </extensions>
      </trkpt>
      <trkpt lat="30.51930794792113" lon="104.06342322305373">
        <ele>0.0</ele>
        <time>2025-03-14T08:44:46Z</time>
        <extensions>
          <gpxtpx:TrackPointExtension>
            <gpxtpx:hr>139</gpxtpx:hr>
          </gpxtpx:TrackPointExtension>
        </extensions>
      </trkpt>
      <trkpt lat="30.519307680002775" lon="104.06340225445688">
        <ele>0.0</ele>
        <time>2025-03-14T08:44:47Z</time>
        <extensions>
          <gpxtpx:TrackPointExtension>
            <gpxtpx:hr>139</gpxtpx:hr>
          </gpxtpx:TrackPointExtension>
        </extensions>
      </trkpt>
      <trkpt lat="30.519308545984366" lon="104.06338318736648">
        <ele>0.0</ele>
        <time>2025-03-14T08:44:48Z</time>
        <extensions>
          <gpxtpx:TrackPointExtension>
            <gpxtpx:hr>136</gpxtpx:hr>
          </gpxtpx:TrackPointExtension>
        </extensions>
      </trkpt>
      <trkpt lat="30.519311208248574" lon="104.06336471909549">
        <ele>0.0</ele>
        <time>2025-03-14T08:44:49Z</time>
        <extensions>
          <gpxtpx:TrackPointExtension>
            <gpxtpx:hr>136</gpxtpx:hr>
          </gpxtpx:TrackPointExtension>
        </extensions>
      </trkpt>
      <trkpt lat="30.519315421779492" lon="104.06334777212497">
        <ele>0.0</ele>
        <time>2025-03-14T08:44:50Z</time>
        <extensions>
          <gpxtpx:TrackPointExtension>
            <gpxtpx:hr>136</gpxtpx:hr>
          </gpxtpx:TrackPointExtension>
        </extensions>
      </trkpt>
      <trkpt lat="30.519321140578143" lon="104.0633305898671">
        <ele>0.0</ele>
        <time>2025-03-14T08:44:51Z</time>
        <extensions>
          <gpxtpx:TrackPointExtension>
            <gpxtpx:hr>136</gpxtpx:hr>
          </gpxtpx:TrackPointExtension>
        </extensions>
      </trkpt>
      <trkpt lat="30.519327801389387" lon="104.06331505663294">
        <ele>0.0</ele>
        <time>2025-03-14T08:44:52Z</time>
        <extensions>
          <gpxtpx:TrackPointExtension>
            <gpxtpx:hr>136</gpxtpx:hr>
          </gpxtpx:TrackPointExtension>
        </extensions>
      </trkpt>
      <trkpt lat="30.51933587132799" lon="104.06330075915056">
        <ele>0.0</ele>
        <time>2025-03-14T08:44:53Z</time>
        <extensions>
          <gpxtpx:TrackPointExtension>
            <gpxtpx:hr>135</gpxtpx:hr>
          </gpxtpx:TrackPointExtension>
        </extensions>
      </trkpt>
      <trkpt lat="30.51934465234852" lon="104.0632889709212">
        <ele>0.0</ele>
        <time>2025-03-14T08:44:54Z</time>
        <extensions>
          <gpxtpx:TrackPointExtension>
            <gpxtpx:hr>135</gpxtpx:hr>
          </gpxtpx:TrackPointExtension>
        </extensions>
      </trkpt>
      <trkpt lat="30.51935527588903" lon="104.06327835777854">
        <ele>0.0</ele>
        <time>2025-03-14T08:44:55Z</time>
        <extensions>
          <gpxtpx:TrackPointExtension>
            <gpxtpx:hr>135</gpxtpx:hr>
          </gpxtpx:TrackPointExtension>
        </extensions>
      </trkpt>
      <trkpt lat="30.51936648795907" lon="104.0632690903997">
        <ele>0.0</ele>
        <time>2025-03-14T08:44:56Z</time>
        <extensions>
          <gpxtpx:TrackPointExtension>
            <gpxtpx:hr>135</gpxtpx:hr>
          </gpxtpx:TrackPointExtension>
        </extensions>
      </trkpt>
      <trkpt lat="30.519379983748095" lon="104.06325931200342">
        <ele>0.0</ele>
        <time>2025-03-14T08:44:57Z</time>
        <extensions>
          <gpxtpx:TrackPointExtension>
            <gpxtpx:hr>135</gpxtpx:hr>
          </gpxtpx:TrackPointExtension>
        </extensions>
      </trkpt>
      <trkpt lat="30.519395755267094" lon="104.06324977873136">
        <ele>0.0</ele>
        <time>2025-03-14T08:44:58Z</time>
        <extensions>
          <gpxtpx:TrackPointExtension>
            <gpxtpx:hr>130</gpxtpx:hr>
          </gpxtpx:TrackPointExtension>
        </extensions>
      </trkpt>
      <trkpt lat="30.51941025206552" lon="104.06324174414017">
        <ele>0.0</ele>
        <time>2025-03-14T08:44:59Z</time>
        <extensions>
          <gpxtpx:TrackPointExtension>
            <gpxtpx:hr>130</gpxtpx:hr>
          </gpxtpx:TrackPointExtension>
        </extensions>
      </trkpt>
      <trkpt lat="30.51942395096634" lon="104.06323432385514">
        <ele>0.0</ele>
        <time>2025-03-14T08:45:00Z</time>
        <extensions>
          <gpxtpx:TrackPointExtension>
            <gpxtpx:hr>130</gpxtpx:hr>
          </gpxtpx:TrackPointExtension>
        </extensions>
      </trkpt>
      <trkpt lat="30.519434842147263" lon="104.0632276827865">
        <ele>0.0</ele>
        <time>2025-03-14T08:45:01Z</time>
        <extensions>
          <gpxtpx:TrackPointExtension>
            <gpxtpx:hr>130</gpxtpx:hr>
          </gpxtpx:TrackPointExtension>
        </extensions>
      </trkpt>
      <trkpt lat="30.519447196679724" lon="104.06321964157155">
        <ele>0.0</ele>
        <time>2025-03-14T08:45:02Z</time>
        <extensions>
          <gpxtpx:TrackPointExtension>
            <gpxtpx:hr>130</gpxtpx:hr>
          </gpxtpx:TrackPointExtension>
        </extensions>
      </trkpt>
      <trkpt lat="30.519459445415116" lon="104.06321123280335">
        <ele>0.0</ele>
        <time>2025-03-14T08:45:03Z</time>
        <extensions>
          <gpxtpx:TrackPointExtension>
            <gpxtpx:hr>126</gpxtpx:hr>
          </gpxtpx:TrackPointExtension>
        </extensions>
      </trkpt>
      <trkpt lat="30.519471818256317" lon="104.06320248790136">
        <ele>0.0</ele>
        <time>2025-03-14T08:45:04Z</time>
        <extensions>
          <gpxtpx:TrackPointExtension>
            <gpxtpx:hr>126</gpxtpx:hr>
          </gpxtpx:TrackPointExtension>
        </extensions>
      </trkpt>
      <trkpt lat="30.519484223576367" lon="104.0631935548761">
        <ele>0.0</ele>
        <time>2025-03-14T08:45:05Z</time>
        <extensions>
          <gpxtpx:TrackPointExtension>
            <gpxtpx:hr>126</gpxtpx:hr>
          </gpxtpx:TrackPointExtension>
        </extensions>
      </trkpt>
      <trkpt lat="30.519496560084395" lon="104.06318462014119">
        <ele>0.0</ele>
        <time>2025-03-14T08:45:06Z</time>
        <extensions>
          <gpxtpx:TrackPointExtension>
            <gpxtpx:hr>126</gpxtpx:hr>
          </gpxtpx:TrackPointExtension>
        </extensions>
      </trkpt>
      <trkpt lat="30.519509098094098" lon="104.06317554660109">
        <ele>0.0</ele>
        <time>2025-03-14T08:45:07Z</time>
        <extensions>
          <gpxtpx:TrackPointExtension>
            <gpxtpx:hr>126</gpxtpx:hr>
          </gpxtpx:TrackPointExtension>
        </extensions>
      </trkpt>
      <trkpt lat="30.519521697599426" lon="104.06316644478619">
        <ele>0.0</ele>
        <time>2025-03-14T08:45:08Z</time>
        <extensions>
          <gpxtpx:TrackPointExtension>
            <gpxtpx:hr>127</gpxtpx:hr>
          </gpxtpx:TrackPointExtension>
        </extensions>
      </trkpt>
      <trkpt lat="30.51953421261712" lon="104.06315739340106">
        <ele>0.0</ele>
        <time>2025-03-14T08:45:09Z</time>
        <extensions>
          <gpxtpx:TrackPointExtension>
            <gpxtpx:hr>127</gpxtpx:hr>
          </gpxtpx:TrackPointExtension>
        </extensions>
      </trkpt>
      <trkpt lat="30.51954671367812" lon="104.06314830082611">
        <ele>0.0</ele>
        <time>2025-03-14T08:45:10Z</time>
        <extensions>
          <gpxtpx:TrackPointExtension>
            <gpxtpx:hr>127</gpxtpx:hr>
          </gpxtpx:TrackPointExtension>
        </extensions>
      </trkpt>
      <trkpt lat="30.519559176724176" lon="104.06313914156122">
        <ele>0.0</ele>
        <time>2025-03-14T08:45:11Z</time>
        <extensions>
          <gpxtpx:TrackPointExtension>
            <gpxtpx:hr>127</gpxtpx:hr>
          </gpxtpx:TrackPointExtension>
        </extensions>
      </trkpt>
      <trkpt lat="30.519571803823798" lon="104.06312980697513">
        <ele>0.0</ele>
        <time>2025-03-14T08:45:12Z</time>
        <extensions>
          <gpxtpx:TrackPointExtension>
            <gpxtpx:hr>127</gpxtpx:hr>
          </gpxtpx:TrackPointExtension>
        </extensions>
      </trkpt>
      <trkpt lat="30.519584542531156" lon="104.06312039505018">
        <ele>0.0</ele>
        <time>2025-03-14T08:45:13Z</time>
        <extensions>
          <gpxtpx:TrackPointExtension>
            <gpxtpx:hr>125</gpxtpx:hr>
          </gpxtpx:TrackPointExtension>
        </extensions>
      </trkpt>
      <trkpt lat="30.51959747528611" lon="104.06311090154918">
        <ele>0.0</ele>
        <time>2025-03-14T08:45:14Z</time>
        <extensions>
          <gpxtpx:TrackPointExtension>
            <gpxtpx:hr>125</gpxtpx:hr>
          </gpxtpx:TrackPointExtension>
        </extensions>
      </trkpt>
      <trkpt lat="30.51961061815302" lon="104.06310132490272">
        <ele>0.0</ele>
        <time>2025-03-14T08:45:15Z</time>
        <extensions>
          <gpxtpx:TrackPointExtension>
            <gpxtpx:hr>125</gpxtpx:hr>
          </gpxtpx:TrackPointExtension>
        </extensions>
      </trkpt>
      <trkpt lat="30.519623991244988" lon="104.06309167435973">
        <ele>0.0</ele>
        <time>2025-03-14T08:45:16Z</time>
        <extensions>
          <gpxtpx:TrackPointExtension>
            <gpxtpx:hr>125</gpxtpx:hr>
          </gpxtpx:TrackPointExtension>
        </extensions>
      </trkpt>
      <trkpt lat="30.519637593481484" lon="104.0630819597777">
        <ele>0.0</ele>
        <time>2025-03-14T08:45:17Z</time>
        <extensions>
          <gpxtpx:TrackPointExtension>
            <gpxtpx:hr>125</gpxtpx:hr>
          </gpxtpx:TrackPointExtension>
        </extensions>
      </trkpt>
      <trkpt lat="30.51965142650783" lon="104.0630721749793">
        <ele>0.0</ele>
        <time>2025-03-14T08:45:18Z</time>
        <extensions>
          <gpxtpx:TrackPointExtension>
            <gpxtpx:hr>121</gpxtpx:hr>
          </gpxtpx:TrackPointExtension>
        </extensions>
      </trkpt>
      <trkpt lat="30.519665496103013" lon="104.06306230843468">
        <ele>0.0</ele>
        <time>2025-03-14T08:45:19Z</time>
        <extensions>
          <gpxtpx:TrackPointExtension>
            <gpxtpx:hr>121</gpxtpx:hr>
          </gpxtpx:TrackPointExtension>
        </extensions>
      </trkpt>
      <trkpt lat="30.51967768570165" lon="104.06305387944123">
        <ele>0.0</ele>
        <time>2025-03-14T08:45:20Z</time>
        <extensions>
          <gpxtpx:TrackPointExtension>
            <gpxtpx:hr>121</gpxtpx:hr>
          </gpxtpx:TrackPointExtension>
        </extensions>
      </trkpt>
      <trkpt lat="30.519689634431035" lon="104.063045743389">
        <ele>0.0</ele>
        <time>2025-03-14T08:45:21Z</time>
        <extensions>
          <gpxtpx:TrackPointExtension>
            <gpxtpx:hr>121</gpxtpx:hr>
          </gpxtpx:TrackPointExtension>
        </extensions>
      </trkpt>
      <trkpt lat="30.51970114832303" lon="104.0630380347614">
        <ele>0.0</ele>
        <time>2025-03-14T08:45:22Z</time>
        <extensions>
          <gpxtpx:TrackPointExtension>
            <gpxtpx:hr>121</gpxtpx:hr>
          </gpxtpx:TrackPointExtension>
        </extensions>
      </trkpt>
      <trkpt lat="30.519714564463673" lon="104.063029093897">
        <ele>0.0</ele>
        <time>2025-03-14T08:45:23Z</time>
        <extensions>
          <gpxtpx:TrackPointExtension>
            <gpxtpx:hr>119</gpxtpx:hr>
          </gpxtpx:TrackPointExtension>
        </extensions>
      </trkpt>
      <trkpt lat="30.519728167206967" lon="104.06302011495688">
        <ele>0.0</ele>
        <time>2025-03-14T08:45:24Z</time>
        <extensions>
          <gpxtpx:TrackPointExtension>
            <gpxtpx:hr>119</gpxtpx:hr>
          </gpxtpx:TrackPointExtension>
        </extensions>
      </trkpt>
      <trkpt lat="30.519742094470487" lon="104.06301098894166">
        <ele>0.0</ele>
        <time>2025-03-14T08:45:25Z</time>
        <extensions>
          <gpxtpx:TrackPointExtension>
            <gpxtpx:hr>119</gpxtpx:hr>
          </gpxtpx:TrackPointExtension>
        </extensions>
      </trkpt>
      <trkpt lat="30.519756039742497" lon="104.06300188888237">
        <ele>0.0</ele>
        <time>2025-03-14T08:45:26Z</time>
        <extensions>
          <gpxtpx:TrackPointExtension>
            <gpxtpx:hr>119</gpxtpx:hr>
          </gpxtpx:TrackPointExtension>
        </extensions>
      </trkpt>
      <trkpt lat="30.519770007310196" lon="104.06299278676838">
        <ele>0.0</ele>
        <time>2025-03-14T08:45:27Z</time>
        <extensions>
          <gpxtpx:TrackPointExtension>
            <gpxtpx:hr>119</gpxtpx:hr>
          </gpxtpx:TrackPointExtension>
        </extensions>
      </trkpt>
      <trkpt lat="30.51978397334814" lon="104.06298365524712">
        <ele>0.0</ele>
        <time>2025-03-14T08:45:28Z</time>
        <extensions>
          <gpxtpx:TrackPointExtension>
            <gpxtpx:hr>119</gpxtpx:hr>
          </gpxtpx:TrackPointExtension>
        </extensions>
      </trkpt>
      <trkpt lat="30.519797970049808" lon="104.06297444185394">
        <ele>0.0</ele>
        <time>2025-03-14T08:45:29Z</time>
        <extensions>
          <gpxtpx:TrackPointExtension>
            <gpxtpx:hr>119</gpxtpx:hr>
          </gpxtpx:TrackPointExtension>
        </extensions>
      </trkpt>
      <trkpt lat="30.51980987347455" lon="104.06296660872152">
        <ele>0.0</ele>
        <time>2025-03-14T08:45:30Z</time>
        <extensions>
          <gpxtpx:TrackPointExtension>
            <gpxtpx:hr>119</gpxtpx:hr>
          </gpxtpx:TrackPointExtension>
        </extensions>
      </trkpt>
      <trkpt lat="30.51982132679701" lon="104.0629589728765">
        <ele>0.0</ele>
        <time>2025-03-14T08:45:31Z</time>
        <extensions>
          <gpxtpx:TrackPointExtension>
            <gpxtpx:hr>119</gpxtpx:hr>
          </gpxtpx:TrackPointExtension>
        </extensions>
      </trkpt>
      <trkpt lat="30.519832163665725" lon="104.06295164553612">
        <ele>0.0</ele>
        <time>2025-03-14T08:45:32Z</time>
        <extensions>
          <gpxtpx:TrackPointExtension>
            <gpxtpx:hr>119</gpxtpx:hr>
          </gpxtpx:TrackPointExtension>
        </extensions>
      </trkpt>
      <trkpt lat="30.519844733785092" lon="104.06294292743372">
        <ele>0.0</ele>
        <time>2025-03-14T08:45:33Z</time>
        <extensions>
          <gpxtpx:TrackPointExtension>
            <gpxtpx:hr>119</gpxtpx:hr>
          </gpxtpx:TrackPointExtension>
        </extensions>
      </trkpt>
      <trkpt lat="30.519857333374443" lon="104.0629340046437">
        <ele>0.0</ele>
        <time>2025-03-14T08:45:34Z</time>
        <extensions>
          <gpxtpx:TrackPointExtension>
            <gpxtpx:hr>119</gpxtpx:hr>
          </gpxtpx:TrackPointExtension>
        </extensions>
      </trkpt>
      <trkpt lat="30.519870104607765" lon="104.06292475562175">
        <ele>0.0</ele>
        <time>2025-03-14T08:45:35Z</time>
        <extensions>
          <gpxtpx:TrackPointExtension>
            <gpxtpx:hr>119</gpxtpx:hr>
          </gpxtpx:TrackPointExtension>
        </extensions>
      </trkpt>
      <trkpt lat="30.51988278937679" lon="104.06291540747644">
        <ele>0.0</ele>
        <time>2025-03-14T08:45:36Z</time>
        <extensions>
          <gpxtpx:TrackPointExtension>
            <gpxtpx:hr>119</gpxtpx:hr>
          </gpxtpx:TrackPointExtension>
        </extensions>
      </trkpt>
      <trkpt lat="30.519895411504322" lon="104.06290599592343">
        <ele>0.0</ele>
        <time>2025-03-14T08:45:37Z</time>
        <extensions>
          <gpxtpx:TrackPointExtension>
            <gpxtpx:hr>119</gpxtpx:hr>
          </gpxtpx:TrackPointExtension>
        </extensions>
      </trkpt>
      <trkpt lat="30.519907950973323" lon="104.06289660587849">
        <ele>0.0</ele>
        <time>2025-03-14T08:45:38Z</time>
        <extensions>
          <gpxtpx:TrackPointExtension>
            <gpxtpx:hr>119</gpxtpx:hr>
          </gpxtpx:TrackPointExtension>
        </extensions>
      </trkpt>
      <trkpt lat="30.519920415675024" lon="104.06288729651861">
        <ele>0.0</ele>
        <time>2025-03-14T08:45:39Z</time>
        <extensions>
          <gpxtpx:TrackPointExtension>
            <gpxtpx:hr>119</gpxtpx:hr>
          </gpxtpx:TrackPointExtension>
        </extensions>
      </trkpt>
      <trkpt lat="30.519932689076366" lon="104.0628782119816">
        <ele>0.0</ele>
        <time>2025-03-14T08:45:40Z</time>
        <extensions>
          <gpxtpx:TrackPointExtension>
            <gpxtpx:hr>119</gpxtpx:hr>
          </gpxtpx:TrackPointExtension>
        </extensions>
      </trkpt>
      <trkpt lat="30.51994493265981" lon="104.06286928347068">
        <ele>0.0</ele>
        <time>2025-03-14T08:45:41Z</time>
        <extensions>
          <gpxtpx:TrackPointExtension>
            <gpxtpx:hr>119</gpxtpx:hr>
          </gpxtpx:TrackPointExtension>
        </extensions>
      </trkpt>
      <trkpt lat="30.519957170505684" lon="104.0628605136474">
        <ele>0.0</ele>
        <time>2025-03-14T08:45:42Z</time>
        <extensions>
          <gpxtpx:TrackPointExtension>
            <gpxtpx:hr>119</gpxtpx:hr>
          </gpxtpx:TrackPointExtension>
        </extensions>
      </trkpt>
      <trkpt lat="30.519969559615305" lon="104.0628517551767">
        <ele>0.0</ele>
        <time>2025-03-14T08:45:43Z</time>
        <extensions>
          <gpxtpx:TrackPointExtension>
            <gpxtpx:hr>118</gpxtpx:hr>
          </gpxtpx:TrackPointExtension>
        </extensions>
      </trkpt>
      <trkpt lat="30.51998194068108" lon="104.06284304407275">
        <ele>0.0</ele>
        <time>2025-03-14T08:45:44Z</time>
        <extensions>
          <gpxtpx:TrackPointExtension>
            <gpxtpx:hr>118</gpxtpx:hr>
          </gpxtpx:TrackPointExtension>
        </extensions>
      </trkpt>
      <trkpt lat="30.519994268970716" lon="104.06283429789202">
        <ele>0.0</ele>
        <time>2025-03-14T08:45:45Z</time>
        <extensions>
          <gpxtpx:TrackPointExtension>
            <gpxtpx:hr>118</gpxtpx:hr>
          </gpxtpx:TrackPointExtension>
        </extensions>
      </trkpt>
      <trkpt lat="30.520008914301986" lon="104.06282363967449">
        <ele>0.0</ele>
        <time>2025-03-14T08:45:46Z</time>
        <extensions>
          <gpxtpx:TrackPointExtension>
            <gpxtpx:hr>118</gpxtpx:hr>
          </gpxtpx:TrackPointExtension>
        </extensions>
      </trkpt>
      <trkpt lat="30.52002406850922" lon="104.06281239071319">
        <ele>0.0</ele>
        <time>2025-03-14T08:45:47Z</time>
        <extensions>
          <gpxtpx:TrackPointExtension>
            <gpxtpx:hr>118</gpxtpx:hr>
          </gpxtpx:TrackPointExtension>
        </extensions>
      </trkpt>
      <trkpt lat="30.52003989887894" lon="104.06280045523637">
        <ele>0.0</ele>
        <time>2025-03-14T08:45:49Z</time>
        <extensions>
          <gpxtpx:TrackPointExtension>
            <gpxtpx:hr>116</gpxtpx:hr>
          </gpxtpx:TrackPointExtension>
        </extensions>
      </trkpt>
      <trkpt lat="30.520053728781473" lon="104.06278993984641">
        <ele>0.0</ele>
        <time>2025-03-14T08:45:50Z</time>
        <extensions>
          <gpxtpx:TrackPointExtension>
            <gpxtpx:hr>116</gpxtpx:hr>
          </gpxtpx:TrackPointExtension>
        </extensions>
      </trkpt>
      <trkpt lat="30.520067397040425" lon="104.06277956542576">
        <ele>0.0</ele>
        <time>2025-03-14T08:45:51Z</time>
        <extensions>
          <gpxtpx:TrackPointExtension>
            <gpxtpx:hr>116</gpxtpx:hr>
          </gpxtpx:TrackPointExtension>
        </extensions>
      </trkpt>
      <trkpt lat="30.520080755871685" lon="104.06276952064648">
        <ele>0.0</ele>
        <time>2025-03-14T08:45:52Z</time>
        <extensions>
          <gpxtpx:TrackPointExtension>
            <gpxtpx:hr>116</gpxtpx:hr>
          </gpxtpx:TrackPointExtension>
        </extensions>
      </trkpt>
      <trkpt lat="30.520094289325996" lon="104.06275948524272">
        <ele>0.0</ele>
        <time>2025-03-14T08:45:53Z</time>
        <extensions>
          <gpxtpx:TrackPointExtension>
            <gpxtpx:hr>114</gpxtpx:hr>
          </gpxtpx:TrackPointExtension>
        </extensions>
      </trkpt>
      <trkpt lat="30.520107918420624" lon="104.06274951176096">
        <ele>0.0</ele>
        <time>2025-03-14T08:45:54Z</time>
        <extensions>
          <gpxtpx:TrackPointExtension>
            <gpxtpx:hr>114</gpxtpx:hr>
          </gpxtpx:TrackPointExtension>
        </extensions>
      </trkpt>
      <trkpt lat="30.520121736847873" lon="104.06273953244971">
        <ele>0.0</ele>
        <time>2025-03-14T08:45:55Z</time>
        <extensions>
          <gpxtpx:TrackPointExtension>
            <gpxtpx:hr>114</gpxtpx:hr>
          </gpxtpx:TrackPointExtension>
        </extensions>
      </trkpt>
      <trkpt lat="30.520135614246996" lon="104.06272962163793">
        <ele>0.0</ele>
        <time>2025-03-14T08:45:56Z</time>
        <extensions>
          <gpxtpx:TrackPointExtension>
            <gpxtpx:hr>114</gpxtpx:hr>
          </gpxtpx:TrackPointExtension>
        </extensions>
      </trkpt>
      <trkpt lat="30.52014755628412" lon="104.0627211889025">
        <ele>0.0</ele>
        <time>2025-03-14T08:45:57Z</time>
        <extensions>
          <gpxtpx:TrackPointExtension>
            <gpxtpx:hr>114</gpxtpx:hr>
          </gpxtpx:TrackPointExtension>
        </extensions>
      </trkpt>
      <trkpt lat="30.520159185049067" lon="104.06271306155426">
        <ele>0.0</ele>
        <time>2025-03-14T08:45:58Z</time>
        <extensions>
          <gpxtpx:TrackPointExtension>
            <gpxtpx:hr>115</gpxtpx:hr>
          </gpxtpx:TrackPointExtension>
        </extensions>
      </trkpt>
      <trkpt lat="30.520170316450336" lon="104.06270536401092">
        <ele>0.0</ele>
        <time>2025-03-14T08:45:59Z</time>
        <extensions>
          <gpxtpx:TrackPointExtension>
            <gpxtpx:hr>115</gpxtpx:hr>
          </gpxtpx:TrackPointExtension>
        </extensions>
      </trkpt>
      <trkpt lat="30.520183268076657" lon="104.06269640440253">
        <ele>0.0</ele>
        <time>2025-03-14T08:46:00Z</time>
        <extensions>
          <gpxtpx:TrackPointExtension>
            <gpxtpx:hr>115</gpxtpx:hr>
          </gpxtpx:TrackPointExtension>
        </extensions>
      </trkpt>
      <trkpt lat="30.5201963264371" lon="104.062687360082">
        <ele>0.0</ele>
        <time>2025-03-14T08:46:01Z</time>
        <extensions>
          <gpxtpx:TrackPointExtension>
            <gpxtpx:hr>115</gpxtpx:hr>
          </gpxtpx:TrackPointExtension>
        </extensions>
      </trkpt>
      <trkpt lat="30.52020962403311" lon="104.062678093015">
        <ele>0.0</ele>
        <time>2025-03-14T08:46:02Z</time>
        <extensions>
          <gpxtpx:TrackPointExtension>
            <gpxtpx:hr>115</gpxtpx:hr>
          </gpxtpx:TrackPointExtension>
        </extensions>
      </trkpt>
      <trkpt lat="30.520222866171675" lon="104.0626687945875">
        <ele>0.0</ele>
        <time>2025-03-14T08:46:03Z</time>
        <extensions>
          <gpxtpx:TrackPointExtension>
            <gpxtpx:hr>118</gpxtpx:hr>
          </gpxtpx:TrackPointExtension>
        </extensions>
      </trkpt>
      <trkpt lat="30.520236019419855" lon="104.06265949371407">
        <ele>0.0</ele>
        <time>2025-03-14T08:46:04Z</time>
        <extensions>
          <gpxtpx:TrackPointExtension>
            <gpxtpx:hr>118</gpxtpx:hr>
          </gpxtpx:TrackPointExtension>
        </extensions>
      </trkpt>
      <trkpt lat="30.520249028107152" lon="104.06265025468748">
        <ele>0.0</ele>
        <time>2025-03-14T08:46:05Z</time>
        <extensions>
          <gpxtpx:TrackPointExtension>
            <gpxtpx:hr>118</gpxtpx:hr>
          </gpxtpx:TrackPointExtension>
        </extensions>
      </trkpt>
      <trkpt lat="30.52026187785899" lon="104.06264112015486">
        <ele>0.0</ele>
        <time>2025-03-14T08:46:06Z</time>
        <extensions>
          <gpxtpx:TrackPointExtension>
            <gpxtpx:hr>118</gpxtpx:hr>
          </gpxtpx:TrackPointExtension>
        </extensions>
      </trkpt>
      <trkpt lat="30.520274705496455" lon="104.06263199791539">
        <ele>0.0</ele>
        <time>2025-03-14T08:46:07Z</time>
        <extensions>
          <gpxtpx:TrackPointExtension>
            <gpxtpx:hr>118</gpxtpx:hr>
          </gpxtpx:TrackPointExtension>
        </extensions>
      </trkpt>
      <trkpt lat="30.52028736444779" lon="104.06262296584241">
        <ele>0.0</ele>
        <time>2025-03-14T08:46:08Z</time>
        <extensions>
          <gpxtpx:TrackPointExtension>
            <gpxtpx:hr>117</gpxtpx:hr>
          </gpxtpx:TrackPointExtension>
        </extensions>
      </trkpt>
      <trkpt lat="30.520299845844658" lon="104.06261401899262">
        <ele>0.0</ele>
        <time>2025-03-14T08:46:09Z</time>
        <extensions>
          <gpxtpx:TrackPointExtension>
            <gpxtpx:hr>117</gpxtpx:hr>
          </gpxtpx:TrackPointExtension>
        </extensions>
      </trkpt>
      <trkpt lat="30.52031195204122" lon="104.06260529879323">
        <ele>0.0</ele>
        <time>2025-03-14T08:46:10Z</time>
        <extensions>
          <gpxtpx:TrackPointExtension>
            <gpxtpx:hr>117</gpxtpx:hr>
          </gpxtpx:TrackPointExtension>
        </extensions>
      </trkpt>
      <trkpt lat="30.520325527960214" lon="104.06259540341247">
        <ele>0.0</ele>
        <time>2025-03-14T08:46:11Z</time>
        <extensions>
          <gpxtpx:TrackPointExtension>
            <gpxtpx:hr>117</gpxtpx:hr>
          </gpxtpx:TrackPointExtension>
        </extensions>
      </trkpt>
      <trkpt lat="30.52034064413147" lon="104.06258482664943">
        <ele>0.0</ele>
        <time>2025-03-14T08:46:12Z</time>
        <extensions>
          <gpxtpx:TrackPointExtension>
            <gpxtpx:hr>117</gpxtpx:hr>
          </gpxtpx:TrackPointExtension>
        </extensions>
      </trkpt>
      <trkpt lat="30.520355944924592" lon="104.06257497427625">
        <ele>0.0</ele>
        <time>2025-03-14T08:46:13Z</time>
        <extensions>
          <gpxtpx:TrackPointExtension>
            <gpxtpx:hr>117</gpxtpx:hr>
          </gpxtpx:TrackPointExtension>
        </extensions>
      </trkpt>
      <trkpt lat="30.52037126605987" lon="104.06256728411023">
        <ele>0.0</ele>
        <time>2025-03-14T08:46:14Z</time>
        <extensions>
          <gpxtpx:TrackPointExtension>
            <gpxtpx:hr>117</gpxtpx:hr>
          </gpxtpx:TrackPointExtension>
        </extensions>
      </trkpt>
      <trkpt lat="30.520386181254178" lon="104.06256271284862">
        <ele>0.0</ele>
        <time>2025-03-14T08:46:15Z</time>
        <extensions>
          <gpxtpx:TrackPointExtension>
            <gpxtpx:hr>117</gpxtpx:hr>
          </gpxtpx:TrackPointExtension>
        </extensions>
      </trkpt>
      <trkpt lat="30.52040216506337" lon="104.06256041383674">
        <ele>0.0</ele>
        <time>2025-03-14T08:46:16Z</time>
        <extensions>
          <gpxtpx:TrackPointExtension>
            <gpxtpx:hr>117</gpxtpx:hr>
          </gpxtpx:TrackPointExtension>
        </extensions>
      </trkpt>
      <trkpt lat="30.5204168117414" lon="104.06256084807977">
        <ele>0.0</ele>
        <time>2025-03-14T08:46:17Z</time>
        <extensions>
          <gpxtpx:TrackPointExtension>
            <gpxtpx:hr>117</gpxtpx:hr>
          </gpxtpx:TrackPointExtension>
        </extensions>
      </trkpt>
      <trkpt lat="30.520429340962213" lon="104.06256370033768">
        <ele>0.0</ele>
        <time>2025-03-14T08:46:18Z</time>
        <extensions>
          <gpxtpx:TrackPointExtension>
            <gpxtpx:hr>117</gpxtpx:hr>
          </gpxtpx:TrackPointExtension>
        </extensions>
      </trkpt>
      <trkpt lat="30.520439266388557" lon="104.06256980537411">
        <ele>0.0</ele>
        <time>2025-03-14T08:46:19Z</time>
        <extensions>
          <gpxtpx:TrackPointExtension>
            <gpxtpx:hr>117</gpxtpx:hr>
          </gpxtpx:TrackPointExtension>
        </extensions>
      </trkpt>
      <trkpt lat="30.520447442119245" lon="104.06257891822972">
        <ele>0.0</ele>
        <time>2025-03-14T08:46:20Z</time>
        <extensions>
          <gpxtpx:TrackPointExtension>
            <gpxtpx:hr>117</gpxtpx:hr>
          </gpxtpx:TrackPointExtension>
        </extensions>
      </trkpt>
      <trkpt lat="30.520454954153436" lon="104.06258996137902">
        <ele>0.0</ele>
        <time>2025-03-14T08:46:21Z</time>
        <extensions>
          <gpxtpx:TrackPointExtension>
            <gpxtpx:hr>117</gpxtpx:hr>
          </gpxtpx:TrackPointExtension>
        </extensions>
      </trkpt>
      <trkpt lat="30.520462381261318" lon="104.0626011575928">
        <ele>0.0</ele>
        <time>2025-03-14T08:46:22Z</time>
        <extensions>
          <gpxtpx:TrackPointExtension>
            <gpxtpx:hr>117</gpxtpx:hr>
          </gpxtpx:TrackPointExtension>
        </extensions>
      </trkpt>
      <trkpt lat="30.52046976321019" lon="104.06261175247742">
        <ele>0.0</ele>
        <time>2025-03-14T08:46:23Z</time>
        <extensions>
          <gpxtpx:TrackPointExtension>
            <gpxtpx:hr>117</gpxtpx:hr>
          </gpxtpx:TrackPointExtension>
        </extensions>
      </trkpt>
      <trkpt lat="30.520476774538206" lon="104.06262157617765">
        <ele>0.0</ele>
        <time>2025-03-14T08:46:24Z</time>
        <extensions>
          <gpxtpx:TrackPointExtension>
            <gpxtpx:hr>117</gpxtpx:hr>
          </gpxtpx:TrackPointExtension>
        </extensions>
      </trkpt>
      <trkpt lat="30.520482661827014" lon="104.06263141458474">
        <ele>0.0</ele>
        <time>2025-03-14T08:46:25Z</time>
        <extensions>
          <gpxtpx:TrackPointExtension>
            <gpxtpx:hr>117</gpxtpx:hr>
          </gpxtpx:TrackPointExtension>
        </extensions>
      </trkpt>
      <trkpt lat="30.52048720048674" lon="104.06264274666687">
        <ele>0.0</ele>
        <time>2025-03-14T08:46:26Z</time>
        <extensions>
          <gpxtpx:TrackPointExtension>
            <gpxtpx:hr>117</gpxtpx:hr>
          </gpxtpx:TrackPointExtension>
        </extensions>
      </trkpt>
      <trkpt lat="30.52049089049747" lon="104.06265689908922">
        <ele>0.0</ele>
        <time>2025-03-14T08:46:27Z</time>
        <extensions>
          <gpxtpx:TrackPointExtension>
            <gpxtpx:hr>117</gpxtpx:hr>
          </gpxtpx:TrackPointExtension>
        </extensions>
      </trkpt>
      <trkpt lat="30.520494275653142" lon="104.06267211921043">
        <ele>0.0</ele>
        <time>2025-03-14T08:46:28Z</time>
        <extensions>
          <gpxtpx:TrackPointExtension>
            <gpxtpx:hr>116</gpxtpx:hr>
          </gpxtpx:TrackPointExtension>
        </extensions>
      </trkpt>
      <trkpt lat="30.52049756638265" lon="104.06268924000263">
        <ele>0.0</ele>
        <time>2025-03-14T08:46:29Z</time>
        <extensions>
          <gpxtpx:TrackPointExtension>
            <gpxtpx:hr>116</gpxtpx:hr>
          </gpxtpx:TrackPointExtension>
        </extensions>
      </trkpt>
      <trkpt lat="30.520500722519852" lon="104.06270694307725">
        <ele>0.0</ele>
        <time>2025-03-14T08:46:30Z</time>
        <extensions>
          <gpxtpx:TrackPointExtension>
            <gpxtpx:hr>116</gpxtpx:hr>
          </gpxtpx:TrackPointExtension>
        </extensions>
      </trkpt>
      <trkpt lat="30.520503828811222" lon="104.06272660706583">
        <ele>0.0</ele>
        <time>2025-03-14T08:46:31Z</time>
        <extensions>
          <gpxtpx:TrackPointExtension>
            <gpxtpx:hr>116</gpxtpx:hr>
          </gpxtpx:TrackPointExtension>
        </extensions>
      </trkpt>
      <trkpt lat="30.52050690602358" lon="104.06274622533417">
        <ele>0.0</ele>
        <time>2025-03-14T08:46:32Z</time>
        <extensions>
          <gpxtpx:TrackPointExtension>
            <gpxtpx:hr>116</gpxtpx:hr>
          </gpxtpx:TrackPointExtension>
        </extensions>
      </trkpt>
      <trkpt lat="30.52050981636787" lon="104.06276580763392">
        <ele>0.0</ele>
        <time>2025-03-14T08:46:33Z</time>
        <extensions>
          <gpxtpx:TrackPointExtension>
            <gpxtpx:hr>117</gpxtpx:hr>
          </gpxtpx:TrackPointExtension>
        </extensions>
      </trkpt>
      <trkpt lat="30.520512567238246" lon="104.06278512136974">
        <ele>0.0</ele>
        <time>2025-03-14T08:46:34Z</time>
        <extensions>
          <gpxtpx:TrackPointExtension>
            <gpxtpx:hr>117</gpxtpx:hr>
          </gpxtpx:TrackPointExtension>
        </extensions>
      </trkpt>
      <trkpt lat="30.520515311577586" lon="104.06280438297827">
        <ele>0.0</ele>
        <time>2025-03-14T08:46:35Z</time>
        <extensions>
          <gpxtpx:TrackPointExtension>
            <gpxtpx:hr>117</gpxtpx:hr>
          </gpxtpx:TrackPointExtension>
        </extensions>
      </trkpt>
      <trkpt lat="30.52051836250812" lon="104.06282372895268">
        <ele>0.0</ele>
        <time>2025-03-14T08:46:36Z</time>
        <extensions>
          <gpxtpx:TrackPointExtension>
            <gpxtpx:hr>117</gpxtpx:hr>
          </gpxtpx:TrackPointExtension>
        </extensions>
      </trkpt>
      <trkpt lat="30.52052133216636" lon="104.06284120024407">
        <ele>0.0</ele>
        <time>2025-03-14T08:46:37Z</time>
        <extensions>
          <gpxtpx:TrackPointExtension>
            <gpxtpx:hr>117</gpxtpx:hr>
          </gpxtpx:TrackPointExtension>
        </extensions>
      </trkpt>
      <trkpt lat="30.520524089140014" lon="104.06285880834196">
        <ele>0.0</ele>
        <time>2025-03-14T08:46:38Z</time>
        <extensions>
          <gpxtpx:TrackPointExtension>
            <gpxtpx:hr>117</gpxtpx:hr>
          </gpxtpx:TrackPointExtension>
        </extensions>
      </trkpt>
      <trkpt lat="30.52052623663508" lon="104.06287608027091">
        <ele>0.0</ele>
        <time>2025-03-14T08:46:39Z</time>
        <extensions>
          <gpxtpx:TrackPointExtension>
            <gpxtpx:hr>117</gpxtpx:hr>
          </gpxtpx:TrackPointExtension>
        </extensions>
      </trkpt>
      <trkpt lat="30.52052799566318" lon="104.06289545813655">
        <ele>0.0</ele>
        <time>2025-03-14T08:46:40Z</time>
        <extensions>
          <gpxtpx:TrackPointExtension>
            <gpxtpx:hr>117</gpxtpx:hr>
          </gpxtpx:TrackPointExtension>
        </extensions>
      </trkpt>
      <trkpt lat="30.52052940465479" lon="104.0629147690828">
        <ele>0.0</ele>
        <time>2025-03-14T08:46:41Z</time>
        <extensions>
          <gpxtpx:TrackPointExtension>
            <gpxtpx:hr>117</gpxtpx:hr>
          </gpxtpx:TrackPointExtension>
        </extensions>
      </trkpt>
      <trkpt lat="30.520530719386993" lon="104.06293443037026">
        <ele>0.0</ele>
        <time>2025-03-14T08:46:42Z</time>
        <extensions>
          <gpxtpx:TrackPointExtension>
            <gpxtpx:hr>117</gpxtpx:hr>
          </gpxtpx:TrackPointExtension>
        </extensions>
      </trkpt>
      <trkpt lat="30.520532237283955" lon="104.06295398017927">
        <ele>0.0</ele>
        <time>2025-03-14T08:46:43Z</time>
        <extensions>
          <gpxtpx:TrackPointExtension>
            <gpxtpx:hr>117</gpxtpx:hr>
          </gpxtpx:TrackPointExtension>
        </extensions>
      </trkpt>
      <trkpt lat="30.520534041331803" lon="104.06297349018485">
        <ele>0.0</ele>
        <time>2025-03-14T08:46:44Z</time>
        <extensions>
          <gpxtpx:TrackPointExtension>
            <gpxtpx:hr>117</gpxtpx:hr>
          </gpxtpx:TrackPointExtension>
        </extensions>
      </trkpt>
      <trkpt lat="30.52053639286677" lon="104.06299288058548">
        <ele>0.0</ele>
        <time>2025-03-14T08:46:45Z</time>
        <extensions>
          <gpxtpx:TrackPointExtension>
            <gpxtpx:hr>117</gpxtpx:hr>
          </gpxtpx:TrackPointExtension>
        </extensions>
      </trkpt>
      <trkpt lat="30.52053928818164" lon="104.06301206897236">
        <ele>0.0</ele>
        <time>2025-03-14T08:46:46Z</time>
        <extensions>
          <gpxtpx:TrackPointExtension>
            <gpxtpx:hr>117</gpxtpx:hr>
          </gpxtpx:TrackPointExtension>
        </extensions>
      </trkpt>
      <trkpt lat="30.520542954839836" lon="104.06303094164444">
        <ele>0.0</ele>
        <time>2025-03-14T08:46:47Z</time>
        <extensions>
          <gpxtpx:TrackPointExtension>
            <gpxtpx:hr>117</gpxtpx:hr>
          </gpxtpx:TrackPointExtension>
        </extensions>
      </trkpt>
      <trkpt lat="30.52054704480999" lon="104.06304906061347">
        <ele>0.0</ele>
        <time>2025-03-14T08:46:48Z</time>
        <extensions>
          <gpxtpx:TrackPointExtension>
            <gpxtpx:hr>117</gpxtpx:hr>
          </gpxtpx:TrackPointExtension>
        </extensions>
      </trkpt>
      <trkpt lat="30.520551805939768" lon="104.06306663820976">
        <ele>0.0</ele>
        <time>2025-03-14T08:46:49Z</time>
        <extensions>
          <gpxtpx:TrackPointExtension>
            <gpxtpx:hr>117</gpxtpx:hr>
          </gpxtpx:TrackPointExtension>
        </extensions>
      </trkpt>
      <trkpt lat="30.520556982943155" lon="104.06308372224767">
        <ele>0.0</ele>
        <time>2025-03-14T08:46:50Z</time>
        <extensions>
          <gpxtpx:TrackPointExtension>
            <gpxtpx:hr>117</gpxtpx:hr>
          </gpxtpx:TrackPointExtension>
        </extensions>
      </trkpt>
      <trkpt lat="30.520561947094414" lon="104.06309886059701">
        <ele>0.0</ele>
        <time>2025-03-14T08:46:51Z</time>
        <extensions>
          <gpxtpx:TrackPointExtension>
            <gpxtpx:hr>117</gpxtpx:hr>
          </gpxtpx:TrackPointExtension>
        </extensions>
      </trkpt>
      <trkpt lat="30.520567042631843" lon="104.06311346253064">
        <ele>0.0</ele>
        <time>2025-03-14T08:46:52Z</time>
        <extensions>
          <gpxtpx:TrackPointExtension>
            <gpxtpx:hr>117</gpxtpx:hr>
          </gpxtpx:TrackPointExtension>
        </extensions>
      </trkpt>
      <trkpt lat="30.520572209688336" lon="104.06312726621219">
        <ele>0.0</ele>
        <time>2025-03-14T08:46:53Z</time>
        <extensions>
          <gpxtpx:TrackPointExtension>
            <gpxtpx:hr>116</gpxtpx:hr>
          </gpxtpx:TrackPointExtension>
        </extensions>
      </trkpt>
      <trkpt lat="30.52057834472568" lon="104.06314235563556">
        <ele>0.0</ele>
        <time>2025-03-14T08:46:54Z</time>
        <extensions>
          <gpxtpx:TrackPointExtension>
            <gpxtpx:hr>116</gpxtpx:hr>
          </gpxtpx:TrackPointExtension>
        </extensions>
      </trkpt>
      <trkpt lat="30.520584731312102" lon="104.0631573768783">
        <ele>0.0</ele>
        <time>2025-03-14T08:46:55Z</time>
        <extensions>
          <gpxtpx:TrackPointExtension>
            <gpxtpx:hr>116</gpxtpx:hr>
          </gpxtpx:TrackPointExtension>
        </extensions>
      </trkpt>
      <trkpt lat="30.520591234408514" lon="104.06317245966896">
        <ele>0.0</ele>
        <time>2025-03-14T08:46:56Z</time>
        <extensions>
          <gpxtpx:TrackPointExtension>
            <gpxtpx:hr>116</gpxtpx:hr>
          </gpxtpx:TrackPointExtension>
        </extensions>
      </trkpt>
      <trkpt lat="30.520597742361637" lon="104.06318736635586">
        <ele>0.0</ele>
        <time>2025-03-14T08:46:57Z</time>
        <extensions>
          <gpxtpx:TrackPointExtension>
            <gpxtpx:hr>116</gpxtpx:hr>
          </gpxtpx:TrackPointExtension>
        </extensions>
      </trkpt>
      <trkpt lat="30.52060448121715" lon="104.06320202812066">
        <ele>0.0</ele>
        <time>2025-03-14T08:46:58Z</time>
        <extensions>
          <gpxtpx:TrackPointExtension>
            <gpxtpx:hr>115</gpxtpx:hr>
          </gpxtpx:TrackPointExtension>
        </extensions>
      </trkpt>
      <trkpt lat="30.5206116779521" lon="104.06321655642168">
        <ele>0.0</ele>
        <time>2025-03-14T08:46:59Z</time>
        <extensions>
          <gpxtpx:TrackPointExtension>
            <gpxtpx:hr>115</gpxtpx:hr>
          </gpxtpx:TrackPointExtension>
        </extensions>
      </trkpt>
      <trkpt lat="30.520619342931045" lon="104.06323085246396">
        <ele>0.0</ele>
        <time>2025-03-14T08:47:00Z</time>
        <extensions>
          <gpxtpx:TrackPointExtension>
            <gpxtpx:hr>115</gpxtpx:hr>
          </gpxtpx:TrackPointExtension>
        </extensions>
      </trkpt>
      <trkpt lat="30.52062743940835" lon="104.06324462985808">
        <ele>0.0</ele>
        <time>2025-03-14T08:47:01Z</time>
        <extensions>
          <gpxtpx:TrackPointExtension>
            <gpxtpx:hr>115</gpxtpx:hr>
          </gpxtpx:TrackPointExtension>
        </extensions>
      </trkpt>
      <trkpt lat="30.520636221169443" lon="104.06325760296342">
        <ele>0.0</ele>
        <time>2025-03-14T08:47:02Z</time>
        <extensions>
          <gpxtpx:TrackPointExtension>
            <gpxtpx:hr>115</gpxtpx:hr>
          </gpxtpx:TrackPointExtension>
        </extensions>
      </trkpt>
      <trkpt lat="30.5206460872482" lon="104.06326978261413">
        <ele>0.0</ele>
        <time>2025-03-14T08:47:03Z</time>
        <extensions>
          <gpxtpx:TrackPointExtension>
            <gpxtpx:hr>115</gpxtpx:hr>
          </gpxtpx:TrackPointExtension>
        </extensions>
      </trkpt>
      <trkpt lat="30.52065732580969" lon="104.06328136266099">
        <ele>0.0</ele>
        <time>2025-03-14T08:47:04Z</time>
        <extensions>
          <gpxtpx:TrackPointExtension>
            <gpxtpx:hr>115</gpxtpx:hr>
          </gpxtpx:TrackPointExtension>
        </extensions>
      </trkpt>
      <trkpt lat="30.520667988997673" lon="104.06329190883865">
        <ele>0.0</ele>
        <time>2025-03-14T08:47:05Z</time>
        <extensions>
          <gpxtpx:TrackPointExtension>
            <gpxtpx:hr>115</gpxtpx:hr>
          </gpxtpx:TrackPointExtension>
        </extensions>
      </trkpt>
      <trkpt lat="30.520679304763053" lon="104.06330158059677">
        <ele>0.0</ele>
        <time>2025-03-14T08:47:06Z</time>
        <extensions>
          <gpxtpx:TrackPointExtension>
            <gpxtpx:hr>115</gpxtpx:hr>
          </gpxtpx:TrackPointExtension>
        </extensions>
      </trkpt>
      <trkpt lat="30.520690832175024" lon="104.06330995065004">
        <ele>0.0</ele>
        <time>2025-03-14T08:47:07Z</time>
        <extensions>
          <gpxtpx:TrackPointExtension>
            <gpxtpx:hr>115</gpxtpx:hr>
          </gpxtpx:TrackPointExtension>
        </extensions>
      </trkpt>
      <trkpt lat="30.520704323348976" lon="104.06331709982673">
        <ele>0.0</ele>
        <time>2025-03-14T08:47:08Z</time>
        <extensions>
          <gpxtpx:TrackPointExtension>
            <gpxtpx:hr>116</gpxtpx:hr>
          </gpxtpx:TrackPointExtension>
        </extensions>
      </trkpt>
      <trkpt lat="30.520718353333706" lon="104.0633226627521">
        <ele>0.0</ele>
        <time>2025-03-14T08:47:09Z</time>
        <extensions>
          <gpxtpx:TrackPointExtension>
            <gpxtpx:hr>116</gpxtpx:hr>
          </gpxtpx:TrackPointExtension>
        </extensions>
      </trkpt>
      <trkpt lat="30.52073262730928" lon="104.06332682179507">
        <ele>0.0</ele>
        <time>2025-03-14T08:47:10Z</time>
        <extensions>
          <gpxtpx:TrackPointExtension>
            <gpxtpx:hr>116</gpxtpx:hr>
          </gpxtpx:TrackPointExtension>
        </extensions>
      </trkpt>
      <trkpt lat="30.520746648706808" lon="104.06333078418311">
        <ele>0.0</ele>
        <time>2025-03-14T08:47:11Z</time>
        <extensions>
          <gpxtpx:TrackPointExtension>
            <gpxtpx:hr>116</gpxtpx:hr>
          </gpxtpx:TrackPointExtension>
        </extensions>
      </trkpt>
      <trkpt lat="30.5207602969908" lon="104.06333498562894">
        <ele>0.0</ele>
        <time>2025-03-14T08:47:12Z</time>
        <extensions>
          <gpxtpx:TrackPointExtension>
            <gpxtpx:hr>116</gpxtpx:hr>
          </gpxtpx:TrackPointExtension>
        </extensions>
      </trkpt>
      <trkpt lat="30.520774116081807" lon="104.06334025100976">
        <ele>0.0</ele>
        <time>2025-03-14T08:47:13Z</time>
        <extensions>
          <gpxtpx:TrackPointExtension>
            <gpxtpx:hr>117</gpxtpx:hr>
          </gpxtpx:TrackPointExtension>
        </extensions>
      </trkpt>
      <trkpt lat="30.520786918676237" lon="104.06334566845321">
        <ele>0.0</ele>
        <time>2025-03-14T08:47:14Z</time>
        <extensions>
          <gpxtpx:TrackPointExtension>
            <gpxtpx:hr>117</gpxtpx:hr>
          </gpxtpx:TrackPointExtension>
        </extensions>
      </trkpt>
      <trkpt lat="30.520799794937616" lon="104.06335257490622">
        <ele>0.0</ele>
        <time>2025-03-14T08:47:15Z</time>
        <extensions>
          <gpxtpx:TrackPointExtension>
            <gpxtpx:hr>117</gpxtpx:hr>
          </gpxtpx:TrackPointExtension>
        </extensions>
      </trkpt>
      <trkpt lat="30.52081218043485" lon="104.06336044983912">
        <ele>0.0</ele>
        <time>2025-03-14T08:47:16Z</time>
        <extensions>
          <gpxtpx:TrackPointExtension>
            <gpxtpx:hr>117</gpxtpx:hr>
          </gpxtpx:TrackPointExtension>
        </extensions>
      </trkpt>
      <trkpt lat="30.52082565065822" lon="104.06337034611133">
        <ele>0.0</ele>
        <time>2025-03-14T08:47:17Z</time>
        <extensions>
          <gpxtpx:TrackPointExtension>
            <gpxtpx:hr>117</gpxtpx:hr>
          </gpxtpx:TrackPointExtension>
        </extensions>
      </trkpt>
      <trkpt lat="30.520838710941327" lon="104.06338110435847">
        <ele>0.0</ele>
        <time>2025-03-14T08:47:18Z</time>
        <extensions>
          <gpxtpx:TrackPointExtension>
            <gpxtpx:hr>117</gpxtpx:hr>
          </gpxtpx:TrackPointExtension>
        </extensions>
      </trkpt>
      <trkpt lat="30.520851306544213" lon="104.06339286350521">
        <ele>0.0</ele>
        <time>2025-03-14T08:47:19Z</time>
        <extensions>
          <gpxtpx:TrackPointExtension>
            <gpxtpx:hr>117</gpxtpx:hr>
          </gpxtpx:TrackPointExtension>
        </extensions>
      </trkpt>
      <trkpt lat="30.520863153747133" lon="104.0634050460138">
        <ele>0.0</ele>
        <time>2025-03-14T08:47:20Z</time>
        <extensions>
          <gpxtpx:TrackPointExtension>
            <gpxtpx:hr>117</gpxtpx:hr>
          </gpxtpx:TrackPointExtension>
        </extensions>
      </trkpt>
      <trkpt lat="30.520874323531608" lon="104.0634176579963">
        <ele>0.0</ele>
        <time>2025-03-14T08:47:21Z</time>
        <extensions>
          <gpxtpx:TrackPointExtension>
            <gpxtpx:hr>117</gpxtpx:hr>
          </gpxtpx:TrackPointExtension>
        </extensions>
      </trkpt>
      <trkpt lat="30.52088517038767" lon="104.06343086784399">
        <ele>0.0</ele>
        <time>2025-03-14T08:47:22Z</time>
        <extensions>
          <gpxtpx:TrackPointExtension>
            <gpxtpx:hr>117</gpxtpx:hr>
          </gpxtpx:TrackPointExtension>
        </extensions>
      </trkpt>
      <trkpt lat="30.520894783569233" lon="104.06344295898208">
        <ele>0.0</ele>
        <time>2025-03-14T08:47:23Z</time>
        <extensions>
          <gpxtpx:TrackPointExtension>
            <gpxtpx:hr>119</gpxtpx:hr>
          </gpxtpx:TrackPointExtension>
        </extensions>
      </trkpt>
      <trkpt lat="30.52090407398417" lon="104.06345496163722">
        <ele>0.0</ele>
        <time>2025-03-14T08:47:24Z</time>
        <extensions>
          <gpxtpx:TrackPointExtension>
            <gpxtpx:hr>119</gpxtpx:hr>
          </gpxtpx:TrackPointExtension>
        </extensions>
      </trkpt>
      <trkpt lat="30.52091254118464" lon="104.06346660614027">
        <ele>0.0</ele>
        <time>2025-03-14T08:47:25Z</time>
        <extensions>
          <gpxtpx:TrackPointExtension>
            <gpxtpx:hr>119</gpxtpx:hr>
          </gpxtpx:TrackPointExtension>
        </extensions>
      </trkpt>
      <trkpt lat="30.52092110443141" lon="104.06347984414204">
        <ele>0.0</ele>
        <time>2025-03-14T08:47:26Z</time>
        <extensions>
          <gpxtpx:TrackPointExtension>
            <gpxtpx:hr>119</gpxtpx:hr>
          </gpxtpx:TrackPointExtension>
        </extensions>
      </trkpt>
      <trkpt lat="30.52092859639074" lon="104.06349378363161">
        <ele>0.0</ele>
        <time>2025-03-14T08:47:27Z</time>
        <extensions>
          <gpxtpx:TrackPointExtension>
            <gpxtpx:hr>119</gpxtpx:hr>
          </gpxtpx:TrackPointExtension>
        </extensions>
      </trkpt>
      <trkpt lat="30.520935039421218" lon="104.06350866971131">
        <ele>0.0</ele>
        <time>2025-03-14T08:47:28Z</time>
        <extensions>
          <gpxtpx:TrackPointExtension>
            <gpxtpx:hr>119</gpxtpx:hr>
          </gpxtpx:TrackPointExtension>
        </extensions>
      </trkpt>
      <trkpt lat="30.52094056887224" lon="104.06352438777995">
        <ele>0.0</ele>
        <time>2025-03-14T08:47:29Z</time>
        <extensions>
          <gpxtpx:TrackPointExtension>
            <gpxtpx:hr>119</gpxtpx:hr>
          </gpxtpx:TrackPointExtension>
        </extensions>
      </trkpt>
      <trkpt lat="30.520945451345586" lon="104.0635408299848">
        <ele>0.0</ele>
        <time>2025-03-14T08:47:30Z</time>
        <extensions>
          <gpxtpx:TrackPointExtension>
            <gpxtpx:hr>119</gpxtpx:hr>
          </gpxtpx:TrackPointExtension>
        </extensions>
      </trkpt>
      <trkpt lat="30.52095037441353" lon="104.0635578859139">
        <ele>0.0</ele>
        <time>2025-03-14T08:47:31Z</time>
        <extensions>
          <gpxtpx:TrackPointExtension>
            <gpxtpx:hr>119</gpxtpx:hr>
          </gpxtpx:TrackPointExtension>
        </extensions>
      </trkpt>
      <trkpt lat="30.52095550917729" lon="104.06357574775107">
        <ele>0.0</ele>
        <time>2025-03-14T08:47:32Z</time>
        <extensions>
          <gpxtpx:TrackPointExtension>
            <gpxtpx:hr>119</gpxtpx:hr>
          </gpxtpx:TrackPointExtension>
        </extensions>
      </trkpt>
      <trkpt lat="30.520960382988438" lon="104.06359216846585">
        <ele>0.0</ele>
        <time>2025-03-14T08:47:33Z</time>
        <extensions>
          <gpxtpx:TrackPointExtension>
            <gpxtpx:hr>119</gpxtpx:hr>
          </gpxtpx:TrackPointExtension>
        </extensions>
      </trkpt>
      <trkpt lat="30.52096540685949" lon="104.06360830879726">
        <ele>0.0</ele>
        <time>2025-03-14T08:47:34Z</time>
        <extensions>
          <gpxtpx:TrackPointExtension>
            <gpxtpx:hr>119</gpxtpx:hr>
          </gpxtpx:TrackPointExtension>
        </extensions>
      </trkpt>
      <trkpt lat="30.52097065626662" lon="104.06362341351043">
        <ele>0.0</ele>
        <time>2025-03-14T08:47:35Z</time>
        <extensions>
          <gpxtpx:TrackPointExtension>
            <gpxtpx:hr>119</gpxtpx:hr>
          </gpxtpx:TrackPointExtension>
        </extensions>
      </trkpt>
      <trkpt lat="30.520976747565722" lon="104.06363951934554">
        <ele>0.0</ele>
        <time>2025-03-14T08:47:36Z</time>
        <extensions>
          <gpxtpx:TrackPointExtension>
            <gpxtpx:hr>119</gpxtpx:hr>
          </gpxtpx:TrackPointExtension>
        </extensions>
      </trkpt>
      <trkpt lat="30.520983295804644" lon="104.06365522216845">
        <ele>0.0</ele>
        <time>2025-03-14T08:47:37Z</time>
        <extensions>
          <gpxtpx:TrackPointExtension>
            <gpxtpx:hr>119</gpxtpx:hr>
          </gpxtpx:TrackPointExtension>
        </extensions>
      </trkpt>
      <trkpt lat="30.520990578039342" lon="104.06367088567711">
        <ele>0.0</ele>
        <time>2025-03-14T08:47:38Z</time>
        <extensions>
          <gpxtpx:TrackPointExtension>
            <gpxtpx:hr>118</gpxtpx:hr>
          </gpxtpx:TrackPointExtension>
        </extensions>
      </trkpt>
      <trkpt lat="30.520998671458713" lon="104.06368624183719">
        <ele>0.0</ele>
        <time>2025-03-14T08:47:39Z</time>
        <extensions>
          <gpxtpx:TrackPointExtension>
            <gpxtpx:hr>118</gpxtpx:hr>
          </gpxtpx:TrackPointExtension>
        </extensions>
      </trkpt>
      <trkpt lat="30.52100763991696" lon="104.06370136962815">
        <ele>0.0</ele>
        <time>2025-03-14T08:47:40Z</time>
        <extensions>
          <gpxtpx:TrackPointExtension>
            <gpxtpx:hr>118</gpxtpx:hr>
          </gpxtpx:TrackPointExtension>
        </extensions>
      </trkpt>
      <trkpt lat="30.521016990711587" lon="104.06371619633607">
        <ele>0.0</ele>
        <time>2025-03-14T08:47:41Z</time>
        <extensions>
          <gpxtpx:TrackPointExtension>
            <gpxtpx:hr>118</gpxtpx:hr>
          </gpxtpx:TrackPointExtension>
        </extensions>
      </trkpt>
      <trkpt lat="30.52102644671504" lon="104.06373123560182">
        <ele>0.0</ele>
        <time>2025-03-14T08:47:42Z</time>
        <extensions>
          <gpxtpx:TrackPointExtension>
            <gpxtpx:hr>118</gpxtpx:hr>
          </gpxtpx:TrackPointExtension>
        </extensions>
      </trkpt>
      <trkpt lat="30.521035827513312" lon="104.06374675521666">
        <ele>0.0</ele>
        <time>2025-03-14T08:47:43Z</time>
        <extensions>
          <gpxtpx:TrackPointExtension>
            <gpxtpx:hr>117</gpxtpx:hr>
          </gpxtpx:TrackPointExtension>
        </extensions>
      </trkpt>
      <trkpt lat="30.521044175198757" lon="104.0637611106247">
        <ele>0.0</ele>
        <time>2025-03-14T08:47:44Z</time>
        <extensions>
          <gpxtpx:TrackPointExtension>
            <gpxtpx:hr>117</gpxtpx:hr>
          </gpxtpx:TrackPointExtension>
        </extensions>
      </trkpt>
      <trkpt lat="30.521052601280637" lon="104.06377532135862">
        <ele>0.0</ele>
        <time>2025-03-14T08:47:45Z</time>
        <extensions>
          <gpxtpx:TrackPointExtension>
            <gpxtpx:hr>117</gpxtpx:hr>
          </gpxtpx:TrackPointExtension>
        </extensions>
      </trkpt>
      <trkpt lat="30.52106069988991" lon="104.06378915002628">
        <ele>0.0</ele>
        <time>2025-03-14T08:47:46Z</time>
        <extensions>
          <gpxtpx:TrackPointExtension>
            <gpxtpx:hr>117</gpxtpx:hr>
          </gpxtpx:TrackPointExtension>
        </extensions>
      </trkpt>
      <trkpt lat="30.521069389148884" lon="104.06380463134911">
        <ele>0.0</ele>
        <time>2025-03-14T08:47:47Z</time>
        <extensions>
          <gpxtpx:TrackPointExtension>
            <gpxtpx:hr>117</gpxtpx:hr>
          </gpxtpx:TrackPointExtension>
        </extensions>
      </trkpt>
      <trkpt lat="30.521077684015985" lon="104.06382061988081">
        <ele>0.0</ele>
        <time>2025-03-14T08:47:48Z</time>
        <extensions>
          <gpxtpx:TrackPointExtension>
            <gpxtpx:hr>115</gpxtpx:hr>
          </gpxtpx:TrackPointExtension>
        </extensions>
      </trkpt>
      <trkpt lat="30.521085837021825" lon="104.06383707449959">
        <ele>0.0</ele>
        <time>2025-03-14T08:47:49Z</time>
        <extensions>
          <gpxtpx:TrackPointExtension>
            <gpxtpx:hr>115</gpxtpx:hr>
          </gpxtpx:TrackPointExtension>
        </extensions>
      </trkpt>
      <trkpt lat="30.52109386802122" lon="104.06385353499284">
        <ele>0.0</ele>
        <time>2025-03-14T08:47:50Z</time>
        <extensions>
          <gpxtpx:TrackPointExtension>
            <gpxtpx:hr>115</gpxtpx:hr>
          </gpxtpx:TrackPointExtension>
        </extensions>
      </trkpt>
      <trkpt lat="30.521101721068565" lon="104.06386978476465">
        <ele>0.0</ele>
        <time>2025-03-14T08:47:51Z</time>
        <extensions>
          <gpxtpx:TrackPointExtension>
            <gpxtpx:hr>115</gpxtpx:hr>
          </gpxtpx:TrackPointExtension>
        </extensions>
      </trkpt>
      <trkpt lat="30.521109450653448" lon="104.06388561488436">
        <ele>0.0</ele>
        <time>2025-03-14T08:47:52Z</time>
        <extensions>
          <gpxtpx:TrackPointExtension>
            <gpxtpx:hr>115</gpxtpx:hr>
          </gpxtpx:TrackPointExtension>
        </extensions>
      </trkpt>
      <trkpt lat="30.521116968041266" lon="104.06390120668868">
        <ele>0.0</ele>
        <time>2025-03-14T08:47:53Z</time>
        <extensions>
          <gpxtpx:TrackPointExtension>
            <gpxtpx:hr>116</gpxtpx:hr>
          </gpxtpx:TrackPointExtension>
        </extensions>
      </trkpt>
      <trkpt lat="30.521124224862138" lon="104.06391645844566">
        <ele>0.0</ele>
        <time>2025-03-14T08:47:54Z</time>
        <extensions>
          <gpxtpx:TrackPointExtension>
            <gpxtpx:hr>116</gpxtpx:hr>
          </gpxtpx:TrackPointExtension>
        </extensions>
      </trkpt>
      <trkpt lat="30.521130947778612" lon="104.06393209137273">
        <ele>0.0</ele>
        <time>2025-03-14T08:47:55Z</time>
        <extensions>
          <gpxtpx:TrackPointExtension>
            <gpxtpx:hr>116</gpxtpx:hr>
          </gpxtpx:TrackPointExtension>
        </extensions>
      </trkpt>
      <trkpt lat="30.521137491700866" lon="104.06394836347795">
        <ele>0.0</ele>
        <time>2025-03-14T08:47:56Z</time>
        <extensions>
          <gpxtpx:TrackPointExtension>
            <gpxtpx:hr>116</gpxtpx:hr>
          </gpxtpx:TrackPointExtension>
        </extensions>
      </trkpt>
      <trkpt lat="30.52114328175701" lon="104.06396354613881">
        <ele>0.0</ele>
        <time>2025-03-14T08:47:57Z</time>
        <extensions>
          <gpxtpx:TrackPointExtension>
            <gpxtpx:hr>116</gpxtpx:hr>
          </gpxtpx:TrackPointExtension>
        </extensions>
      </trkpt>
      <trkpt lat="30.52114924703716" lon="104.06397872532374">
        <ele>0.0</ele>
        <time>2025-03-14T08:47:58Z</time>
        <extensions>
          <gpxtpx:TrackPointExtension>
            <gpxtpx:hr>116</gpxtpx:hr>
          </gpxtpx:TrackPointExtension>
        </extensions>
      </trkpt>
      <trkpt lat="30.52115498555889" lon="104.06399330460447">
        <ele>0.0</ele>
        <time>2025-03-14T08:47:59Z</time>
        <extensions>
          <gpxtpx:TrackPointExtension>
            <gpxtpx:hr>116</gpxtpx:hr>
          </gpxtpx:TrackPointExtension>
        </extensions>
      </trkpt>
      <trkpt lat="30.521161178627874" lon="104.0640091192785">
        <ele>0.0</ele>
        <time>2025-03-14T08:48:00Z</time>
        <extensions>
          <gpxtpx:TrackPointExtension>
            <gpxtpx:hr>116</gpxtpx:hr>
          </gpxtpx:TrackPointExtension>
        </extensions>
      </trkpt>
      <trkpt lat="30.52116754622177" lon="104.06402412685777">
        <ele>0.0</ele>
        <time>2025-03-14T08:48:01Z</time>
        <extensions>
          <gpxtpx:TrackPointExtension>
            <gpxtpx:hr>116</gpxtpx:hr>
          </gpxtpx:TrackPointExtension>
        </extensions>
      </trkpt>
      <trkpt lat="30.521174744706265" lon="104.06403826952973">
        <ele>0.0</ele>
        <time>2025-03-14T08:48:02Z</time>
        <extensions>
          <gpxtpx:TrackPointExtension>
            <gpxtpx:hr>116</gpxtpx:hr>
          </gpxtpx:TrackPointExtension>
        </extensions>
      </trkpt>
      <trkpt lat="30.521183278617606" lon="104.06405123864108">
        <ele>0.0</ele>
        <time>2025-03-14T08:48:03Z</time>
        <extensions>
          <gpxtpx:TrackPointExtension>
            <gpxtpx:hr>115</gpxtpx:hr>
          </gpxtpx:TrackPointExtension>
        </extensions>
      </trkpt>
      <trkpt lat="30.521193254849322" lon="104.06406314909678">
        <ele>0.0</ele>
        <time>2025-03-14T08:48:04Z</time>
        <extensions>
          <gpxtpx:TrackPointExtension>
            <gpxtpx:hr>115</gpxtpx:hr>
          </gpxtpx:TrackPointExtension>
        </extensions>
      </trkpt>
      <trkpt lat="30.521204636316483" lon="104.06407372772011">
        <ele>0.0</ele>
        <time>2025-03-14T08:48:05Z</time>
        <extensions>
          <gpxtpx:TrackPointExtension>
            <gpxtpx:hr>115</gpxtpx:hr>
          </gpxtpx:TrackPointExtension>
        </extensions>
      </trkpt>
      <trkpt lat="30.52121749536174" lon="104.06408295617456">
        <ele>0.0</ele>
        <time>2025-03-14T08:48:06Z</time>
        <extensions>
          <gpxtpx:TrackPointExtension>
            <gpxtpx:hr>115</gpxtpx:hr>
          </gpxtpx:TrackPointExtension>
        </extensions>
      </trkpt>
      <trkpt lat="30.521231475249085" lon="104.06409058856532">
        <ele>0.0</ele>
        <time>2025-03-14T08:48:07Z</time>
        <extensions>
          <gpxtpx:TrackPointExtension>
            <gpxtpx:hr>115</gpxtpx:hr>
          </gpxtpx:TrackPointExtension>
        </extensions>
      </trkpt>
      <trkpt lat="30.521246234285314" lon="104.06409761069358">
        <ele>0.0</ele>
        <time>2025-03-14T08:48:08Z</time>
        <extensions>
          <gpxtpx:TrackPointExtension>
            <gpxtpx:hr>116</gpxtpx:hr>
          </gpxtpx:TrackPointExtension>
        </extensions>
      </trkpt>
      <trkpt lat="30.521261367887632" lon="104.06410491448959">
        <ele>0.0</ele>
        <time>2025-03-14T08:48:09Z</time>
        <extensions>
          <gpxtpx:TrackPointExtension>
            <gpxtpx:hr>116</gpxtpx:hr>
          </gpxtpx:TrackPointExtension>
        </extensions>
      </trkpt>
      <trkpt lat="30.52127653290668" lon="104.06411332247744">
        <ele>0.0</ele>
        <time>2025-03-14T08:48:10Z</time>
        <extensions>
          <gpxtpx:TrackPointExtension>
            <gpxtpx:hr>116</gpxtpx:hr>
          </gpxtpx:TrackPointExtension>
        </extensions>
      </trkpt>
      <trkpt lat="30.521291579796657" lon="104.06412229795032">
        <ele>0.0</ele>
        <time>2025-03-14T08:48:11Z</time>
        <extensions>
          <gpxtpx:TrackPointExtension>
            <gpxtpx:hr>116</gpxtpx:hr>
          </gpxtpx:TrackPointExtension>
        </extensions>
      </trkpt>
      <trkpt lat="30.521306421878425" lon="104.0641312848405">
        <ele>0.0</ele>
        <time>2025-03-14T08:48:12Z</time>
        <extensions>
          <gpxtpx:TrackPointExtension>
            <gpxtpx:hr>116</gpxtpx:hr>
          </gpxtpx:TrackPointExtension>
        </extensions>
      </trkpt>
      <trkpt lat="30.521320891743137" lon="104.06414007880323">
        <ele>0.0</ele>
        <time>2025-03-14T08:48:13Z</time>
        <extensions>
          <gpxtpx:TrackPointExtension>
            <gpxtpx:hr>115</gpxtpx:hr>
          </gpxtpx:TrackPointExtension>
        </extensions>
      </trkpt>
      <trkpt lat="30.52133498277053" lon="104.06414900402059">
        <ele>0.0</ele>
        <time>2025-03-14T08:48:14Z</time>
        <extensions>
          <gpxtpx:TrackPointExtension>
            <gpxtpx:hr>115</gpxtpx:hr>
          </gpxtpx:TrackPointExtension>
        </extensions>
      </trkpt>
      <trkpt lat="30.521348470388705" lon="104.06415824038976">
        <ele>0.0</ele>
        <time>2025-03-14T08:48:15Z</time>
        <extensions>
          <gpxtpx:TrackPointExtension>
            <gpxtpx:hr>115</gpxtpx:hr>
          </gpxtpx:TrackPointExtension>
        </extensions>
      </trkpt>
      <trkpt lat="30.52136144725838" lon="104.06416792472838">
        <ele>0.0</ele>
        <time>2025-03-14T08:48:16Z</time>
        <extensions>
          <gpxtpx:TrackPointExtension>
            <gpxtpx:hr>115</gpxtpx:hr>
          </gpxtpx:TrackPointExtension>
        </extensions>
      </trkpt>
      <trkpt lat="30.52137413769006" lon="104.06417823993802">
        <ele>0.0</ele>
        <time>2025-03-14T08:48:17Z</time>
        <extensions>
          <gpxtpx:TrackPointExtension>
            <gpxtpx:hr>115</gpxtpx:hr>
          </gpxtpx:TrackPointExtension>
        </extensions>
      </trkpt>
      <trkpt lat="30.52138660480291" lon="104.06418915196036">
        <ele>0.0</ele>
        <time>2025-03-14T08:48:18Z</time>
        <extensions>
          <gpxtpx:TrackPointExtension>
            <gpxtpx:hr>115</gpxtpx:hr>
          </gpxtpx:TrackPointExtension>
        </extensions>
      </trkpt>
      <trkpt lat="30.52139905770288" lon="104.06420101015684">
        <ele>0.0</ele>
        <time>2025-03-14T08:48:19Z</time>
        <extensions>
          <gpxtpx:TrackPointExtension>
            <gpxtpx:hr>115</gpxtpx:hr>
          </gpxtpx:TrackPointExtension>
        </extensions>
      </trkpt>
      <trkpt lat="30.521410997493476" lon="104.06421390939815">
        <ele>0.0</ele>
        <time>2025-03-14T08:48:20Z</time>
        <extensions>
          <gpxtpx:TrackPointExtension>
            <gpxtpx:hr>115</gpxtpx:hr>
          </gpxtpx:TrackPointExtension>
        </extensions>
      </trkpt>
      <trkpt lat="30.52142230249093" lon="104.06422853363989">
        <ele>0.0</ele>
        <time>2025-03-14T08:48:21Z</time>
        <extensions>
          <gpxtpx:TrackPointExtension>
            <gpxtpx:hr>115</gpxtpx:hr>
          </gpxtpx:TrackPointExtension>
        </extensions>
      </trkpt>
      <trkpt lat="30.521431869186546" lon="104.06424299555684">
        <ele>0.0</ele>
        <time>2025-03-14T08:48:22Z</time>
        <extensions>
          <gpxtpx:TrackPointExtension>
            <gpxtpx:hr>115</gpxtpx:hr>
          </gpxtpx:TrackPointExtension>
        </extensions>
      </trkpt>
      <trkpt lat="30.521440356416083" lon="104.06425862550992">
        <ele>0.0</ele>
        <time>2025-03-14T08:48:23Z</time>
        <extensions>
          <gpxtpx:TrackPointExtension>
            <gpxtpx:hr>115</gpxtpx:hr>
          </gpxtpx:TrackPointExtension>
        </extensions>
      </trkpt>
      <trkpt lat="30.521447387697933" lon="104.06427432046513">
        <ele>0.0</ele>
        <time>2025-03-14T08:48:24Z</time>
        <extensions>
          <gpxtpx:TrackPointExtension>
            <gpxtpx:hr>115</gpxtpx:hr>
          </gpxtpx:TrackPointExtension>
        </extensions>
      </trkpt>
      <trkpt lat="30.52145404119761" lon="104.06429162516629">
        <ele>0.0</ele>
        <time>2025-03-14T08:48:25Z</time>
        <extensions>
          <gpxtpx:TrackPointExtension>
            <gpxtpx:hr>115</gpxtpx:hr>
          </gpxtpx:TrackPointExtension>
        </extensions>
      </trkpt>
      <trkpt lat="30.521459940242735" lon="104.06430869696786">
        <ele>0.0</ele>
        <time>2025-03-14T08:48:26Z</time>
        <extensions>
          <gpxtpx:TrackPointExtension>
            <gpxtpx:hr>115</gpxtpx:hr>
          </gpxtpx:TrackPointExtension>
        </extensions>
      </trkpt>
      <trkpt lat="30.52146596872953" lon="104.06432606675861">
        <ele>0.0</ele>
        <time>2025-03-14T08:48:27Z</time>
        <extensions>
          <gpxtpx:TrackPointExtension>
            <gpxtpx:hr>115</gpxtpx:hr>
          </gpxtpx:TrackPointExtension>
        </extensions>
      </trkpt>
      <trkpt lat="30.521472065940692" lon="104.06434351815628">
        <ele>0.0</ele>
        <time>2025-03-14T08:48:28Z</time>
        <extensions>
          <gpxtpx:TrackPointExtension>
            <gpxtpx:hr>116</gpxtpx:hr>
          </gpxtpx:TrackPointExtension>
        </extensions>
      </trkpt>
      <trkpt lat="30.521478429802144" lon="104.06436156536653">
        <ele>0.0</ele>
        <time>2025-03-14T08:48:29Z</time>
        <extensions>
          <gpxtpx:TrackPointExtension>
            <gpxtpx:hr>116</gpxtpx:hr>
          </gpxtpx:TrackPointExtension>
        </extensions>
      </trkpt>
      <trkpt lat="30.52148442059591" lon="104.06437989246507">
        <ele>0.0</ele>
        <time>2025-03-14T08:48:30Z</time>
        <extensions>
          <gpxtpx:TrackPointExtension>
            <gpxtpx:hr>116</gpxtpx:hr>
          </gpxtpx:TrackPointExtension>
        </extensions>
      </trkpt>
      <trkpt lat="30.52148971728564" lon="104.06439853814032">
        <ele>0.0</ele>
        <time>2025-03-14T08:48:31Z</time>
        <extensions>
          <gpxtpx:TrackPointExtension>
            <gpxtpx:hr>116</gpxtpx:hr>
          </gpxtpx:TrackPointExtension>
        </extensions>
      </trkpt>
      <trkpt lat="30.521493881632665" lon="104.06441727168458">
        <ele>0.0</ele>
        <time>2025-03-14T08:48:32Z</time>
        <extensions>
          <gpxtpx:TrackPointExtension>
            <gpxtpx:hr>116</gpxtpx:hr>
          </gpxtpx:TrackPointExtension>
        </extensions>
      </trkpt>
      <trkpt lat="30.521496816573702" lon="104.0644341174826">
        <ele>0.0</ele>
        <time>2025-03-14T08:48:33Z</time>
        <extensions>
          <gpxtpx:TrackPointExtension>
            <gpxtpx:hr>116</gpxtpx:hr>
          </gpxtpx:TrackPointExtension>
        </extensions>
      </trkpt>
      <trkpt lat="30.52149887181943" lon="104.06445085772155">
        <ele>0.0</ele>
        <time>2025-03-14T08:48:34Z</time>
        <extensions>
          <gpxtpx:TrackPointExtension>
            <gpxtpx:hr>116</gpxtpx:hr>
          </gpxtpx:TrackPointExtension>
        </extensions>
      </trkpt>
      <trkpt lat="30.521500081393032" lon="104.06446673056371">
        <ele>0.0</ele>
        <time>2025-03-14T08:48:35Z</time>
        <extensions>
          <gpxtpx:TrackPointExtension>
            <gpxtpx:hr>116</gpxtpx:hr>
          </gpxtpx:TrackPointExtension>
        </extensions>
      </trkpt>
      <trkpt lat="30.521501033638685" lon="104.06448418966839">
        <ele>0.0</ele>
        <time>2025-03-14T08:48:36Z</time>
        <extensions>
          <gpxtpx:TrackPointExtension>
            <gpxtpx:hr>116</gpxtpx:hr>
          </gpxtpx:TrackPointExtension>
        </extensions>
      </trkpt>
      <trkpt lat="30.52150194633963" lon="104.06450085790982">
        <ele>0.0</ele>
        <time>2025-03-14T08:48:37Z</time>
        <extensions>
          <gpxtpx:TrackPointExtension>
            <gpxtpx:hr>116</gpxtpx:hr>
          </gpxtpx:TrackPointExtension>
        </extensions>
      </trkpt>
      <trkpt lat="30.52150298633059" lon="104.06451727385507">
        <ele>0.0</ele>
        <time>2025-03-14T08:48:38Z</time>
        <extensions>
          <gpxtpx:TrackPointExtension>
            <gpxtpx:hr>116</gpxtpx:hr>
          </gpxtpx:TrackPointExtension>
        </extensions>
      </trkpt>
      <trkpt lat="30.521504087732723" lon="104.06453275543512">
        <ele>0.0</ele>
        <time>2025-03-14T08:48:39Z</time>
        <extensions>
          <gpxtpx:TrackPointExtension>
            <gpxtpx:hr>116</gpxtpx:hr>
          </gpxtpx:TrackPointExtension>
        </extensions>
      </trkpt>
      <trkpt lat="30.5215054347591" lon="104.06454785218556">
        <ele>0.0</ele>
        <time>2025-03-14T08:48:40Z</time>
        <extensions>
          <gpxtpx:TrackPointExtension>
            <gpxtpx:hr>116</gpxtpx:hr>
          </gpxtpx:TrackPointExtension>
        </extensions>
      </trkpt>
      <trkpt lat="30.521507654145516" lon="104.06456267975304">
        <ele>0.0</ele>
        <time>2025-03-14T08:48:41Z</time>
        <extensions>
          <gpxtpx:TrackPointExtension>
            <gpxtpx:hr>116</gpxtpx:hr>
          </gpxtpx:TrackPointExtension>
        </extensions>
      </trkpt>
      <trkpt lat="30.521510929915404" lon="104.06457773392832">
        <ele>0.0</ele>
        <time>2025-03-14T08:48:42Z</time>
        <extensions>
          <gpxtpx:TrackPointExtension>
            <gpxtpx:hr>116</gpxtpx:hr>
          </gpxtpx:TrackPointExtension>
        </extensions>
      </trkpt>
      <trkpt lat="30.52151521529808" lon="104.06459321923629">
        <ele>0.0</ele>
        <time>2025-03-14T08:48:43Z</time>
        <extensions>
          <gpxtpx:TrackPointExtension>
            <gpxtpx:hr>117</gpxtpx:hr>
          </gpxtpx:TrackPointExtension>
        </extensions>
      </trkpt>
      <trkpt lat="30.521520307547885" lon="104.06460946949055">
        <ele>0.0</ele>
        <time>2025-03-14T08:48:44Z</time>
        <extensions>
          <gpxtpx:TrackPointExtension>
            <gpxtpx:hr>117</gpxtpx:hr>
          </gpxtpx:TrackPointExtension>
        </extensions>
      </trkpt>
      <trkpt lat="30.5215259441038" lon="104.06462644029662">
        <ele>0.0</ele>
        <time>2025-03-14T08:48:45Z</time>
        <extensions>
          <gpxtpx:TrackPointExtension>
            <gpxtpx:hr>117</gpxtpx:hr>
          </gpxtpx:TrackPointExtension>
        </extensions>
      </trkpt>
      <trkpt lat="30.521532093588732" lon="104.06464448790618">
        <ele>0.0</ele>
        <time>2025-03-14T08:48:46Z</time>
        <extensions>
          <gpxtpx:TrackPointExtension>
            <gpxtpx:hr>117</gpxtpx:hr>
          </gpxtpx:TrackPointExtension>
        </extensions>
      </trkpt>
      <trkpt lat="30.521537746988383" lon="104.06466137791082">
        <ele>0.0</ele>
        <time>2025-03-14T08:48:47Z</time>
        <extensions>
          <gpxtpx:TrackPointExtension>
            <gpxtpx:hr>117</gpxtpx:hr>
          </gpxtpx:TrackPointExtension>
        </extensions>
      </trkpt>
      <trkpt lat="30.521543550474053" lon="104.06467868760764">
        <ele>0.0</ele>
        <time>2025-03-14T08:48:48Z</time>
        <extensions>
          <gpxtpx:TrackPointExtension>
            <gpxtpx:hr>115</gpxtpx:hr>
          </gpxtpx:TrackPointExtension>
        </extensions>
      </trkpt>
      <trkpt lat="30.521549131699356" lon="104.06469563563121">
        <ele>0.0</ele>
        <time>2025-03-14T08:48:49Z</time>
        <extensions>
          <gpxtpx:TrackPointExtension>
            <gpxtpx:hr>115</gpxtpx:hr>
          </gpxtpx:TrackPointExtension>
        </extensions>
      </trkpt>
      <trkpt lat="30.521555023640065" lon="104.06471421366743">
        <ele>0.0</ele>
        <time>2025-03-14T08:48:50Z</time>
        <extensions>
          <gpxtpx:TrackPointExtension>
            <gpxtpx:hr>115</gpxtpx:hr>
          </gpxtpx:TrackPointExtension>
        </extensions>
      </trkpt>
      <trkpt lat="30.521560349210315" lon="104.06473297344412">
        <ele>0.0</ele>
        <time>2025-03-14T08:48:51Z</time>
        <extensions>
          <gpxtpx:TrackPointExtension>
            <gpxtpx:hr>115</gpxtpx:hr>
          </gpxtpx:TrackPointExtension>
        </extensions>
      </trkpt>
      <trkpt lat="30.521565236083912" lon="104.06475260676099">
        <ele>0.0</ele>
        <time>2025-03-14T08:48:52Z</time>
        <extensions>
          <gpxtpx:TrackPointExtension>
            <gpxtpx:hr>115</gpxtpx:hr>
          </gpxtpx:TrackPointExtension>
        </extensions>
      </trkpt>
      <trkpt lat="30.521570099864945" lon="104.06477400671295">
        <ele>0.0</ele>
        <time>2025-03-14T08:48:53Z</time>
        <extensions>
          <gpxtpx:TrackPointExtension>
            <gpxtpx:hr>114</gpxtpx:hr>
          </gpxtpx:TrackPointExtension>
        </extensions>
      </trkpt>
      <trkpt lat="30.521575936297378" lon="104.06479415459978">
        <ele>0.0</ele>
        <time>2025-03-14T08:48:54Z</time>
        <extensions>
          <gpxtpx:TrackPointExtension>
            <gpxtpx:hr>114</gpxtpx:hr>
          </gpxtpx:TrackPointExtension>
        </extensions>
      </trkpt>
      <trkpt lat="30.521583006471744" lon="104.06481244598629">
        <ele>0.0</ele>
        <time>2025-03-14T08:48:55Z</time>
        <extensions>
          <gpxtpx:TrackPointExtension>
            <gpxtpx:hr>114</gpxtpx:hr>
          </gpxtpx:TrackPointExtension>
        </extensions>
      </trkpt>
      <trkpt lat="30.52159125871029" lon="104.06482732965215">
        <ele>0.0</ele>
        <time>2025-03-14T08:48:56Z</time>
        <extensions>
          <gpxtpx:TrackPointExtension>
            <gpxtpx:hr>114</gpxtpx:hr>
          </gpxtpx:TrackPointExtension>
        </extensions>
      </trkpt>
      <trkpt lat="30.52160006818902" lon="104.06484152067127">
        <ele>0.0</ele>
        <time>2025-03-14T08:48:57Z</time>
        <extensions>
          <gpxtpx:TrackPointExtension>
            <gpxtpx:hr>114</gpxtpx:hr>
          </gpxtpx:TrackPointExtension>
        </extensions>
      </trkpt>
      <trkpt lat="30.521609337562406" lon="104.06485519572665">
        <ele>0.0</ele>
        <time>2025-03-14T08:48:58Z</time>
        <extensions>
          <gpxtpx:TrackPointExtension>
            <gpxtpx:hr>114</gpxtpx:hr>
          </gpxtpx:TrackPointExtension>
        </extensions>
      </trkpt>
      <trkpt lat="30.521617128734782" lon="104.06486692578858">
        <ele>0.0</ele>
        <time>2025-03-14T08:48:59Z</time>
        <extensions>
          <gpxtpx:TrackPointExtension>
            <gpxtpx:hr>114</gpxtpx:hr>
          </gpxtpx:TrackPointExtension>
        </extensions>
      </trkpt>
      <trkpt lat="30.52162484651992" lon="104.06487830058761">
        <ele>0.0</ele>
        <time>2025-03-14T08:49:00Z</time>
        <extensions>
          <gpxtpx:TrackPointExtension>
            <gpxtpx:hr>114</gpxtpx:hr>
          </gpxtpx:TrackPointExtension>
        </extensions>
      </trkpt>
      <trkpt lat="30.521632332980133" lon="104.06488926606146">
        <ele>0.0</ele>
        <time>2025-03-14T08:49:01Z</time>
        <extensions>
          <gpxtpx:TrackPointExtension>
            <gpxtpx:hr>114</gpxtpx:hr>
          </gpxtpx:TrackPointExtension>
        </extensions>
      </trkpt>
      <trkpt lat="30.52164162739751" lon="104.06490199548469">
        <ele>0.0</ele>
        <time>2025-03-14T08:49:02Z</time>
        <extensions>
          <gpxtpx:TrackPointExtension>
            <gpxtpx:hr>114</gpxtpx:hr>
          </gpxtpx:TrackPointExtension>
        </extensions>
      </trkpt>
      <trkpt lat="30.521651282659672" lon="104.06491494188884">
        <ele>0.0</ele>
        <time>2025-03-14T08:49:03Z</time>
        <extensions>
          <gpxtpx:TrackPointExtension>
            <gpxtpx:hr>113</gpxtpx:hr>
          </gpxtpx:TrackPointExtension>
        </extensions>
      </trkpt>
      <trkpt lat="30.521661416202736" lon="104.06492822356553">
        <ele>0.0</ele>
        <time>2025-03-14T08:49:04Z</time>
        <extensions>
          <gpxtpx:TrackPointExtension>
            <gpxtpx:hr>113</gpxtpx:hr>
          </gpxtpx:TrackPointExtension>
        </extensions>
      </trkpt>
      <trkpt lat="30.52167176331076" lon="104.06494156143604">
        <ele>0.0</ele>
        <time>2025-03-14T08:49:05Z</time>
        <extensions>
          <gpxtpx:TrackPointExtension>
            <gpxtpx:hr>113</gpxtpx:hr>
          </gpxtpx:TrackPointExtension>
        </extensions>
      </trkpt>
      <trkpt lat="30.521682297996808" lon="104.06495492731894">
        <ele>0.0</ele>
        <time>2025-03-14T08:49:06Z</time>
        <extensions>
          <gpxtpx:TrackPointExtension>
            <gpxtpx:hr>113</gpxtpx:hr>
          </gpxtpx:TrackPointExtension>
        </extensions>
      </trkpt>
      <trkpt lat="30.521692968032486" lon="104.06496826125046">
        <ele>0.0</ele>
        <time>2025-03-14T08:49:07Z</time>
        <extensions>
          <gpxtpx:TrackPointExtension>
            <gpxtpx:hr>113</gpxtpx:hr>
          </gpxtpx:TrackPointExtension>
        </extensions>
      </trkpt>
      <trkpt lat="30.521703749339707" lon="104.06498156134892">
        <ele>0.0</ele>
        <time>2025-03-14T08:49:08Z</time>
        <extensions>
          <gpxtpx:TrackPointExtension>
            <gpxtpx:hr>113</gpxtpx:hr>
          </gpxtpx:TrackPointExtension>
        </extensions>
      </trkpt>
      <trkpt lat="30.521714620513855" lon="104.06499482936434">
        <ele>0.0</ele>
        <time>2025-03-14T08:49:09Z</time>
        <extensions>
          <gpxtpx:TrackPointExtension>
            <gpxtpx:hr>113</gpxtpx:hr>
          </gpxtpx:TrackPointExtension>
        </extensions>
      </trkpt>
      <trkpt lat="30.52172556833053" lon="104.06500807844739">
        <ele>0.0</ele>
        <time>2025-03-14T08:49:10Z</time>
        <extensions>
          <gpxtpx:TrackPointExtension>
            <gpxtpx:hr>113</gpxtpx:hr>
          </gpxtpx:TrackPointExtension>
        </extensions>
      </trkpt>
      <trkpt lat="30.521736616762535" lon="104.0650213078324">
        <ele>0.0</ele>
        <time>2025-03-14T08:49:11Z</time>
        <extensions>
          <gpxtpx:TrackPointExtension>
            <gpxtpx:hr>113</gpxtpx:hr>
          </gpxtpx:TrackPointExtension>
        </extensions>
      </trkpt>
      <trkpt lat="30.521745925894823" lon="104.06503259544716">
        <ele>0.0</ele>
        <time>2025-03-14T08:49:12Z</time>
        <extensions>
          <gpxtpx:TrackPointExtension>
            <gpxtpx:hr>113</gpxtpx:hr>
          </gpxtpx:TrackPointExtension>
        </extensions>
      </trkpt>
      <trkpt lat="30.5217549713054" lon="104.06504340965043">
        <ele>0.0</ele>
        <time>2025-03-14T08:49:13Z</time>
        <extensions>
          <gpxtpx:TrackPointExtension>
            <gpxtpx:hr>112</gpxtpx:hr>
          </gpxtpx:TrackPointExtension>
        </extensions>
      </trkpt>
      <trkpt lat="30.521763628637085" lon="104.06505360491869">
        <ele>0.0</ele>
        <time>2025-03-14T08:49:14Z</time>
        <extensions>
          <gpxtpx:TrackPointExtension>
            <gpxtpx:hr>112</gpxtpx:hr>
          </gpxtpx:TrackPointExtension>
        </extensions>
      </trkpt>
      <trkpt lat="30.521773994425608" lon="104.0650653213114">
        <ele>0.0</ele>
        <time>2025-03-14T08:49:15Z</time>
        <extensions>
          <gpxtpx:TrackPointExtension>
            <gpxtpx:hr>112</gpxtpx:hr>
          </gpxtpx:TrackPointExtension>
        </extensions>
      </trkpt>
      <trkpt lat="30.521784644890328" lon="104.06507706277424">
        <ele>0.0</ele>
        <time>2025-03-14T08:49:16Z</time>
        <extensions>
          <gpxtpx:TrackPointExtension>
            <gpxtpx:hr>112</gpxtpx:hr>
          </gpxtpx:TrackPointExtension>
        </extensions>
      </trkpt>
      <trkpt lat="30.521795757511118" lon="104.06508897580619">
        <ele>0.0</ele>
        <time>2025-03-14T08:49:17Z</time>
        <extensions>
          <gpxtpx:TrackPointExtension>
            <gpxtpx:hr>112</gpxtpx:hr>
          </gpxtpx:TrackPointExtension>
        </extensions>
      </trkpt>
      <trkpt lat="30.521807112005277" lon="104.06510080138891">
        <ele>0.0</ele>
        <time>2025-03-14T08:49:18Z</time>
        <extensions>
          <gpxtpx:TrackPointExtension>
            <gpxtpx:hr>113</gpxtpx:hr>
          </gpxtpx:TrackPointExtension>
        </extensions>
      </trkpt>
      <trkpt lat="30.52181870010635" lon="104.06511253831374">
        <ele>0.0</ele>
        <time>2025-03-14T08:49:19Z</time>
        <extensions>
          <gpxtpx:TrackPointExtension>
            <gpxtpx:hr>113</gpxtpx:hr>
          </gpxtpx:TrackPointExtension>
        </extensions>
      </trkpt>
      <trkpt lat="30.521830463894382" lon="104.0651241672877">
        <ele>0.0</ele>
        <time>2025-03-14T08:49:20Z</time>
        <extensions>
          <gpxtpx:TrackPointExtension>
            <gpxtpx:hr>113</gpxtpx:hr>
          </gpxtpx:TrackPointExtension>
        </extensions>
      </trkpt>
      <trkpt lat="30.52184236485064" lon="104.06513571349019">
        <ele>0.0</ele>
        <time>2025-03-14T08:49:21Z</time>
        <extensions>
          <gpxtpx:TrackPointExtension>
            <gpxtpx:hr>113</gpxtpx:hr>
          </gpxtpx:TrackPointExtension>
        </extensions>
      </trkpt>
      <trkpt lat="30.521854361167346" lon="104.06514718858513">
        <ele>0.0</ele>
        <time>2025-03-14T08:49:22Z</time>
        <extensions>
          <gpxtpx:TrackPointExtension>
            <gpxtpx:hr>113</gpxtpx:hr>
          </gpxtpx:TrackPointExtension>
        </extensions>
      </trkpt>
      <trkpt lat="30.52186643297321" lon="104.06515859214953">
        <ele>0.0</ele>
        <time>2025-03-14T08:49:23Z</time>
        <extensions>
          <gpxtpx:TrackPointExtension>
            <gpxtpx:hr>112</gpxtpx:hr>
          </gpxtpx:TrackPointExtension>
        </extensions>
      </trkpt>
      <trkpt lat="30.521878582572597" lon="104.06516994981439">
        <ele>0.0</ele>
        <time>2025-03-14T08:49:24Z</time>
        <extensions>
          <gpxtpx:TrackPointExtension>
            <gpxtpx:hr>112</gpxtpx:hr>
          </gpxtpx:TrackPointExtension>
        </extensions>
      </trkpt>
      <trkpt lat="30.521890839401774" lon="104.06518130580687">
        <ele>0.0</ele>
        <time>2025-03-14T08:49:25Z</time>
        <extensions>
          <gpxtpx:TrackPointExtension>
            <gpxtpx:hr>112</gpxtpx:hr>
          </gpxtpx:TrackPointExtension>
        </extensions>
      </trkpt>
      <trkpt lat="30.521901334962845" lon="104.06519082428166">
        <ele>0.0</ele>
        <time>2025-03-14T08:49:26Z</time>
        <extensions>
          <gpxtpx:TrackPointExtension>
            <gpxtpx:hr>112</gpxtpx:hr>
          </gpxtpx:TrackPointExtension>
        </extensions>
      </trkpt>
      <trkpt lat="30.52191157707111" lon="104.06519996928411">
        <ele>0.0</ele>
        <time>2025-03-14T08:49:27Z</time>
        <extensions>
          <gpxtpx:TrackPointExtension>
            <gpxtpx:hr>112</gpxtpx:hr>
          </gpxtpx:TrackPointExtension>
        </extensions>
      </trkpt>
      <trkpt lat="30.521921445324303" lon="104.0652085818215">
        <ele>0.0</ele>
        <time>2025-03-14T08:49:28Z</time>
        <extensions>
          <gpxtpx:TrackPointExtension>
            <gpxtpx:hr>111</gpxtpx:hr>
          </gpxtpx:TrackPointExtension>
        </extensions>
      </trkpt>
      <trkpt lat="30.52193308195705" lon="104.06521874058103">
        <ele>0.0</ele>
        <time>2025-03-14T08:49:29Z</time>
        <extensions>
          <gpxtpx:TrackPointExtension>
            <gpxtpx:hr>111</gpxtpx:hr>
          </gpxtpx:TrackPointExtension>
        </extensions>
      </trkpt>
      <trkpt lat="30.5219449933008" lon="104.06522895338793">
        <ele>0.0</ele>
        <time>2025-03-14T08:49:30Z</time>
        <extensions>
          <gpxtpx:TrackPointExtension>
            <gpxtpx:hr>111</gpxtpx:hr>
          </gpxtpx:TrackPointExtension>
        </extensions>
      </trkpt>
      <trkpt lat="30.52195732235422" lon="104.06523936082695">
        <ele>0.0</ele>
        <time>2025-03-14T08:49:31Z</time>
        <extensions>
          <gpxtpx:TrackPointExtension>
            <gpxtpx:hr>111</gpxtpx:hr>
          </gpxtpx:TrackPointExtension>
        </extensions>
      </trkpt>
      <trkpt lat="30.521969812614277" lon="104.06524972637794">
        <ele>0.0</ele>
        <time>2025-03-14T08:49:32Z</time>
        <extensions>
          <gpxtpx:TrackPointExtension>
            <gpxtpx:hr>111</gpxtpx:hr>
          </gpxtpx:TrackPointExtension>
        </extensions>
      </trkpt>
      <trkpt lat="30.521982456142574" lon="104.06526007671424">
        <ele>0.0</ele>
        <time>2025-03-14T08:49:33Z</time>
        <extensions>
          <gpxtpx:TrackPointExtension>
            <gpxtpx:hr>113</gpxtpx:hr>
          </gpxtpx:TrackPointExtension>
        </extensions>
      </trkpt>
      <trkpt lat="30.52199521663254" lon="104.06527039680748">
        <ele>0.0</ele>
        <time>2025-03-14T08:49:34Z</time>
        <extensions>
          <gpxtpx:TrackPointExtension>
            <gpxtpx:hr>113</gpxtpx:hr>
          </gpxtpx:TrackPointExtension>
        </extensions>
      </trkpt>
      <trkpt lat="30.52200808839628" lon="104.06528069824937">
        <ele>0.0</ele>
        <time>2025-03-14T08:49:35Z</time>
        <extensions>
          <gpxtpx:TrackPointExtension>
            <gpxtpx:hr>113</gpxtpx:hr>
          </gpxtpx:TrackPointExtension>
        </extensions>
      </trkpt>
      <trkpt lat="30.522021069110842" lon="104.06529098928816">
        <ele>0.0</ele>
        <time>2025-03-14T08:49:36Z</time>
        <extensions>
          <gpxtpx:TrackPointExtension>
            <gpxtpx:hr>113</gpxtpx:hr>
          </gpxtpx:TrackPointExtension>
        </extensions>
      </trkpt>
      <trkpt lat="30.522034149417085" lon="104.06530131619638">
        <ele>0.0</ele>
        <time>2025-03-14T08:49:37Z</time>
        <extensions>
          <gpxtpx:TrackPointExtension>
            <gpxtpx:hr>113</gpxtpx:hr>
          </gpxtpx:TrackPointExtension>
        </extensions>
      </trkpt>
      <trkpt lat="30.522047322042855" lon="104.06531171757385">
        <ele>0.0</ele>
        <time>2025-03-14T08:49:38Z</time>
        <extensions>
          <gpxtpx:TrackPointExtension>
            <gpxtpx:hr>113</gpxtpx:hr>
          </gpxtpx:TrackPointExtension>
        </extensions>
      </trkpt>
      <trkpt lat="30.522058650514648" lon="104.06532036095503">
        <ele>0.0</ele>
        <time>2025-03-14T08:49:39Z</time>
        <extensions>
          <gpxtpx:TrackPointExtension>
            <gpxtpx:hr>113</gpxtpx:hr>
          </gpxtpx:TrackPointExtension>
        </extensions>
      </trkpt>
      <trkpt lat="30.52206958024545" lon="104.06532865991962">
        <ele>0.0</ele>
        <time>2025-03-14T08:49:40Z</time>
        <extensions>
          <gpxtpx:TrackPointExtension>
            <gpxtpx:hr>113</gpxtpx:hr>
          </gpxtpx:TrackPointExtension>
        </extensions>
      </trkpt>
      <trkpt lat="30.52207991413499" lon="104.06533643880253">
        <ele>0.0</ele>
        <time>2025-03-14T08:49:41Z</time>
        <extensions>
          <gpxtpx:TrackPointExtension>
            <gpxtpx:hr>113</gpxtpx:hr>
          </gpxtpx:TrackPointExtension>
        </extensions>
      </trkpt>
      <trkpt lat="30.5220915882064" lon="104.06534559576343">
        <ele>0.0</ele>
        <time>2025-03-14T08:49:42Z</time>
        <extensions>
          <gpxtpx:TrackPointExtension>
            <gpxtpx:hr>113</gpxtpx:hr>
          </gpxtpx:TrackPointExtension>
        </extensions>
      </trkpt>
      <trkpt lat="30.522102852055216" lon="104.06535449249083">
        <ele>0.0</ele>
        <time>2025-03-14T08:49:43Z</time>
        <extensions>
          <gpxtpx:TrackPointExtension>
            <gpxtpx:hr>112</gpxtpx:hr>
          </gpxtpx:TrackPointExtension>
        </extensions>
      </trkpt>
      <trkpt lat="30.522113978265043" lon="104.0653635060396">
        <ele>0.0</ele>
        <time>2025-03-14T08:49:44Z</time>
        <extensions>
          <gpxtpx:TrackPointExtension>
            <gpxtpx:hr>112</gpxtpx:hr>
          </gpxtpx:TrackPointExtension>
        </extensions>
      </trkpt>
      <trkpt lat="30.522125750836015" lon="104.06537169571055">
        <ele>0.0</ele>
        <time>2025-03-14T08:49:45Z</time>
        <extensions>
          <gpxtpx:TrackPointExtension>
            <gpxtpx:hr>112</gpxtpx:hr>
          </gpxtpx:TrackPointExtension>
        </extensions>
      </trkpt>
      <trkpt lat="30.52213963901716" lon="104.06538020250063">
        <ele>0.0</ele>
        <time>2025-03-14T08:49:46Z</time>
        <extensions>
          <gpxtpx:TrackPointExtension>
            <gpxtpx:hr>112</gpxtpx:hr>
          </gpxtpx:TrackPointExtension>
        </extensions>
      </trkpt>
      <trkpt lat="30.52215649686121" lon="104.06538921947234">
        <ele>0.0</ele>
        <time>2025-03-14T08:49:47Z</time>
        <extensions>
          <gpxtpx:TrackPointExtension>
            <gpxtpx:hr>112</gpxtpx:hr>
          </gpxtpx:TrackPointExtension>
        </extensions>
      </trkpt>
      <trkpt lat="30.52217400379006" lon="104.06539820142724">
        <ele>0.0</ele>
        <time>2025-03-14T08:49:48Z</time>
        <extensions>
          <gpxtpx:TrackPointExtension>
            <gpxtpx:hr>113</gpxtpx:hr>
          </gpxtpx:TrackPointExtension>
        </extensions>
      </trkpt>
      <trkpt lat="30.522190945742143" lon="104.06540607855905">
        <ele>0.0</ele>
        <time>2025-03-14T08:49:49Z</time>
        <extensions>
          <gpxtpx:TrackPointExtension>
            <gpxtpx:hr>113</gpxtpx:hr>
          </gpxtpx:TrackPointExtension>
        </extensions>
      </trkpt>
      <trkpt lat="30.522206121756234" lon="104.06541215968618">
        <ele>0.0</ele>
        <time>2025-03-14T08:49:50Z</time>
        <extensions>
          <gpxtpx:TrackPointExtension>
            <gpxtpx:hr>113</gpxtpx:hr>
          </gpxtpx:TrackPointExtension>
        </extensions>
      </trkpt>
      <trkpt lat="30.52222101979675" lon="104.06541781597508">
        <ele>0.0</ele>
        <time>2025-03-14T08:49:51Z</time>
        <extensions>
          <gpxtpx:TrackPointExtension>
            <gpxtpx:hr>113</gpxtpx:hr>
          </gpxtpx:TrackPointExtension>
        </extensions>
      </trkpt>
      <trkpt lat="30.522235795569504" lon="104.06542320861516">
        <ele>0.0</ele>
        <time>2025-03-14T08:49:52Z</time>
        <extensions>
          <gpxtpx:TrackPointExtension>
            <gpxtpx:hr>113</gpxtpx:hr>
          </gpxtpx:TrackPointExtension>
        </extensions>
      </trkpt>
      <trkpt lat="30.522250557594152" lon="104.065428613471">
        <ele>0.0</ele>
        <time>2025-03-14T08:49:53Z</time>
        <extensions>
          <gpxtpx:TrackPointExtension>
            <gpxtpx:hr>112</gpxtpx:hr>
          </gpxtpx:TrackPointExtension>
        </extensions>
      </trkpt>
      <trkpt lat="30.522265316347333" lon="104.06543414376881">
        <ele>0.0</ele>
        <time>2025-03-14T08:49:54Z</time>
        <extensions>
          <gpxtpx:TrackPointExtension>
            <gpxtpx:hr>112</gpxtpx:hr>
          </gpxtpx:TrackPointExtension>
        </extensions>
      </trkpt>
      <trkpt lat="30.522279914168802" lon="104.06543982951356">
        <ele>0.0</ele>
        <time>2025-03-14T08:49:55Z</time>
        <extensions>
          <gpxtpx:TrackPointExtension>
            <gpxtpx:hr>112</gpxtpx:hr>
          </gpxtpx:TrackPointExtension>
        </extensions>
      </trkpt>
      <trkpt lat="30.522294514597203" lon="104.06544570581356">
        <ele>0.0</ele>
        <time>2025-03-14T08:49:56Z</time>
        <extensions>
          <gpxtpx:TrackPointExtension>
            <gpxtpx:hr>112</gpxtpx:hr>
          </gpxtpx:TrackPointExtension>
        </extensions>
      </trkpt>
      <trkpt lat="30.52230672830635" lon="104.06545105246039">
        <ele>0.0</ele>
        <time>2025-03-14T08:49:57Z</time>
        <extensions>
          <gpxtpx:TrackPointExtension>
            <gpxtpx:hr>112</gpxtpx:hr>
          </gpxtpx:TrackPointExtension>
        </extensions>
      </trkpt>
      <trkpt lat="30.52231850603569" lon="104.06545633081076">
        <ele>0.0</ele>
        <time>2025-03-14T08:49:58Z</time>
        <extensions>
          <gpxtpx:TrackPointExtension>
            <gpxtpx:hr>114</gpxtpx:hr>
          </gpxtpx:TrackPointExtension>
        </extensions>
      </trkpt>
      <trkpt lat="30.52232968069183" lon="104.06546144018434">
        <ele>0.0</ele>
        <time>2025-03-14T08:49:59Z</time>
        <extensions>
          <gpxtpx:TrackPointExtension>
            <gpxtpx:hr>114</gpxtpx:hr>
          </gpxtpx:TrackPointExtension>
        </extensions>
      </trkpt>
      <trkpt lat="30.522343163431163" lon="104.06546713008204">
        <ele>0.0</ele>
        <time>2025-03-14T08:50:00Z</time>
        <extensions>
          <gpxtpx:TrackPointExtension>
            <gpxtpx:hr>114</gpxtpx:hr>
          </gpxtpx:TrackPointExtension>
        </extensions>
      </trkpt>
      <trkpt lat="30.52235675419856" lon="104.06547274983264">
        <ele>0.0</ele>
        <time>2025-03-14T08:50:01Z</time>
        <extensions>
          <gpxtpx:TrackPointExtension>
            <gpxtpx:hr>114</gpxtpx:hr>
          </gpxtpx:TrackPointExtension>
        </extensions>
      </trkpt>
      <trkpt lat="30.522370819827692" lon="104.06547835595998">
        <ele>0.0</ele>
        <time>2025-03-14T08:50:02Z</time>
        <extensions>
          <gpxtpx:TrackPointExtension>
            <gpxtpx:hr>114</gpxtpx:hr>
          </gpxtpx:TrackPointExtension>
        </extensions>
      </trkpt>
      <trkpt lat="30.52238485141392" lon="104.06548378127027">
        <ele>0.0</ele>
        <time>2025-03-14T08:50:03Z</time>
        <extensions>
          <gpxtpx:TrackPointExtension>
            <gpxtpx:hr>114</gpxtpx:hr>
          </gpxtpx:TrackPointExtension>
        </extensions>
      </trkpt>
      <trkpt lat="30.522399195628687" lon="104.06548910820595">
        <ele>0.0</ele>
        <time>2025-03-14T08:50:04Z</time>
        <extensions>
          <gpxtpx:TrackPointExtension>
            <gpxtpx:hr>114</gpxtpx:hr>
          </gpxtpx:TrackPointExtension>
        </extensions>
      </trkpt>
      <trkpt lat="30.522413665147234" lon="104.06549431070789">
        <ele>0.0</ele>
        <time>2025-03-14T08:50:05Z</time>
        <extensions>
          <gpxtpx:TrackPointExtension>
            <gpxtpx:hr>114</gpxtpx:hr>
          </gpxtpx:TrackPointExtension>
        </extensions>
      </trkpt>
      <trkpt lat="30.52242831512689" lon="104.06549943547066">
        <ele>0.0</ele>
        <time>2025-03-14T08:50:06Z</time>
        <extensions>
          <gpxtpx:TrackPointExtension>
            <gpxtpx:hr>114</gpxtpx:hr>
          </gpxtpx:TrackPointExtension>
        </extensions>
      </trkpt>
      <trkpt lat="30.52244314709615" lon="104.06550448708853">
        <ele>0.0</ele>
        <time>2025-03-14T08:50:07Z</time>
        <extensions>
          <gpxtpx:TrackPointExtension>
            <gpxtpx:hr>114</gpxtpx:hr>
          </gpxtpx:TrackPointExtension>
        </extensions>
      </trkpt>
      <trkpt lat="30.522458222567348" lon="104.06550945793407">
        <ele>0.0</ele>
        <time>2025-03-14T08:50:08Z</time>
        <extensions>
          <gpxtpx:TrackPointExtension>
            <gpxtpx:hr>114</gpxtpx:hr>
          </gpxtpx:TrackPointExtension>
        </extensions>
      </trkpt>
      <trkpt lat="30.522471145378685" lon="104.06551368247943">
        <ele>0.0</ele>
        <time>2025-03-14T08:50:09Z</time>
        <extensions>
          <gpxtpx:TrackPointExtension>
            <gpxtpx:hr>114</gpxtpx:hr>
          </gpxtpx:TrackPointExtension>
        </extensions>
      </trkpt>
      <trkpt lat="30.522483796415386" lon="104.06551763154849">
        <ele>0.0</ele>
        <time>2025-03-14T08:50:10Z</time>
        <extensions>
          <gpxtpx:TrackPointExtension>
            <gpxtpx:hr>114</gpxtpx:hr>
          </gpxtpx:TrackPointExtension>
        </extensions>
      </trkpt>
      <trkpt lat="30.52249595844515" lon="104.06552122157152">
        <ele>0.0</ele>
        <time>2025-03-14T08:50:11Z</time>
        <extensions>
          <gpxtpx:TrackPointExtension>
            <gpxtpx:hr>114</gpxtpx:hr>
          </gpxtpx:TrackPointExtension>
        </extensions>
      </trkpt>
      <trkpt lat="30.522510301064493" lon="104.0655251557215">
        <ele>0.0</ele>
        <time>2025-03-14T08:50:12Z</time>
        <extensions>
          <gpxtpx:TrackPointExtension>
            <gpxtpx:hr>114</gpxtpx:hr>
          </gpxtpx:TrackPointExtension>
        </extensions>
      </trkpt>
      <trkpt lat="30.522524882611165" lon="104.06552895119869">
        <ele>0.0</ele>
        <time>2025-03-14T08:50:13Z</time>
        <extensions>
          <gpxtpx:TrackPointExtension>
            <gpxtpx:hr>114</gpxtpx:hr>
          </gpxtpx:TrackPointExtension>
        </extensions>
      </trkpt>
      <trkpt lat="30.522539862823784" lon="104.06553271673165">
        <ele>0.0</ele>
        <time>2025-03-14T08:50:14Z</time>
        <extensions>
          <gpxtpx:TrackPointExtension>
            <gpxtpx:hr>114</gpxtpx:hr>
          </gpxtpx:TrackPointExtension>
        </extensions>
      </trkpt>
      <trkpt lat="30.5225548952506" lon="104.06553640532144">
        <ele>0.0</ele>
        <time>2025-03-14T08:50:15Z</time>
        <extensions>
          <gpxtpx:TrackPointExtension>
            <gpxtpx:hr>114</gpxtpx:hr>
          </gpxtpx:TrackPointExtension>
        </extensions>
      </trkpt>
      <trkpt lat="30.522569964931773" lon="104.06554002155575">
        <ele>0.0</ele>
        <time>2025-03-14T08:50:16Z</time>
        <extensions>
          <gpxtpx:TrackPointExtension>
            <gpxtpx:hr>114</gpxtpx:hr>
          </gpxtpx:TrackPointExtension>
        </extensions>
      </trkpt>
      <trkpt lat="30.522585019341548" lon="104.06554353000831">
        <ele>0.0</ele>
        <time>2025-03-14T08:50:17Z</time>
        <extensions>
          <gpxtpx:TrackPointExtension>
            <gpxtpx:hr>114</gpxtpx:hr>
          </gpxtpx:TrackPointExtension>
        </extensions>
      </trkpt>
      <trkpt lat="30.522600080111804" lon="104.06554691036783">
        <ele>0.0</ele>
        <time>2025-03-14T08:50:18Z</time>
        <extensions>
          <gpxtpx:TrackPointExtension>
            <gpxtpx:hr>112</gpxtpx:hr>
          </gpxtpx:TrackPointExtension>
        </extensions>
      </trkpt>
      <trkpt lat="30.52261516009003" lon="104.06555014955924">
        <ele>0.0</ele>
        <time>2025-03-14T08:50:19Z</time>
        <extensions>
          <gpxtpx:TrackPointExtension>
            <gpxtpx:hr>112</gpxtpx:hr>
          </gpxtpx:TrackPointExtension>
        </extensions>
      </trkpt>
      <trkpt lat="30.522630302380897" lon="104.0655532508896">
        <ele>0.0</ele>
        <time>2025-03-14T08:50:20Z</time>
        <extensions>
          <gpxtpx:TrackPointExtension>
            <gpxtpx:hr>112</gpxtpx:hr>
          </gpxtpx:TrackPointExtension>
        </extensions>
      </trkpt>
      <trkpt lat="30.522643080309827" lon="104.06555563512174">
        <ele>0.0</ele>
        <time>2025-03-14T08:50:21Z</time>
        <extensions>
          <gpxtpx:TrackPointExtension>
            <gpxtpx:hr>112</gpxtpx:hr>
          </gpxtpx:TrackPointExtension>
        </extensions>
      </trkpt>
      <trkpt lat="30.52265539612687" lon="104.06555777620201">
        <ele>0.0</ele>
        <time>2025-03-14T08:50:22Z</time>
        <extensions>
          <gpxtpx:TrackPointExtension>
            <gpxtpx:hr>112</gpxtpx:hr>
          </gpxtpx:TrackPointExtension>
        </extensions>
      </trkpt>
      <trkpt lat="30.52266704783734" lon="104.06555962229801">
        <ele>0.0</ele>
        <time>2025-03-14T08:50:23Z</time>
        <extensions>
          <gpxtpx:TrackPointExtension>
            <gpxtpx:hr>113</gpxtpx:hr>
          </gpxtpx:TrackPointExtension>
        </extensions>
      </trkpt>
      <trkpt lat="30.522680750335972" lon="104.06556182175159">
        <ele>0.0</ele>
        <time>2025-03-14T08:50:24Z</time>
        <extensions>
          <gpxtpx:TrackPointExtension>
            <gpxtpx:hr>113</gpxtpx:hr>
          </gpxtpx:TrackPointExtension>
        </extensions>
      </trkpt>
      <trkpt lat="30.52269459217005" lon="104.06556389812297">
        <ele>0.0</ele>
        <time>2025-03-14T08:50:25Z</time>
        <extensions>
          <gpxtpx:TrackPointExtension>
            <gpxtpx:hr>113</gpxtpx:hr>
          </gpxtpx:TrackPointExtension>
        </extensions>
      </trkpt>
      <trkpt lat="30.52270878906748" lon="104.06556589983441">
        <ele>0.0</ele>
        <time>2025-03-14T08:50:26Z</time>
        <extensions>
          <gpxtpx:TrackPointExtension>
            <gpxtpx:hr>113</gpxtpx:hr>
          </gpxtpx:TrackPointExtension>
        </extensions>
      </trkpt>
      <trkpt lat="30.522723052740076" lon="104.06556776601369">
        <ele>0.0</ele>
        <time>2025-03-14T08:50:27Z</time>
        <extensions>
          <gpxtpx:TrackPointExtension>
            <gpxtpx:hr>113</gpxtpx:hr>
          </gpxtpx:TrackPointExtension>
        </extensions>
      </trkpt>
      <trkpt lat="30.522737400836437" lon="104.06556953081662">
        <ele>0.0</ele>
        <time>2025-03-14T08:50:28Z</time>
        <extensions>
          <gpxtpx:TrackPointExtension>
            <gpxtpx:hr>113</gpxtpx:hr>
          </gpxtpx:TrackPointExtension>
        </extensions>
      </trkpt>
      <trkpt lat="30.52275182934402" lon="104.06557122261579">
        <ele>0.0</ele>
        <time>2025-03-14T08:50:29Z</time>
        <extensions>
          <gpxtpx:TrackPointExtension>
            <gpxtpx:hr>113</gpxtpx:hr>
          </gpxtpx:TrackPointExtension>
        </extensions>
      </trkpt>
      <trkpt lat="30.52276635951124" lon="104.0655728697156">
        <ele>0.0</ele>
        <time>2025-03-14T08:50:30Z</time>
        <extensions>
          <gpxtpx:TrackPointExtension>
            <gpxtpx:hr>113</gpxtpx:hr>
          </gpxtpx:TrackPointExtension>
        </extensions>
      </trkpt>
      <trkpt lat="30.522780983535547" lon="104.06557448202098">
        <ele>0.0</ele>
        <time>2025-03-14T08:50:31Z</time>
        <extensions>
          <gpxtpx:TrackPointExtension>
            <gpxtpx:hr>113</gpxtpx:hr>
          </gpxtpx:TrackPointExtension>
        </extensions>
      </trkpt>
      <trkpt lat="30.52279566157871" lon="104.0655760818506">
        <ele>0.0</ele>
        <time>2025-03-14T08:50:32Z</time>
        <extensions>
          <gpxtpx:TrackPointExtension>
            <gpxtpx:hr>113</gpxtpx:hr>
          </gpxtpx:TrackPointExtension>
        </extensions>
      </trkpt>
      <trkpt lat="30.522810376437032" lon="104.06557770715497">
        <ele>0.0</ele>
        <time>2025-03-14T08:50:33Z</time>
        <extensions>
          <gpxtpx:TrackPointExtension>
            <gpxtpx:hr>114</gpxtpx:hr>
          </gpxtpx:TrackPointExtension>
        </extensions>
      </trkpt>
      <trkpt lat="30.522822662092555" lon="104.06557884545354">
        <ele>0.0</ele>
        <time>2025-03-14T08:50:34Z</time>
        <extensions>
          <gpxtpx:TrackPointExtension>
            <gpxtpx:hr>114</gpxtpx:hr>
          </gpxtpx:TrackPointExtension>
        </extensions>
      </trkpt>
      <trkpt lat="30.52283435656405" lon="104.0655800184364">
        <ele>0.0</ele>
        <time>2025-03-14T08:50:35Z</time>
        <extensions>
          <gpxtpx:TrackPointExtension>
            <gpxtpx:hr>114</gpxtpx:hr>
          </gpxtpx:TrackPointExtension>
        </extensions>
      </trkpt>
      <trkpt lat="30.522845181980802" lon="104.06558122605885">
        <ele>0.0</ele>
        <time>2025-03-14T08:50:36Z</time>
        <extensions>
          <gpxtpx:TrackPointExtension>
            <gpxtpx:hr>114</gpxtpx:hr>
          </gpxtpx:TrackPointExtension>
        </extensions>
      </trkpt>
      <trkpt lat="30.5228594573917" lon="104.06558221939471">
        <ele>0.0</ele>
        <time>2025-03-14T08:50:37Z</time>
        <extensions>
          <gpxtpx:TrackPointExtension>
            <gpxtpx:hr>114</gpxtpx:hr>
          </gpxtpx:TrackPointExtension>
        </extensions>
      </trkpt>
      <trkpt lat="30.522874828453727" lon="104.06558245448277">
        <ele>0.0</ele>
        <time>2025-03-14T08:50:38Z</time>
        <extensions>
          <gpxtpx:TrackPointExtension>
            <gpxtpx:hr>114</gpxtpx:hr>
          </gpxtpx:TrackPointExtension>
        </extensions>
      </trkpt>
      <trkpt lat="30.52289168758082" lon="104.06558183269236">
        <ele>0.0</ele>
        <time>2025-03-14T08:50:39Z</time>
        <extensions>
          <gpxtpx:TrackPointExtension>
            <gpxtpx:hr>114</gpxtpx:hr>
          </gpxtpx:TrackPointExtension>
        </extensions>
      </trkpt>
      <trkpt lat="30.522907884508008" lon="104.06558102675406">
        <ele>0.0</ele>
        <time>2025-03-14T08:50:40Z</time>
        <extensions>
          <gpxtpx:TrackPointExtension>
            <gpxtpx:hr>114</gpxtpx:hr>
          </gpxtpx:TrackPointExtension>
        </extensions>
      </trkpt>
      <trkpt lat="30.52292376223411" lon="104.06557978375447">
        <ele>0.0</ele>
        <time>2025-03-14T08:50:41Z</time>
        <extensions>
          <gpxtpx:TrackPointExtension>
            <gpxtpx:hr>114</gpxtpx:hr>
          </gpxtpx:TrackPointExtension>
        </extensions>
      </trkpt>
      <trkpt lat="30.52293922084065" lon="104.06557808470299">
        <ele>0.0</ele>
        <time>2025-03-14T08:50:42Z</time>
        <extensions>
          <gpxtpx:TrackPointExtension>
            <gpxtpx:hr>114</gpxtpx:hr>
          </gpxtpx:TrackPointExtension>
        </extensions>
      </trkpt>
      <trkpt lat="30.522954693722195" lon="104.06557582643795">
        <ele>0.0</ele>
        <time>2025-03-14T08:50:43Z</time>
        <extensions>
          <gpxtpx:TrackPointExtension>
            <gpxtpx:hr>114</gpxtpx:hr>
          </gpxtpx:TrackPointExtension>
        </extensions>
      </trkpt>
      <trkpt lat="30.522970460203027" lon="104.06557305783176">
        <ele>0.0</ele>
        <time>2025-03-14T08:50:44Z</time>
        <extensions>
          <gpxtpx:TrackPointExtension>
            <gpxtpx:hr>114</gpxtpx:hr>
          </gpxtpx:TrackPointExtension>
        </extensions>
      </trkpt>
      <trkpt lat="30.522986591551525" lon="104.0655698995529">
        <ele>0.0</ele>
        <time>2025-03-14T08:50:45Z</time>
        <extensions>
          <gpxtpx:TrackPointExtension>
            <gpxtpx:hr>114</gpxtpx:hr>
          </gpxtpx:TrackPointExtension>
        </extensions>
      </trkpt>
      <trkpt lat="30.52300305220079" lon="104.06556657082888">
        <ele>0.0</ele>
        <time>2025-03-14T08:50:46Z</time>
        <extensions>
          <gpxtpx:TrackPointExtension>
            <gpxtpx:hr>114</gpxtpx:hr>
          </gpxtpx:TrackPointExtension>
        </extensions>
      </trkpt>
      <trkpt lat="30.52301993064976" lon="104.06556373258029">
        <ele>0.0</ele>
        <time>2025-03-14T08:50:47Z</time>
        <extensions>
          <gpxtpx:TrackPointExtension>
            <gpxtpx:hr>114</gpxtpx:hr>
          </gpxtpx:TrackPointExtension>
        </extensions>
      </trkpt>
      <trkpt lat="30.523036903849988" lon="104.06556149621714">
        <ele>0.0</ele>
        <time>2025-03-14T08:50:48Z</time>
        <extensions>
          <gpxtpx:TrackPointExtension>
            <gpxtpx:hr>114</gpxtpx:hr>
          </gpxtpx:TrackPointExtension>
        </extensions>
      </trkpt>
      <trkpt lat="30.523053850879755" lon="104.06555980788644">
        <ele>0.0</ele>
        <time>2025-03-14T08:50:49Z</time>
        <extensions>
          <gpxtpx:TrackPointExtension>
            <gpxtpx:hr>114</gpxtpx:hr>
          </gpxtpx:TrackPointExtension>
        </extensions>
      </trkpt>
      <trkpt lat="30.523070467693508" lon="104.065558046219">
        <ele>0.0</ele>
        <time>2025-03-14T08:50:50Z</time>
        <extensions>
          <gpxtpx:TrackPointExtension>
            <gpxtpx:hr>114</gpxtpx:hr>
          </gpxtpx:TrackPointExtension>
        </extensions>
      </trkpt>
      <trkpt lat="30.523086753859" lon="104.06555560100738">
        <ele>0.0</ele>
        <time>2025-03-14T08:50:51Z</time>
        <extensions>
          <gpxtpx:TrackPointExtension>
            <gpxtpx:hr>114</gpxtpx:hr>
          </gpxtpx:TrackPointExtension>
        </extensions>
      </trkpt>
      <trkpt lat="30.52310273678055" lon="104.06555252051905">
        <ele>0.0</ele>
        <time>2025-03-14T08:50:52Z</time>
        <extensions>
          <gpxtpx:TrackPointExtension>
            <gpxtpx:hr>114</gpxtpx:hr>
          </gpxtpx:TrackPointExtension>
        </extensions>
      </trkpt>
      <trkpt lat="30.52311859803745" lon="104.06554892431934">
        <ele>0.0</ele>
        <time>2025-03-14T08:50:53Z</time>
        <extensions>
          <gpxtpx:TrackPointExtension>
            <gpxtpx:hr>114</gpxtpx:hr>
          </gpxtpx:TrackPointExtension>
        </extensions>
      </trkpt>
      <trkpt lat="30.523134505125505" lon="104.06554533818647">
        <ele>0.0</ele>
        <time>2025-03-14T08:50:54Z</time>
        <extensions>
          <gpxtpx:TrackPointExtension>
            <gpxtpx:hr>114</gpxtpx:hr>
          </gpxtpx:TrackPointExtension>
        </extensions>
      </trkpt>
      <trkpt lat="30.52315028307408" lon="104.06554233076649">
        <ele>0.0</ele>
        <time>2025-03-14T08:50:55Z</time>
        <extensions>
          <gpxtpx:TrackPointExtension>
            <gpxtpx:hr>114</gpxtpx:hr>
          </gpxtpx:TrackPointExtension>
        </extensions>
      </trkpt>
      <trkpt lat="30.523165871514134" lon="104.06553968715983">
        <ele>0.0</ele>
        <time>2025-03-14T08:50:56Z</time>
        <extensions>
          <gpxtpx:TrackPointExtension>
            <gpxtpx:hr>114</gpxtpx:hr>
          </gpxtpx:TrackPointExtension>
        </extensions>
      </trkpt>
      <trkpt lat="30.523181264319753" lon="104.06553707509293">
        <ele>0.0</ele>
        <time>2025-03-14T08:50:57Z</time>
        <extensions>
          <gpxtpx:TrackPointExtension>
            <gpxtpx:hr>114</gpxtpx:hr>
          </gpxtpx:TrackPointExtension>
        </extensions>
      </trkpt>
      <trkpt lat="30.523196544131768" lon="104.06553388682299">
        <ele>0.0</ele>
        <time>2025-03-14T08:50:58Z</time>
        <extensions>
          <gpxtpx:TrackPointExtension>
            <gpxtpx:hr>113</gpxtpx:hr>
          </gpxtpx:TrackPointExtension>
        </extensions>
      </trkpt>
      <trkpt lat="30.523211898392592" lon="104.06553053060016">
        <ele>0.0</ele>
        <time>2025-03-14T08:50:59Z</time>
        <extensions>
          <gpxtpx:TrackPointExtension>
            <gpxtpx:hr>113</gpxtpx:hr>
          </gpxtpx:TrackPointExtension>
        </extensions>
      </trkpt>
      <trkpt lat="30.523227972970904" lon="104.06552751830908">
        <ele>0.0</ele>
        <time>2025-03-14T08:51:00Z</time>
        <extensions>
          <gpxtpx:TrackPointExtension>
            <gpxtpx:hr>113</gpxtpx:hr>
          </gpxtpx:TrackPointExtension>
        </extensions>
      </trkpt>
      <trkpt lat="30.523243928356838" lon="104.0655242655074">
        <ele>0.0</ele>
        <time>2025-03-14T08:51:01Z</time>
        <extensions>
          <gpxtpx:TrackPointExtension>
            <gpxtpx:hr>113</gpxtpx:hr>
          </gpxtpx:TrackPointExtension>
        </extensions>
      </trkpt>
      <trkpt lat="30.523259241027144" lon="104.06552233760274">
        <ele>0.0</ele>
        <time>2025-03-14T08:51:02Z</time>
        <extensions>
          <gpxtpx:TrackPointExtension>
            <gpxtpx:hr>113</gpxtpx:hr>
          </gpxtpx:TrackPointExtension>
        </extensions>
      </trkpt>
      <trkpt lat="30.523272410712583" lon="104.06552047460602">
        <ele>0.0</ele>
        <time>2025-03-14T08:51:03Z</time>
        <extensions>
          <gpxtpx:TrackPointExtension>
            <gpxtpx:hr>113</gpxtpx:hr>
          </gpxtpx:TrackPointExtension>
        </extensions>
      </trkpt>
      <trkpt lat="30.523284812172978" lon="104.06551834070675">
        <ele>0.0</ele>
        <time>2025-03-14T08:51:04Z</time>
        <extensions>
          <gpxtpx:TrackPointExtension>
            <gpxtpx:hr>113</gpxtpx:hr>
          </gpxtpx:TrackPointExtension>
        </extensions>
      </trkpt>
      <trkpt lat="30.52329752984218" lon="104.06551400334199">
        <ele>0.0</ele>
        <time>2025-03-14T08:51:05Z</time>
        <extensions>
          <gpxtpx:TrackPointExtension>
            <gpxtpx:hr>113</gpxtpx:hr>
          </gpxtpx:TrackPointExtension>
        </extensions>
      </trkpt>
      <trkpt lat="30.523311864291447" lon="104.06550842284703">
        <ele>0.0</ele>
        <time>2025-03-14T08:51:06Z</time>
        <extensions>
          <gpxtpx:TrackPointExtension>
            <gpxtpx:hr>113</gpxtpx:hr>
          </gpxtpx:TrackPointExtension>
        </extensions>
      </trkpt>
      <trkpt lat="30.52332756587873" lon="104.06550297226369">
        <ele>0.0</ele>
        <time>2025-03-14T08:51:07Z</time>
        <extensions>
          <gpxtpx:TrackPointExtension>
            <gpxtpx:hr>113</gpxtpx:hr>
          </gpxtpx:TrackPointExtension>
        </extensions>
      </trkpt>
      <trkpt lat="30.523343584764866" lon="104.06549772064629">
        <ele>0.0</ele>
        <time>2025-03-14T08:51:08Z</time>
        <extensions>
          <gpxtpx:TrackPointExtension>
            <gpxtpx:hr>113</gpxtpx:hr>
          </gpxtpx:TrackPointExtension>
        </extensions>
      </trkpt>
      <trkpt lat="30.523359514876443" lon="104.06549284684297">
        <ele>0.0</ele>
        <time>2025-03-14T08:51:09Z</time>
        <extensions>
          <gpxtpx:TrackPointExtension>
            <gpxtpx:hr>113</gpxtpx:hr>
          </gpxtpx:TrackPointExtension>
        </extensions>
      </trkpt>
      <trkpt lat="30.523375129340156" lon="104.06548771573851">
        <ele>0.0</ele>
        <time>2025-03-14T08:51:10Z</time>
        <extensions>
          <gpxtpx:TrackPointExtension>
            <gpxtpx:hr>113</gpxtpx:hr>
          </gpxtpx:TrackPointExtension>
        </extensions>
      </trkpt>
      <trkpt lat="30.523390867159183" lon="104.06548261357152">
        <ele>0.0</ele>
        <time>2025-03-14T08:51:11Z</time>
        <extensions>
          <gpxtpx:TrackPointExtension>
            <gpxtpx:hr>113</gpxtpx:hr>
          </gpxtpx:TrackPointExtension>
        </extensions>
      </trkpt>
      <trkpt lat="30.523405006341655" lon="104.0654778004468">
        <ele>0.0</ele>
        <time>2025-03-14T08:51:12Z</time>
        <extensions>
          <gpxtpx:TrackPointExtension>
            <gpxtpx:hr>113</gpxtpx:hr>
          </gpxtpx:TrackPointExtension>
        </extensions>
      </trkpt>
      <trkpt lat="30.523419019206212" lon="104.06547311578876">
        <ele>0.0</ele>
        <time>2025-03-14T08:51:13Z</time>
        <extensions>
          <gpxtpx:TrackPointExtension>
            <gpxtpx:hr>112</gpxtpx:hr>
          </gpxtpx:TrackPointExtension>
        </extensions>
      </trkpt>
      <trkpt lat="30.523432484094148" lon="104.06546829880145">
        <ele>0.0</ele>
        <time>2025-03-14T08:51:14Z</time>
        <extensions>
          <gpxtpx:TrackPointExtension>
            <gpxtpx:hr>112</gpxtpx:hr>
          </gpxtpx:TrackPointExtension>
        </extensions>
      </trkpt>
      <trkpt lat="30.523447227443945" lon="104.06546273429993">
        <ele>0.0</ele>
        <time>2025-03-14T08:51:15Z</time>
        <extensions>
          <gpxtpx:TrackPointExtension>
            <gpxtpx:hr>112</gpxtpx:hr>
          </gpxtpx:TrackPointExtension>
        </extensions>
      </trkpt>
      <trkpt lat="30.523461939735288" lon="104.06545683118492">
        <ele>0.0</ele>
        <time>2025-03-14T08:51:16Z</time>
        <extensions>
          <gpxtpx:TrackPointExtension>
            <gpxtpx:hr>112</gpxtpx:hr>
          </gpxtpx:TrackPointExtension>
        </extensions>
      </trkpt>
      <trkpt lat="30.523476710536638" lon="104.06545083093414">
        <ele>0.0</ele>
        <time>2025-03-14T08:51:17Z</time>
        <extensions>
          <gpxtpx:TrackPointExtension>
            <gpxtpx:hr>112</gpxtpx:hr>
          </gpxtpx:TrackPointExtension>
        </extensions>
      </trkpt>
      <trkpt lat="30.52349135530508" lon="104.06544505417479">
        <ele>0.0</ele>
        <time>2025-03-14T08:51:18Z</time>
        <extensions>
          <gpxtpx:TrackPointExtension>
            <gpxtpx:hr>113</gpxtpx:hr>
          </gpxtpx:TrackPointExtension>
        </extensions>
      </trkpt>
      <trkpt lat="30.52350538330035" lon="104.06543868158926">
        <ele>0.0</ele>
        <time>2025-03-14T08:51:19Z</time>
        <extensions>
          <gpxtpx:TrackPointExtension>
            <gpxtpx:hr>113</gpxtpx:hr>
          </gpxtpx:TrackPointExtension>
        </extensions>
      </trkpt>
      <trkpt lat="30.52351872890606" lon="104.0654309937118">
        <ele>0.0</ele>
        <time>2025-03-14T08:51:20Z</time>
        <extensions>
          <gpxtpx:TrackPointExtension>
            <gpxtpx:hr>113</gpxtpx:hr>
          </gpxtpx:TrackPointExtension>
        </extensions>
      </trkpt>
      <trkpt lat="30.52353124597404" lon="104.06542131624052">
        <ele>0.0</ele>
        <time>2025-03-14T08:51:21Z</time>
        <extensions>
          <gpxtpx:TrackPointExtension>
            <gpxtpx:hr>113</gpxtpx:hr>
          </gpxtpx:TrackPointExtension>
        </extensions>
      </trkpt>
      <trkpt lat="30.52354156736088" lon="104.06541176166327">
        <ele>0.0</ele>
        <time>2025-03-14T08:51:22Z</time>
        <extensions>
          <gpxtpx:TrackPointExtension>
            <gpxtpx:hr>113</gpxtpx:hr>
          </gpxtpx:TrackPointExtension>
        </extensions>
      </trkpt>
      <trkpt lat="30.523552425179783" lon="104.0654001289574">
        <ele>0.0</ele>
        <time>2025-03-14T08:51:23Z</time>
        <extensions>
          <gpxtpx:TrackPointExtension>
            <gpxtpx:hr>113</gpxtpx:hr>
          </gpxtpx:TrackPointExtension>
        </extensions>
      </trkpt>
      <trkpt lat="30.523563457624512" lon="104.0653882937102">
        <ele>0.0</ele>
        <time>2025-03-14T08:51:24Z</time>
        <extensions>
          <gpxtpx:TrackPointExtension>
            <gpxtpx:hr>113</gpxtpx:hr>
          </gpxtpx:TrackPointExtension>
        </extensions>
      </trkpt>
      <trkpt lat="30.523576389594933" lon="104.06537526472228">
        <ele>0.0</ele>
        <time>2025-03-14T08:51:25Z</time>
        <extensions>
          <gpxtpx:TrackPointExtension>
            <gpxtpx:hr>113</gpxtpx:hr>
          </gpxtpx:TrackPointExtension>
        </extensions>
      </trkpt>
      <trkpt lat="30.523588738145452" lon="104.06536413749028">
        <ele>0.0</ele>
        <time>2025-03-14T08:51:26Z</time>
        <extensions>
          <gpxtpx:TrackPointExtension>
            <gpxtpx:hr>113</gpxtpx:hr>
          </gpxtpx:TrackPointExtension>
        </extensions>
      </trkpt>
      <trkpt lat="30.52360099255065" lon="104.06535374132126">
        <ele>0.0</ele>
        <time>2025-03-14T08:51:27Z</time>
        <extensions>
          <gpxtpx:TrackPointExtension>
            <gpxtpx:hr>113</gpxtpx:hr>
          </gpxtpx:TrackPointExtension>
        </extensions>
      </trkpt>
      <trkpt lat="30.52361349569585" lon="104.06534381108887">
        <ele>0.0</ele>
        <time>2025-03-14T08:51:28Z</time>
        <extensions>
          <gpxtpx:TrackPointExtension>
            <gpxtpx:hr>113</gpxtpx:hr>
          </gpxtpx:TrackPointExtension>
        </extensions>
      </trkpt>
      <trkpt lat="30.523626455926493" lon="104.06533378396827">
        <ele>0.0</ele>
        <time>2025-03-14T08:51:29Z</time>
        <extensions>
          <gpxtpx:TrackPointExtension>
            <gpxtpx:hr>113</gpxtpx:hr>
          </gpxtpx:TrackPointExtension>
        </extensions>
      </trkpt>
      <trkpt lat="30.52363864437205" lon="104.0653249237125">
        <ele>0.0</ele>
        <time>2025-03-14T08:51:30Z</time>
        <extensions>
          <gpxtpx:TrackPointExtension>
            <gpxtpx:hr>113</gpxtpx:hr>
          </gpxtpx:TrackPointExtension>
        </extensions>
      </trkpt>
      <trkpt lat="30.523650797719515" lon="104.06531583008899">
        <ele>0.0</ele>
        <time>2025-03-14T08:51:31Z</time>
        <extensions>
          <gpxtpx:TrackPointExtension>
            <gpxtpx:hr>113</gpxtpx:hr>
          </gpxtpx:TrackPointExtension>
        </extensions>
      </trkpt>
      <trkpt lat="30.523662344046652" lon="104.06530693586191">
        <ele>0.0</ele>
        <time>2025-03-14T08:51:32Z</time>
        <extensions>
          <gpxtpx:TrackPointExtension>
            <gpxtpx:hr>113</gpxtpx:hr>
          </gpxtpx:TrackPointExtension>
        </extensions>
      </trkpt>
      <trkpt lat="30.523674557228997" lon="104.06529654712219">
        <ele>0.0</ele>
        <time>2025-03-14T08:51:33Z</time>
        <extensions>
          <gpxtpx:TrackPointExtension>
            <gpxtpx:hr>114</gpxtpx:hr>
          </gpxtpx:TrackPointExtension>
        </extensions>
      </trkpt>
      <trkpt lat="30.523686276666144" lon="104.06528596277234">
        <ele>0.0</ele>
        <time>2025-03-14T08:51:34Z</time>
        <extensions>
          <gpxtpx:TrackPointExtension>
            <gpxtpx:hr>114</gpxtpx:hr>
          </gpxtpx:TrackPointExtension>
        </extensions>
      </trkpt>
      <trkpt lat="30.523698078500924" lon="104.0652750459157">
        <ele>0.0</ele>
        <time>2025-03-14T08:51:35Z</time>
        <extensions>
          <gpxtpx:TrackPointExtension>
            <gpxtpx:hr>114</gpxtpx:hr>
          </gpxtpx:TrackPointExtension>
        </extensions>
      </trkpt>
      <trkpt lat="30.52371035233905" lon="104.06526393945354">
        <ele>0.0</ele>
        <time>2025-03-14T08:51:36Z</time>
        <extensions>
          <gpxtpx:TrackPointExtension>
            <gpxtpx:hr>114</gpxtpx:hr>
          </gpxtpx:TrackPointExtension>
        </extensions>
      </trkpt>
      <trkpt lat="30.523722646597992" lon="104.06525215024791">
        <ele>0.0</ele>
        <time>2025-03-14T08:51:37Z</time>
        <extensions>
          <gpxtpx:TrackPointExtension>
            <gpxtpx:hr>114</gpxtpx:hr>
          </gpxtpx:TrackPointExtension>
        </extensions>
      </trkpt>
      <trkpt lat="30.523733942344734" lon="104.06524002926142">
        <ele>0.0</ele>
        <time>2025-03-14T08:51:38Z</time>
        <extensions>
          <gpxtpx:TrackPointExtension>
            <gpxtpx:hr>115</gpxtpx:hr>
          </gpxtpx:TrackPointExtension>
        </extensions>
      </trkpt>
      <trkpt lat="30.52374401786842" lon="104.06522922859041">
        <ele>0.0</ele>
        <time>2025-03-14T08:51:39Z</time>
        <extensions>
          <gpxtpx:TrackPointExtension>
            <gpxtpx:hr>115</gpxtpx:hr>
          </gpxtpx:TrackPointExtension>
        </extensions>
      </trkpt>
      <trkpt lat="30.52375473748837" lon="104.06522131580421">
        <ele>0.0</ele>
        <time>2025-03-14T08:51:40Z</time>
        <extensions>
          <gpxtpx:TrackPointExtension>
            <gpxtpx:hr>115</gpxtpx:hr>
          </gpxtpx:TrackPointExtension>
        </extensions>
      </trkpt>
      <trkpt lat="30.523766097180584" lon="104.06521443749526">
        <ele>0.0</ele>
        <time>2025-03-14T08:51:41Z</time>
        <extensions>
          <gpxtpx:TrackPointExtension>
            <gpxtpx:hr>115</gpxtpx:hr>
          </gpxtpx:TrackPointExtension>
        </extensions>
      </trkpt>
      <trkpt lat="30.523779478812248" lon="104.06520778635539">
        <ele>0.0</ele>
        <time>2025-03-14T08:51:42Z</time>
        <extensions>
          <gpxtpx:TrackPointExtension>
            <gpxtpx:hr>115</gpxtpx:hr>
          </gpxtpx:TrackPointExtension>
        </extensions>
      </trkpt>
      <trkpt lat="30.523793384111286" lon="104.06519985546436">
        <ele>0.0</ele>
        <time>2025-03-14T08:51:43Z</time>
        <extensions>
          <gpxtpx:TrackPointExtension>
            <gpxtpx:hr>117</gpxtpx:hr>
          </gpxtpx:TrackPointExtension>
        </extensions>
      </trkpt>
      <trkpt lat="30.523808560169886" lon="104.06519234687062">
        <ele>0.0</ele>
        <time>2025-03-14T08:51:44Z</time>
        <extensions>
          <gpxtpx:TrackPointExtension>
            <gpxtpx:hr>117</gpxtpx:hr>
          </gpxtpx:TrackPointExtension>
        </extensions>
      </trkpt>
      <trkpt lat="30.523823432753197" lon="104.06518473195423">
        <ele>0.0</ele>
        <time>2025-03-14T08:51:45Z</time>
        <extensions>
          <gpxtpx:TrackPointExtension>
            <gpxtpx:hr>117</gpxtpx:hr>
          </gpxtpx:TrackPointExtension>
        </extensions>
      </trkpt>
      <trkpt lat="30.52383816341375" lon="104.06517800405737">
        <ele>0.0</ele>
        <time>2025-03-14T08:51:46Z</time>
        <extensions>
          <gpxtpx:TrackPointExtension>
            <gpxtpx:hr>117</gpxtpx:hr>
          </gpxtpx:TrackPointExtension>
        </extensions>
      </trkpt>
      <trkpt lat="30.523853071490606" lon="104.06517163825562">
        <ele>0.0</ele>
        <time>2025-03-14T08:51:47Z</time>
        <extensions>
          <gpxtpx:TrackPointExtension>
            <gpxtpx:hr>117</gpxtpx:hr>
          </gpxtpx:TrackPointExtension>
        </extensions>
      </trkpt>
      <trkpt lat="30.523868354270512" lon="104.06516528391455">
        <ele>0.0</ele>
        <time>2025-03-14T08:51:48Z</time>
        <extensions>
          <gpxtpx:TrackPointExtension>
            <gpxtpx:hr>116</gpxtpx:hr>
          </gpxtpx:TrackPointExtension>
        </extensions>
      </trkpt>
      <trkpt lat="30.523884161324055" lon="104.06515790690229">
        <ele>0.0</ele>
        <time>2025-03-14T08:51:49Z</time>
        <extensions>
          <gpxtpx:TrackPointExtension>
            <gpxtpx:hr>116</gpxtpx:hr>
          </gpxtpx:TrackPointExtension>
        </extensions>
      </trkpt>
      <trkpt lat="30.523900359480514" lon="104.06514988192886">
        <ele>0.0</ele>
        <time>2025-03-14T08:51:50Z</time>
        <extensions>
          <gpxtpx:TrackPointExtension>
            <gpxtpx:hr>116</gpxtpx:hr>
          </gpxtpx:TrackPointExtension>
        </extensions>
      </trkpt>
      <trkpt lat="30.52391670216447" lon="104.06514165359576">
        <ele>0.0</ele>
        <time>2025-03-14T08:51:51Z</time>
        <extensions>
          <gpxtpx:TrackPointExtension>
            <gpxtpx:hr>116</gpxtpx:hr>
          </gpxtpx:TrackPointExtension>
        </extensions>
      </trkpt>
      <trkpt lat="30.52393559500885" lon="104.06513424908978">
        <ele>0.0</ele>
        <time>2025-03-14T08:51:52Z</time>
        <extensions>
          <gpxtpx:TrackPointExtension>
            <gpxtpx:hr>116</gpxtpx:hr>
          </gpxtpx:TrackPointExtension>
        </extensions>
      </trkpt>
      <trkpt lat="30.523955158516667" lon="104.06512810288167">
        <ele>0.0</ele>
        <time>2025-03-14T08:51:53Z</time>
        <extensions>
          <gpxtpx:TrackPointExtension>
            <gpxtpx:hr>115</gpxtpx:hr>
          </gpxtpx:TrackPointExtension>
        </extensions>
      </trkpt>
      <trkpt lat="30.5239756983024" lon="104.06512335596659">
        <ele>0.0</ele>
        <time>2025-03-14T08:51:54Z</time>
        <extensions>
          <gpxtpx:TrackPointExtension>
            <gpxtpx:hr>115</gpxtpx:hr>
          </gpxtpx:TrackPointExtension>
        </extensions>
      </trkpt>
      <trkpt lat="30.52399422117771" lon="104.06511948833993">
        <ele>0.0</ele>
        <time>2025-03-14T08:51:55Z</time>
        <extensions>
          <gpxtpx:TrackPointExtension>
            <gpxtpx:hr>115</gpxtpx:hr>
          </gpxtpx:TrackPointExtension>
        </extensions>
      </trkpt>
      <trkpt lat="30.52401268709333" lon="104.06511638345309">
        <ele>0.0</ele>
        <time>2025-03-14T08:51:56Z</time>
        <extensions>
          <gpxtpx:TrackPointExtension>
            <gpxtpx:hr>115</gpxtpx:hr>
          </gpxtpx:TrackPointExtension>
        </extensions>
      </trkpt>
      <trkpt lat="30.524029841267435" lon="104.06511242884082">
        <ele>0.0</ele>
        <time>2025-03-14T08:51:57Z</time>
        <extensions>
          <gpxtpx:TrackPointExtension>
            <gpxtpx:hr>115</gpxtpx:hr>
          </gpxtpx:TrackPointExtension>
        </extensions>
      </trkpt>
      <trkpt lat="30.524044783086232" lon="104.06510888518157">
        <ele>0.0</ele>
        <time>2025-03-14T08:51:58Z</time>
        <extensions>
          <gpxtpx:TrackPointExtension>
            <gpxtpx:hr>115</gpxtpx:hr>
          </gpxtpx:TrackPointExtension>
        </extensions>
      </trkpt>
      <trkpt lat="30.52405686735442" lon="104.06510344569558">
        <ele>0.0</ele>
        <time>2025-03-14T08:51:59Z</time>
        <extensions>
          <gpxtpx:TrackPointExtension>
            <gpxtpx:hr>115</gpxtpx:hr>
          </gpxtpx:TrackPointExtension>
        </extensions>
      </trkpt>
      <trkpt lat="30.52406778084068" lon="104.06509661552296">
        <ele>0.0</ele>
        <time>2025-03-14T08:52:00Z</time>
        <extensions>
          <gpxtpx:TrackPointExtension>
            <gpxtpx:hr>115</gpxtpx:hr>
          </gpxtpx:TrackPointExtension>
        </extensions>
      </trkpt>
      <trkpt lat="30.524079232503894" lon="104.06508701570964">
        <ele>0.0</ele>
        <time>2025-03-14T08:52:01Z</time>
        <extensions>
          <gpxtpx:TrackPointExtension>
            <gpxtpx:hr>115</gpxtpx:hr>
          </gpxtpx:TrackPointExtension>
        </extensions>
      </trkpt>
      <trkpt lat="30.524091674500855" lon="104.06507648929274">
        <ele>0.0</ele>
        <time>2025-03-14T08:52:02Z</time>
        <extensions>
          <gpxtpx:TrackPointExtension>
            <gpxtpx:hr>115</gpxtpx:hr>
          </gpxtpx:TrackPointExtension>
        </extensions>
      </trkpt>
      <trkpt lat="30.524104562689583" lon="104.06506577758853">
        <ele>0.0</ele>
        <time>2025-03-14T08:52:03Z</time>
        <extensions>
          <gpxtpx:TrackPointExtension>
            <gpxtpx:hr>116</gpxtpx:hr>
          </gpxtpx:TrackPointExtension>
        </extensions>
      </trkpt>
      <trkpt lat="30.524117822103715" lon="104.0650553529969">
        <ele>0.0</ele>
        <time>2025-03-14T08:52:04Z</time>
        <extensions>
          <gpxtpx:TrackPointExtension>
            <gpxtpx:hr>116</gpxtpx:hr>
          </gpxtpx:TrackPointExtension>
        </extensions>
      </trkpt>
      <trkpt lat="30.52413117805621" lon="104.06504554387494">
        <ele>0.0</ele>
        <time>2025-03-14T08:52:05Z</time>
        <extensions>
          <gpxtpx:TrackPointExtension>
            <gpxtpx:hr>116</gpxtpx:hr>
          </gpxtpx:TrackPointExtension>
        </extensions>
      </trkpt>
      <trkpt lat="30.52414457762056" lon="104.06503622213083">
        <ele>0.0</ele>
        <time>2025-03-14T08:52:06Z</time>
        <extensions>
          <gpxtpx:TrackPointExtension>
            <gpxtpx:hr>116</gpxtpx:hr>
          </gpxtpx:TrackPointExtension>
        </extensions>
      </trkpt>
      <trkpt lat="30.524157707619782" lon="104.06502703750547">
        <ele>0.0</ele>
        <time>2025-03-14T08:52:07Z</time>
        <extensions>
          <gpxtpx:TrackPointExtension>
            <gpxtpx:hr>116</gpxtpx:hr>
          </gpxtpx:TrackPointExtension>
        </extensions>
      </trkpt>
      <trkpt lat="30.52417097195415" lon="104.06501756897505">
        <ele>0.0</ele>
        <time>2025-03-14T08:52:08Z</time>
        <extensions>
          <gpxtpx:TrackPointExtension>
            <gpxtpx:hr>115</gpxtpx:hr>
          </gpxtpx:TrackPointExtension>
        </extensions>
      </trkpt>
      <trkpt lat="30.524182964355973" lon="104.06500892004756">
        <ele>0.0</ele>
        <time>2025-03-14T08:52:09Z</time>
        <extensions>
          <gpxtpx:TrackPointExtension>
            <gpxtpx:hr>115</gpxtpx:hr>
          </gpxtpx:TrackPointExtension>
        </extensions>
      </trkpt>
      <trkpt lat="30.524194761018265" lon="104.06499972798373">
        <ele>0.0</ele>
        <time>2025-03-14T08:52:10Z</time>
        <extensions>
          <gpxtpx:TrackPointExtension>
            <gpxtpx:hr>115</gpxtpx:hr>
          </gpxtpx:TrackPointExtension>
        </extensions>
      </trkpt>
      <trkpt lat="30.524205856102302" lon="104.06498993925634">
        <ele>0.0</ele>
        <time>2025-03-14T08:52:11Z</time>
        <extensions>
          <gpxtpx:TrackPointExtension>
            <gpxtpx:hr>115</gpxtpx:hr>
          </gpxtpx:TrackPointExtension>
        </extensions>
      </trkpt>
      <trkpt lat="30.524217918113816" lon="104.06497812596902">
        <ele>0.0</ele>
        <time>2025-03-14T08:52:12Z</time>
        <extensions>
          <gpxtpx:TrackPointExtension>
            <gpxtpx:hr>115</gpxtpx:hr>
          </gpxtpx:TrackPointExtension>
        </extensions>
      </trkpt>
      <trkpt lat="30.524229774690646" lon="104.06496556698195">
        <ele>0.0</ele>
        <time>2025-03-14T08:52:13Z</time>
        <extensions>
          <gpxtpx:TrackPointExtension>
            <gpxtpx:hr>116</gpxtpx:hr>
          </gpxtpx:TrackPointExtension>
        </extensions>
      </trkpt>
      <trkpt lat="30.52424175301072" lon="104.06495232986587">
        <ele>0.0</ele>
        <time>2025-03-14T08:52:14Z</time>
        <extensions>
          <gpxtpx:TrackPointExtension>
            <gpxtpx:hr>116</gpxtpx:hr>
          </gpxtpx:TrackPointExtension>
        </extensions>
      </trkpt>
      <trkpt lat="30.524253486707938" lon="104.0649389084296">
        <ele>0.0</ele>
        <time>2025-03-14T08:52:15Z</time>
        <extensions>
          <gpxtpx:TrackPointExtension>
            <gpxtpx:hr>116</gpxtpx:hr>
          </gpxtpx:TrackPointExtension>
        </extensions>
      </trkpt>
      <trkpt lat="30.524264852059115" lon="104.06492506332366">
        <ele>0.0</ele>
        <time>2025-03-14T08:52:16Z</time>
        <extensions>
          <gpxtpx:TrackPointExtension>
            <gpxtpx:hr>116</gpxtpx:hr>
          </gpxtpx:TrackPointExtension>
        </extensions>
      </trkpt>
      <trkpt lat="30.524275730031697" lon="104.06491102356537">
        <ele>0.0</ele>
        <time>2025-03-14T08:52:17Z</time>
        <extensions>
          <gpxtpx:TrackPointExtension>
            <gpxtpx:hr>116</gpxtpx:hr>
          </gpxtpx:TrackPointExtension>
        </extensions>
      </trkpt>
      <trkpt lat="30.524286116735016" lon="104.06489666930182">
        <ele>0.0</ele>
        <time>2025-03-14T08:52:18Z</time>
        <extensions>
          <gpxtpx:TrackPointExtension>
            <gpxtpx:hr>115</gpxtpx:hr>
          </gpxtpx:TrackPointExtension>
        </extensions>
      </trkpt>
      <trkpt lat="30.524296133028678" lon="104.06488213731028">
        <ele>0.0</ele>
        <time>2025-03-14T08:52:19Z</time>
        <extensions>
          <gpxtpx:TrackPointExtension>
            <gpxtpx:hr>115</gpxtpx:hr>
          </gpxtpx:TrackPointExtension>
        </extensions>
      </trkpt>
      <trkpt lat="30.52430645292933" lon="104.0648675358459">
        <ele>0.0</ele>
        <time>2025-03-14T08:52:20Z</time>
        <extensions>
          <gpxtpx:TrackPointExtension>
            <gpxtpx:hr>115</gpxtpx:hr>
          </gpxtpx:TrackPointExtension>
        </extensions>
      </trkpt>
      <trkpt lat="30.524316049412406" lon="104.06485443259525">
        <ele>0.0</ele>
        <time>2025-03-14T08:52:21Z</time>
        <extensions>
          <gpxtpx:TrackPointExtension>
            <gpxtpx:hr>115</gpxtpx:hr>
          </gpxtpx:TrackPointExtension>
        </extensions>
      </trkpt>
      <trkpt lat="30.524326650465884" lon="104.0648428698168">
        <ele>0.0</ele>
        <time>2025-03-14T08:52:22Z</time>
        <extensions>
          <gpxtpx:TrackPointExtension>
            <gpxtpx:hr>115</gpxtpx:hr>
          </gpxtpx:TrackPointExtension>
        </extensions>
      </trkpt>
      <trkpt lat="30.5243376571006" lon="104.06483278884174">
        <ele>0.0</ele>
        <time>2025-03-14T08:52:23Z</time>
        <extensions>
          <gpxtpx:TrackPointExtension>
            <gpxtpx:hr>115</gpxtpx:hr>
          </gpxtpx:TrackPointExtension>
        </extensions>
      </trkpt>
      <trkpt lat="30.52435045339168" lon="104.06482263371664">
        <ele>0.0</ele>
        <time>2025-03-14T08:52:24Z</time>
        <extensions>
          <gpxtpx:TrackPointExtension>
            <gpxtpx:hr>115</gpxtpx:hr>
          </gpxtpx:TrackPointExtension>
        </extensions>
      </trkpt>
      <trkpt lat="30.524363388579825" lon="104.06481247889312">
        <ele>0.0</ele>
        <time>2025-03-14T08:52:25Z</time>
        <extensions>
          <gpxtpx:TrackPointExtension>
            <gpxtpx:hr>115</gpxtpx:hr>
          </gpxtpx:TrackPointExtension>
        </extensions>
      </trkpt>
      <trkpt lat="30.524376393118157" lon="104.06480199259272">
        <ele>0.0</ele>
        <time>2025-03-14T08:52:26Z</time>
        <extensions>
          <gpxtpx:TrackPointExtension>
            <gpxtpx:hr>115</gpxtpx:hr>
          </gpxtpx:TrackPointExtension>
        </extensions>
      </trkpt>
      <trkpt lat="30.52438934938712" lon="104.06479122884018">
        <ele>0.0</ele>
        <time>2025-03-14T08:52:27Z</time>
        <extensions>
          <gpxtpx:TrackPointExtension>
            <gpxtpx:hr>115</gpxtpx:hr>
          </gpxtpx:TrackPointExtension>
        </extensions>
      </trkpt>
      <trkpt lat="30.524402806606766" lon="104.06478077206728">
        <ele>0.0</ele>
        <time>2025-03-14T08:52:28Z</time>
        <extensions>
          <gpxtpx:TrackPointExtension>
            <gpxtpx:hr>115</gpxtpx:hr>
          </gpxtpx:TrackPointExtension>
        </extensions>
      </trkpt>
      <trkpt lat="30.52441673423698" lon="104.06477018999627">
        <ele>0.0</ele>
        <time>2025-03-14T08:52:29Z</time>
        <extensions>
          <gpxtpx:TrackPointExtension>
            <gpxtpx:hr>115</gpxtpx:hr>
          </gpxtpx:TrackPointExtension>
        </extensions>
      </trkpt>
      <trkpt lat="30.524430660112877" lon="104.0647589251553">
        <ele>0.0</ele>
        <time>2025-03-14T08:52:30Z</time>
        <extensions>
          <gpxtpx:TrackPointExtension>
            <gpxtpx:hr>115</gpxtpx:hr>
          </gpxtpx:TrackPointExtension>
        </extensions>
      </trkpt>
      <trkpt lat="30.524443155517442" lon="104.0647481196312">
        <ele>0.0</ele>
        <time>2025-03-14T08:52:31Z</time>
        <extensions>
          <gpxtpx:TrackPointExtension>
            <gpxtpx:hr>115</gpxtpx:hr>
          </gpxtpx:TrackPointExtension>
        </extensions>
      </trkpt>
      <trkpt lat="30.52445499025644" lon="104.06473691557245">
        <ele>0.0</ele>
        <time>2025-03-14T08:52:32Z</time>
        <extensions>
          <gpxtpx:TrackPointExtension>
            <gpxtpx:hr>115</gpxtpx:hr>
          </gpxtpx:TrackPointExtension>
        </extensions>
      </trkpt>
      <trkpt lat="30.524466438766986" lon="104.0647263737033">
        <ele>0.0</ele>
        <time>2025-03-14T08:52:33Z</time>
        <extensions>
          <gpxtpx:TrackPointExtension>
            <gpxtpx:hr>114</gpxtpx:hr>
          </gpxtpx:TrackPointExtension>
        </extensions>
      </trkpt>
      <trkpt lat="30.524478471330422" lon="104.06471480219271">
        <ele>0.0</ele>
        <time>2025-03-14T08:52:34Z</time>
        <extensions>
          <gpxtpx:TrackPointExtension>
            <gpxtpx:hr>114</gpxtpx:hr>
          </gpxtpx:TrackPointExtension>
        </extensions>
      </trkpt>
      <trkpt lat="30.524490465973724" lon="104.06470390841929">
        <ele>0.0</ele>
        <time>2025-03-14T08:52:35Z</time>
        <extensions>
          <gpxtpx:TrackPointExtension>
            <gpxtpx:hr>114</gpxtpx:hr>
          </gpxtpx:TrackPointExtension>
        </extensions>
      </trkpt>
      <trkpt lat="30.52450232874185" lon="104.0646938381217">
        <ele>0.0</ele>
        <time>2025-03-14T08:52:36Z</time>
        <extensions>
          <gpxtpx:TrackPointExtension>
            <gpxtpx:hr>114</gpxtpx:hr>
          </gpxtpx:TrackPointExtension>
        </extensions>
      </trkpt>
      <trkpt lat="30.524514094050325" lon="104.06468472759221">
        <ele>0.0</ele>
        <time>2025-03-14T08:52:37Z</time>
        <extensions>
          <gpxtpx:TrackPointExtension>
            <gpxtpx:hr>114</gpxtpx:hr>
          </gpxtpx:TrackPointExtension>
        </extensions>
      </trkpt>
      <trkpt lat="30.524525797800763" lon="104.06467645856308">
        <ele>0.0</ele>
        <time>2025-03-14T08:52:38Z</time>
        <extensions>
          <gpxtpx:TrackPointExtension>
            <gpxtpx:hr>114</gpxtpx:hr>
          </gpxtpx:TrackPointExtension>
        </extensions>
      </trkpt>
      <trkpt lat="30.524537721708313" lon="104.06466855350779">
        <ele>0.0</ele>
        <time>2025-03-14T08:52:39Z</time>
        <extensions>
          <gpxtpx:TrackPointExtension>
            <gpxtpx:hr>114</gpxtpx:hr>
          </gpxtpx:TrackPointExtension>
        </extensions>
      </trkpt>
      <trkpt lat="30.524549696506764" lon="104.0646607016724">
        <ele>0.0</ele>
        <time>2025-03-14T08:52:40Z</time>
        <extensions>
          <gpxtpx:TrackPointExtension>
            <gpxtpx:hr>114</gpxtpx:hr>
          </gpxtpx:TrackPointExtension>
        </extensions>
      </trkpt>
      <trkpt lat="30.524562220471744" lon="104.06465260557562">
        <ele>0.0</ele>
        <time>2025-03-14T08:52:41Z</time>
        <extensions>
          <gpxtpx:TrackPointExtension>
            <gpxtpx:hr>114</gpxtpx:hr>
          </gpxtpx:TrackPointExtension>
        </extensions>
      </trkpt>
      <trkpt lat="30.52457359388446" lon="104.06464498302306">
        <ele>0.0</ele>
        <time>2025-03-14T08:52:42Z</time>
        <extensions>
          <gpxtpx:TrackPointExtension>
            <gpxtpx:hr>114</gpxtpx:hr>
          </gpxtpx:TrackPointExtension>
        </extensions>
      </trkpt>
      <trkpt lat="30.524585430324223" lon="104.06463715259794">
        <ele>0.0</ele>
        <time>2025-03-14T08:52:43Z</time>
        <extensions>
          <gpxtpx:TrackPointExtension>
            <gpxtpx:hr>114</gpxtpx:hr>
          </gpxtpx:TrackPointExtension>
        </extensions>
      </trkpt>
      <trkpt lat="30.524596993576925" lon="104.06462937449861">
        <ele>0.0</ele>
        <time>2025-03-14T08:52:44Z</time>
        <extensions>
          <gpxtpx:TrackPointExtension>
            <gpxtpx:hr>114</gpxtpx:hr>
          </gpxtpx:TrackPointExtension>
        </extensions>
      </trkpt>
      <trkpt lat="30.524609581148056" lon="104.06462025589568">
        <ele>0.0</ele>
        <time>2025-03-14T08:52:45Z</time>
        <extensions>
          <gpxtpx:TrackPointExtension>
            <gpxtpx:hr>114</gpxtpx:hr>
          </gpxtpx:TrackPointExtension>
        </extensions>
      </trkpt>
      <trkpt lat="30.524621777528655" lon="104.06461072356674">
        <ele>0.0</ele>
        <time>2025-03-14T08:52:46Z</time>
        <extensions>
          <gpxtpx:TrackPointExtension>
            <gpxtpx:hr>114</gpxtpx:hr>
          </gpxtpx:TrackPointExtension>
        </extensions>
      </trkpt>
      <trkpt lat="30.52463390355054" lon="104.06460078088054">
        <ele>0.0</ele>
        <time>2025-03-14T08:52:47Z</time>
        <extensions>
          <gpxtpx:TrackPointExtension>
            <gpxtpx:hr>114</gpxtpx:hr>
          </gpxtpx:TrackPointExtension>
        </extensions>
      </trkpt>
      <trkpt lat="30.524646501977436" lon="104.06459125608689">
        <ele>0.0</ele>
        <time>2025-03-14T08:52:48Z</time>
        <extensions>
          <gpxtpx:TrackPointExtension>
            <gpxtpx:hr>114</gpxtpx:hr>
          </gpxtpx:TrackPointExtension>
        </extensions>
      </trkpt>
      <trkpt lat="30.524659645911825" lon="104.06458177155008">
        <ele>0.0</ele>
        <time>2025-03-14T08:52:49Z</time>
        <extensions>
          <gpxtpx:TrackPointExtension>
            <gpxtpx:hr>114</gpxtpx:hr>
          </gpxtpx:TrackPointExtension>
        </extensions>
      </trkpt>
      <trkpt lat="30.524671793798102" lon="104.06457306699215">
        <ele>0.0</ele>
        <time>2025-03-14T08:52:50Z</time>
        <extensions>
          <gpxtpx:TrackPointExtension>
            <gpxtpx:hr>114</gpxtpx:hr>
          </gpxtpx:TrackPointExtension>
        </extensions>
      </trkpt>
      <trkpt lat="30.524684248839407" lon="104.06456392053194">
        <ele>0.0</ele>
        <time>2025-03-14T08:52:51Z</time>
        <extensions>
          <gpxtpx:TrackPointExtension>
            <gpxtpx:hr>114</gpxtpx:hr>
          </gpxtpx:TrackPointExtension>
        </extensions>
      </trkpt>
      <trkpt lat="30.52469657307754" lon="104.06455476032409">
        <ele>0.0</ele>
        <time>2025-03-14T08:52:52Z</time>
        <extensions>
          <gpxtpx:TrackPointExtension>
            <gpxtpx:hr>114</gpxtpx:hr>
          </gpxtpx:TrackPointExtension>
        </extensions>
      </trkpt>
      <trkpt lat="30.524710133775773" lon="104.06454470714621">
        <ele>0.0</ele>
        <time>2025-03-14T08:52:53Z</time>
        <extensions>
          <gpxtpx:TrackPointExtension>
            <gpxtpx:hr>114</gpxtpx:hr>
          </gpxtpx:TrackPointExtension>
        </extensions>
      </trkpt>
      <trkpt lat="30.524723187888267" lon="104.06453470073413">
        <ele>0.0</ele>
        <time>2025-03-14T08:52:54Z</time>
        <extensions>
          <gpxtpx:TrackPointExtension>
            <gpxtpx:hr>114</gpxtpx:hr>
          </gpxtpx:TrackPointExtension>
        </extensions>
      </trkpt>
      <trkpt lat="30.524735890027358" lon="104.06452465926306">
        <ele>0.0</ele>
        <time>2025-03-14T08:52:55Z</time>
        <extensions>
          <gpxtpx:TrackPointExtension>
            <gpxtpx:hr>114</gpxtpx:hr>
          </gpxtpx:TrackPointExtension>
        </extensions>
      </trkpt>
      <trkpt lat="30.524748289928485" lon="104.06451471845376">
        <ele>0.0</ele>
        <time>2025-03-14T08:52:56Z</time>
        <extensions>
          <gpxtpx:TrackPointExtension>
            <gpxtpx:hr>114</gpxtpx:hr>
          </gpxtpx:TrackPointExtension>
        </extensions>
      </trkpt>
      <trkpt lat="30.52476067017649" lon="104.06450493897204">
        <ele>0.0</ele>
        <time>2025-03-14T08:52:57Z</time>
        <extensions>
          <gpxtpx:TrackPointExtension>
            <gpxtpx:hr>114</gpxtpx:hr>
          </gpxtpx:TrackPointExtension>
        </extensions>
      </trkpt>
      <trkpt lat="30.524773080358486" lon="104.06449518818462">
        <ele>0.0</ele>
        <time>2025-03-14T08:52:58Z</time>
        <extensions>
          <gpxtpx:TrackPointExtension>
            <gpxtpx:hr>114</gpxtpx:hr>
          </gpxtpx:TrackPointExtension>
        </extensions>
      </trkpt>
      <trkpt lat="30.524785671769788" lon="104.06448524107428">
        <ele>0.0</ele>
        <time>2025-03-14T08:52:59Z</time>
        <extensions>
          <gpxtpx:TrackPointExtension>
            <gpxtpx:hr>114</gpxtpx:hr>
          </gpxtpx:TrackPointExtension>
        </extensions>
      </trkpt>
      <trkpt lat="30.524796854331846" lon="104.06447619924573">
        <ele>0.0</ele>
        <time>2025-03-14T08:53:00Z</time>
        <extensions>
          <gpxtpx:TrackPointExtension>
            <gpxtpx:hr>114</gpxtpx:hr>
          </gpxtpx:TrackPointExtension>
        </extensions>
      </trkpt>
      <trkpt lat="30.52480765846961" lon="104.06446677257779">
        <ele>0.0</ele>
        <time>2025-03-14T08:53:01Z</time>
        <extensions>
          <gpxtpx:TrackPointExtension>
            <gpxtpx:hr>114</gpxtpx:hr>
          </gpxtpx:TrackPointExtension>
        </extensions>
      </trkpt>
      <trkpt lat="30.524818001660833" lon="104.06445730935825">
        <ele>0.0</ele>
        <time>2025-03-14T08:53:02Z</time>
        <extensions>
          <gpxtpx:TrackPointExtension>
            <gpxtpx:hr>114</gpxtpx:hr>
          </gpxtpx:TrackPointExtension>
        </extensions>
      </trkpt>
      <trkpt lat="30.524830171696024" lon="104.0644465346575">
        <ele>0.0</ele>
        <time>2025-03-14T08:53:03Z</time>
        <extensions>
          <gpxtpx:TrackPointExtension>
            <gpxtpx:hr>114</gpxtpx:hr>
          </gpxtpx:TrackPointExtension>
        </extensions>
      </trkpt>
      <trkpt lat="30.52484284439786" lon="104.06443508878891">
        <ele>0.0</ele>
        <time>2025-03-14T08:53:04Z</time>
        <extensions>
          <gpxtpx:TrackPointExtension>
            <gpxtpx:hr>114</gpxtpx:hr>
          </gpxtpx:TrackPointExtension>
        </extensions>
      </trkpt>
      <trkpt lat="30.52485535818868" lon="104.06442240139052">
        <ele>0.0</ele>
        <time>2025-03-14T08:53:05Z</time>
        <extensions>
          <gpxtpx:TrackPointExtension>
            <gpxtpx:hr>114</gpxtpx:hr>
          </gpxtpx:TrackPointExtension>
        </extensions>
      </trkpt>
      <trkpt lat="30.524866302882327" lon="104.0644095340359">
        <ele>0.0</ele>
        <time>2025-03-14T08:53:06Z</time>
        <extensions>
          <gpxtpx:TrackPointExtension>
            <gpxtpx:hr>114</gpxtpx:hr>
          </gpxtpx:TrackPointExtension>
        </extensions>
      </trkpt>
      <trkpt lat="30.524876282530318" lon="104.0643981417861">
        <ele>0.0</ele>
        <time>2025-03-14T08:53:07Z</time>
        <extensions>
          <gpxtpx:TrackPointExtension>
            <gpxtpx:hr>114</gpxtpx:hr>
          </gpxtpx:TrackPointExtension>
        </extensions>
      </trkpt>
      <trkpt lat="30.52488708656955" lon="104.06438922954696">
        <ele>0.0</ele>
        <time>2025-03-14T08:53:08Z</time>
        <extensions>
          <gpxtpx:TrackPointExtension>
            <gpxtpx:hr>114</gpxtpx:hr>
          </gpxtpx:TrackPointExtension>
        </extensions>
      </trkpt>
      <trkpt lat="30.52490065019259" lon="104.06438118375756">
        <ele>0.0</ele>
        <time>2025-03-14T08:53:09Z</time>
        <extensions>
          <gpxtpx:TrackPointExtension>
            <gpxtpx:hr>114</gpxtpx:hr>
          </gpxtpx:TrackPointExtension>
        </extensions>
      </trkpt>
      <trkpt lat="30.524918124888288" lon="104.06437191860829">
        <ele>0.0</ele>
        <time>2025-03-14T08:53:10Z</time>
        <extensions>
          <gpxtpx:TrackPointExtension>
            <gpxtpx:hr>114</gpxtpx:hr>
          </gpxtpx:TrackPointExtension>
        </extensions>
      </trkpt>
      <trkpt lat="30.524934047890056" lon="104.0643633431943">
        <ele>0.0</ele>
        <time>2025-03-14T08:53:11Z</time>
        <extensions>
          <gpxtpx:TrackPointExtension>
            <gpxtpx:hr>114</gpxtpx:hr>
          </gpxtpx:TrackPointExtension>
        </extensions>
      </trkpt>
      <trkpt lat="30.52494855167652" lon="104.06435454010766">
        <ele>0.0</ele>
        <time>2025-03-14T08:53:12Z</time>
        <extensions>
          <gpxtpx:TrackPointExtension>
            <gpxtpx:hr>114</gpxtpx:hr>
          </gpxtpx:TrackPointExtension>
        </extensions>
      </trkpt>
      <trkpt lat="30.524959651909384" lon="104.06434687806897">
        <ele>0.0</ele>
        <time>2025-03-14T08:53:13Z</time>
        <extensions>
          <gpxtpx:TrackPointExtension>
            <gpxtpx:hr>115</gpxtpx:hr>
          </gpxtpx:TrackPointExtension>
        </extensions>
      </trkpt>
      <trkpt lat="30.524971859510373" lon="104.06433753454476">
        <ele>0.0</ele>
        <time>2025-03-14T08:53:14Z</time>
        <extensions>
          <gpxtpx:TrackPointExtension>
            <gpxtpx:hr>115</gpxtpx:hr>
          </gpxtpx:TrackPointExtension>
        </extensions>
      </trkpt>
      <trkpt lat="30.524983687783124" lon="104.06432798303254">
        <ele>0.0</ele>
        <time>2025-03-14T08:53:15Z</time>
        <extensions>
          <gpxtpx:TrackPointExtension>
            <gpxtpx:hr>115</gpxtpx:hr>
          </gpxtpx:TrackPointExtension>
        </extensions>
      </trkpt>
      <trkpt lat="30.524995749147248" lon="104.064317912611">
        <ele>0.0</ele>
        <time>2025-03-14T08:53:16Z</time>
        <extensions>
          <gpxtpx:TrackPointExtension>
            <gpxtpx:hr>115</gpxtpx:hr>
          </gpxtpx:TrackPointExtension>
        </extensions>
      </trkpt>
      <trkpt lat="30.52500800677745" lon="104.06430741230955">
        <ele>0.0</ele>
        <time>2025-03-14T08:53:17Z</time>
        <extensions>
          <gpxtpx:TrackPointExtension>
            <gpxtpx:hr>115</gpxtpx:hr>
          </gpxtpx:TrackPointExtension>
        </extensions>
      </trkpt>
      <trkpt lat="30.525020441502715" lon="104.06429653737806">
        <ele>0.0</ele>
        <time>2025-03-14T08:53:18Z</time>
        <extensions>
          <gpxtpx:TrackPointExtension>
            <gpxtpx:hr>115</gpxtpx:hr>
          </gpxtpx:TrackPointExtension>
        </extensions>
      </trkpt>
      <trkpt lat="30.525033070563968" lon="104.06428532896511">
        <ele>0.0</ele>
        <time>2025-03-14T08:53:19Z</time>
        <extensions>
          <gpxtpx:TrackPointExtension>
            <gpxtpx:hr>115</gpxtpx:hr>
          </gpxtpx:TrackPointExtension>
        </extensions>
      </trkpt>
      <trkpt lat="30.525045910840685" lon="104.06427382646248">
        <ele>0.0</ele>
        <time>2025-03-14T08:53:20Z</time>
        <extensions>
          <gpxtpx:TrackPointExtension>
            <gpxtpx:hr>115</gpxtpx:hr>
          </gpxtpx:TrackPointExtension>
        </extensions>
      </trkpt>
      <trkpt lat="30.5250588518366" lon="104.06426223744049">
        <ele>0.0</ele>
        <time>2025-03-14T08:53:21Z</time>
        <extensions>
          <gpxtpx:TrackPointExtension>
            <gpxtpx:hr>115</gpxtpx:hr>
          </gpxtpx:TrackPointExtension>
        </extensions>
      </trkpt>
      <trkpt lat="30.525070030090603" lon="104.06425233371709">
        <ele>0.0</ele>
        <time>2025-03-14T08:53:22Z</time>
        <extensions>
          <gpxtpx:TrackPointExtension>
            <gpxtpx:hr>115</gpxtpx:hr>
          </gpxtpx:TrackPointExtension>
        </extensions>
      </trkpt>
      <trkpt lat="30.52508080534772" lon="104.0642429384193">
        <ele>0.0</ele>
        <time>2025-03-14T08:53:23Z</time>
        <extensions>
          <gpxtpx:TrackPointExtension>
            <gpxtpx:hr>112</gpxtpx:hr>
          </gpxtpx:TrackPointExtension>
        </extensions>
      </trkpt>
      <trkpt lat="30.525091274192075" lon="104.06423395779525">
        <ele>0.0</ele>
        <time>2025-03-14T08:53:24Z</time>
        <extensions>
          <gpxtpx:TrackPointExtension>
            <gpxtpx:hr>112</gpxtpx:hr>
          </gpxtpx:TrackPointExtension>
        </extensions>
      </trkpt>
      <trkpt lat="30.52510365988361" lon="104.0642233608265">
        <ele>0.0</ele>
        <time>2025-03-14T08:53:25Z</time>
        <extensions>
          <gpxtpx:TrackPointExtension>
            <gpxtpx:hr>112</gpxtpx:hr>
          </gpxtpx:TrackPointExtension>
        </extensions>
      </trkpt>
      <trkpt lat="30.525116205878483" lon="104.06421272108399">
        <ele>0.0</ele>
        <time>2025-03-14T08:53:26Z</time>
        <extensions>
          <gpxtpx:TrackPointExtension>
            <gpxtpx:hr>112</gpxtpx:hr>
          </gpxtpx:TrackPointExtension>
        </extensions>
      </trkpt>
      <trkpt lat="30.52512914507765" lon="104.06420176503126">
        <ele>0.0</ele>
        <time>2025-03-14T08:53:27Z</time>
        <extensions>
          <gpxtpx:TrackPointExtension>
            <gpxtpx:hr>112</gpxtpx:hr>
          </gpxtpx:TrackPointExtension>
        </extensions>
      </trkpt>
      <trkpt lat="30.525142012687937" lon="104.06419084608603">
        <ele>0.0</ele>
        <time>2025-03-14T08:53:28Z</time>
        <extensions>
          <gpxtpx:TrackPointExtension>
            <gpxtpx:hr>111</gpxtpx:hr>
          </gpxtpx:TrackPointExtension>
        </extensions>
      </trkpt>
      <trkpt lat="30.52515505003462" lon="104.06417972558427">
        <ele>0.0</ele>
        <time>2025-03-14T08:53:29Z</time>
        <extensions>
          <gpxtpx:TrackPointExtension>
            <gpxtpx:hr>111</gpxtpx:hr>
          </gpxtpx:TrackPointExtension>
        </extensions>
      </trkpt>
      <trkpt lat="30.525168115071658" lon="104.06416858475936">
        <ele>0.0</ele>
        <time>2025-03-14T08:53:30Z</time>
        <extensions>
          <gpxtpx:TrackPointExtension>
            <gpxtpx:hr>111</gpxtpx:hr>
          </gpxtpx:TrackPointExtension>
        </extensions>
      </trkpt>
      <trkpt lat="30.525181271923493" lon="104.0641574087019">
        <ele>0.0</ele>
        <time>2025-03-14T08:53:31Z</time>
        <extensions>
          <gpxtpx:TrackPointExtension>
            <gpxtpx:hr>111</gpxtpx:hr>
          </gpxtpx:TrackPointExtension>
        </extensions>
      </trkpt>
      <trkpt lat="30.525194517776907" lon="104.06414619425708">
        <ele>0.0</ele>
        <time>2025-03-14T08:53:32Z</time>
        <extensions>
          <gpxtpx:TrackPointExtension>
            <gpxtpx:hr>111</gpxtpx:hr>
          </gpxtpx:TrackPointExtension>
        </extensions>
      </trkpt>
      <trkpt lat="30.525207847690304" lon="104.06413488335036">
        <ele>0.0</ele>
        <time>2025-03-14T08:53:33Z</time>
        <extensions>
          <gpxtpx:TrackPointExtension>
            <gpxtpx:hr>111</gpxtpx:hr>
          </gpxtpx:TrackPointExtension>
        </extensions>
      </trkpt>
      <trkpt lat="30.525221245266465" lon="104.06412342187727">
        <ele>0.0</ele>
        <time>2025-03-14T08:53:34Z</time>
        <extensions>
          <gpxtpx:TrackPointExtension>
            <gpxtpx:hr>111</gpxtpx:hr>
          </gpxtpx:TrackPointExtension>
        </extensions>
      </trkpt>
      <trkpt lat="30.525232724160837" lon="104.06411357169141">
        <ele>0.0</ele>
        <time>2025-03-14T08:53:35Z</time>
        <extensions>
          <gpxtpx:TrackPointExtension>
            <gpxtpx:hr>111</gpxtpx:hr>
          </gpxtpx:TrackPointExtension>
        </extensions>
      </trkpt>
      <trkpt lat="30.525243777106994" lon="104.06410394393161">
        <ele>0.0</ele>
        <time>2025-03-14T08:53:36Z</time>
        <extensions>
          <gpxtpx:TrackPointExtension>
            <gpxtpx:hr>111</gpxtpx:hr>
          </gpxtpx:TrackPointExtension>
        </extensions>
      </trkpt>
      <trkpt lat="30.52525424230988" lon="104.06409469484554">
        <ele>0.0</ele>
        <time>2025-03-14T08:53:37Z</time>
        <extensions>
          <gpxtpx:TrackPointExtension>
            <gpxtpx:hr>111</gpxtpx:hr>
          </gpxtpx:TrackPointExtension>
        </extensions>
      </trkpt>
      <trkpt lat="30.525266303814874" lon="104.06408384467423">
        <ele>0.0</ele>
        <time>2025-03-14T08:53:38Z</time>
        <extensions>
          <gpxtpx:TrackPointExtension>
            <gpxtpx:hr>113</gpxtpx:hr>
          </gpxtpx:TrackPointExtension>
        </extensions>
      </trkpt>
      <trkpt lat="30.525278434403404" lon="104.0640728071999">
        <ele>0.0</ele>
        <time>2025-03-14T08:53:39Z</time>
        <extensions>
          <gpxtpx:TrackPointExtension>
            <gpxtpx:hr>113</gpxtpx:hr>
          </gpxtpx:TrackPointExtension>
        </extensions>
      </trkpt>
      <trkpt lat="30.525290796899533" lon="104.06406145174539">
        <ele>0.0</ele>
        <time>2025-03-14T08:53:40Z</time>
        <extensions>
          <gpxtpx:TrackPointExtension>
            <gpxtpx:hr>113</gpxtpx:hr>
          </gpxtpx:TrackPointExtension>
        </extensions>
      </trkpt>
      <trkpt lat="30.525303144080702" lon="104.06405000289497">
        <ele>0.0</ele>
        <time>2025-03-14T08:53:41Z</time>
        <extensions>
          <gpxtpx:TrackPointExtension>
            <gpxtpx:hr>113</gpxtpx:hr>
          </gpxtpx:TrackPointExtension>
        </extensions>
      </trkpt>
      <trkpt lat="30.525315481808992" lon="104.06403846454309">
        <ele>0.0</ele>
        <time>2025-03-14T08:53:42Z</time>
        <extensions>
          <gpxtpx:TrackPointExtension>
            <gpxtpx:hr>113</gpxtpx:hr>
          </gpxtpx:TrackPointExtension>
        </extensions>
      </trkpt>
      <trkpt lat="30.52532778186093" lon="104.0640268671986">
        <ele>0.0</ele>
        <time>2025-03-14T08:53:43Z</time>
        <extensions>
          <gpxtpx:TrackPointExtension>
            <gpxtpx:hr>113</gpxtpx:hr>
          </gpxtpx:TrackPointExtension>
        </extensions>
      </trkpt>
      <trkpt lat="30.525340197936313" lon="104.06401505405353">
        <ele>0.0</ele>
        <time>2025-03-14T08:53:44Z</time>
        <extensions>
          <gpxtpx:TrackPointExtension>
            <gpxtpx:hr>113</gpxtpx:hr>
          </gpxtpx:TrackPointExtension>
        </extensions>
      </trkpt>
      <trkpt lat="30.52535263843178" lon="104.06400308783653">
        <ele>0.0</ele>
        <time>2025-03-14T08:53:45Z</time>
        <extensions>
          <gpxtpx:TrackPointExtension>
            <gpxtpx:hr>113</gpxtpx:hr>
          </gpxtpx:TrackPointExtension>
        </extensions>
      </trkpt>
      <trkpt lat="30.525365140514573" lon="104.06399090215677">
        <ele>0.0</ele>
        <time>2025-03-14T08:53:46Z</time>
        <extensions>
          <gpxtpx:TrackPointExtension>
            <gpxtpx:hr>113</gpxtpx:hr>
          </gpxtpx:TrackPointExtension>
        </extensions>
      </trkpt>
      <trkpt lat="30.525377579837205" lon="104.06397862190003">
        <ele>0.0</ele>
        <time>2025-03-14T08:53:47Z</time>
        <extensions>
          <gpxtpx:TrackPointExtension>
            <gpxtpx:hr>113</gpxtpx:hr>
          </gpxtpx:TrackPointExtension>
        </extensions>
      </trkpt>
      <trkpt lat="30.525388143955873" lon="104.06396795524249">
        <ele>0.0</ele>
        <time>2025-03-14T08:53:48Z</time>
        <extensions>
          <gpxtpx:TrackPointExtension>
            <gpxtpx:hr>113</gpxtpx:hr>
          </gpxtpx:TrackPointExtension>
        </extensions>
      </trkpt>
      <trkpt lat="30.525398332399497" lon="104.06395753021486">
        <ele>0.0</ele>
        <time>2025-03-14T08:53:49Z</time>
        <extensions>
          <gpxtpx:TrackPointExtension>
            <gpxtpx:hr>113</gpxtpx:hr>
          </gpxtpx:TrackPointExtension>
        </extensions>
      </trkpt>
      <trkpt lat="30.52540802877461" lon="104.06394747205576">
        <ele>0.0</ele>
        <time>2025-03-14T08:53:50Z</time>
        <extensions>
          <gpxtpx:TrackPointExtension>
            <gpxtpx:hr>113</gpxtpx:hr>
          </gpxtpx:TrackPointExtension>
        </extensions>
      </trkpt>
      <trkpt lat="30.525419412122595" lon="104.06393577309647">
        <ele>0.0</ele>
        <time>2025-03-14T08:53:51Z</time>
        <extensions>
          <gpxtpx:TrackPointExtension>
            <gpxtpx:hr>113</gpxtpx:hr>
          </gpxtpx:TrackPointExtension>
        </extensions>
      </trkpt>
      <trkpt lat="30.52543095744676" lon="104.06392389352432">
        <ele>0.0</ele>
        <time>2025-03-14T08:53:52Z</time>
        <extensions>
          <gpxtpx:TrackPointExtension>
            <gpxtpx:hr>113</gpxtpx:hr>
          </gpxtpx:TrackPointExtension>
        </extensions>
      </trkpt>
      <trkpt lat="30.52544279534612" lon="104.0639117649599">
        <ele>0.0</ele>
        <time>2025-03-14T08:53:53Z</time>
        <extensions>
          <gpxtpx:TrackPointExtension>
            <gpxtpx:hr>112</gpxtpx:hr>
          </gpxtpx:TrackPointExtension>
        </extensions>
      </trkpt>
      <trkpt lat="30.525454642525027" lon="104.06389967881576">
        <ele>0.0</ele>
        <time>2025-03-14T08:53:54Z</time>
        <extensions>
          <gpxtpx:TrackPointExtension>
            <gpxtpx:hr>112</gpxtpx:hr>
          </gpxtpx:TrackPointExtension>
        </extensions>
      </trkpt>
      <trkpt lat="30.52546647635423" lon="104.06388766554288">
        <ele>0.0</ele>
        <time>2025-03-14T08:53:55Z</time>
        <extensions>
          <gpxtpx:TrackPointExtension>
            <gpxtpx:hr>112</gpxtpx:hr>
          </gpxtpx:TrackPointExtension>
        </extensions>
      </trkpt>
      <trkpt lat="30.525478241601824" lon="104.06387574716199">
        <ele>0.0</ele>
        <time>2025-03-14T08:53:56Z</time>
        <extensions>
          <gpxtpx:TrackPointExtension>
            <gpxtpx:hr>112</gpxtpx:hr>
          </gpxtpx:TrackPointExtension>
        </extensions>
      </trkpt>
      <trkpt lat="30.525490047945357" lon="104.06386378116939">
        <ele>0.0</ele>
        <time>2025-03-14T08:53:57Z</time>
        <extensions>
          <gpxtpx:TrackPointExtension>
            <gpxtpx:hr>112</gpxtpx:hr>
          </gpxtpx:TrackPointExtension>
        </extensions>
      </trkpt>
      <trkpt lat="30.525501631558782" lon="104.06385201458383">
        <ele>0.0</ele>
        <time>2025-03-14T08:53:58Z</time>
        <extensions>
          <gpxtpx:TrackPointExtension>
            <gpxtpx:hr>112</gpxtpx:hr>
          </gpxtpx:TrackPointExtension>
        </extensions>
      </trkpt>
      <trkpt lat="30.525511156785303" lon="104.0638422117334">
        <ele>0.0</ele>
        <time>2025-03-14T08:53:59Z</time>
        <extensions>
          <gpxtpx:TrackPointExtension>
            <gpxtpx:hr>112</gpxtpx:hr>
          </gpxtpx:TrackPointExtension>
        </extensions>
      </trkpt>
      <trkpt lat="30.525519959036195" lon="104.063833197738">
        <ele>0.0</ele>
        <time>2025-03-14T08:54:00Z</time>
        <extensions>
          <gpxtpx:TrackPointExtension>
            <gpxtpx:hr>112</gpxtpx:hr>
          </gpxtpx:TrackPointExtension>
        </extensions>
      </trkpt>
      <trkpt lat="30.52552814715716" lon="104.06382489223941">
        <ele>0.0</ele>
        <time>2025-03-14T08:54:01Z</time>
        <extensions>
          <gpxtpx:TrackPointExtension>
            <gpxtpx:hr>112</gpxtpx:hr>
          </gpxtpx:TrackPointExtension>
        </extensions>
      </trkpt>
      <trkpt lat="30.52553862823361" lon="104.06381404894366">
        <ele>0.0</ele>
        <time>2025-03-14T08:54:02Z</time>
        <extensions>
          <gpxtpx:TrackPointExtension>
            <gpxtpx:hr>112</gpxtpx:hr>
          </gpxtpx:TrackPointExtension>
        </extensions>
      </trkpt>
      <trkpt lat="30.525549357562284" lon="104.06380215013517">
        <ele>0.0</ele>
        <time>2025-03-14T08:54:03Z</time>
        <extensions>
          <gpxtpx:TrackPointExtension>
            <gpxtpx:hr>113</gpxtpx:hr>
          </gpxtpx:TrackPointExtension>
        </extensions>
      </trkpt>
      <trkpt lat="30.52556044942431" lon="104.06378905565079">
        <ele>0.0</ele>
        <time>2025-03-14T08:54:04Z</time>
        <extensions>
          <gpxtpx:TrackPointExtension>
            <gpxtpx:hr>113</gpxtpx:hr>
          </gpxtpx:TrackPointExtension>
        </extensions>
      </trkpt>
      <trkpt lat="30.525570826668925" lon="104.06377657622618">
        <ele>0.0</ele>
        <time>2025-03-14T08:54:05Z</time>
        <extensions>
          <gpxtpx:TrackPointExtension>
            <gpxtpx:hr>113</gpxtpx:hr>
          </gpxtpx:TrackPointExtension>
        </extensions>
      </trkpt>
      <trkpt lat="30.525581164981382" lon="104.06376524421047">
        <ele>0.0</ele>
        <time>2025-03-14T08:54:06Z</time>
        <extensions>
          <gpxtpx:TrackPointExtension>
            <gpxtpx:hr>113</gpxtpx:hr>
          </gpxtpx:TrackPointExtension>
        </extensions>
      </trkpt>
      <trkpt lat="30.525591395696097" lon="104.06375463345194">
        <ele>0.0</ele>
        <time>2025-03-14T08:54:07Z</time>
        <extensions>
          <gpxtpx:TrackPointExtension>
            <gpxtpx:hr>113</gpxtpx:hr>
          </gpxtpx:TrackPointExtension>
        </extensions>
      </trkpt>
      <trkpt lat="30.525601111709612" lon="104.06374406400595">
        <ele>0.0</ele>
        <time>2025-03-14T08:54:08Z</time>
        <extensions>
          <gpxtpx:TrackPointExtension>
            <gpxtpx:hr>112</gpxtpx:hr>
          </gpxtpx:TrackPointExtension>
        </extensions>
      </trkpt>
      <trkpt lat="30.525609736974463" lon="104.06373220506046">
        <ele>0.0</ele>
        <time>2025-03-14T08:54:09Z</time>
        <extensions>
          <gpxtpx:TrackPointExtension>
            <gpxtpx:hr>112</gpxtpx:hr>
          </gpxtpx:TrackPointExtension>
        </extensions>
      </trkpt>
      <trkpt lat="30.525616646972857" lon="104.06372147290536">
        <ele>0.0</ele>
        <time>2025-03-14T08:54:10Z</time>
        <extensions>
          <gpxtpx:TrackPointExtension>
            <gpxtpx:hr>112</gpxtpx:hr>
          </gpxtpx:TrackPointExtension>
        </extensions>
      </trkpt>
      <trkpt lat="30.52562302894515" lon="104.06371050050522">
        <ele>0.0</ele>
        <time>2025-03-14T08:54:11Z</time>
        <extensions>
          <gpxtpx:TrackPointExtension>
            <gpxtpx:hr>112</gpxtpx:hr>
          </gpxtpx:TrackPointExtension>
        </extensions>
      </trkpt>
      <trkpt lat="30.525629679116268" lon="104.06370021219446">
        <ele>0.0</ele>
        <time>2025-03-14T08:54:12Z</time>
        <extensions>
          <gpxtpx:TrackPointExtension>
            <gpxtpx:hr>112</gpxtpx:hr>
          </gpxtpx:TrackPointExtension>
        </extensions>
      </trkpt>
      <trkpt lat="30.52563728479697" lon="104.06368822755435">
        <ele>0.0</ele>
        <time>2025-03-14T08:54:13Z</time>
        <extensions>
          <gpxtpx:TrackPointExtension>
            <gpxtpx:hr>112</gpxtpx:hr>
          </gpxtpx:TrackPointExtension>
        </extensions>
      </trkpt>
      <trkpt lat="30.525643745699217" lon="104.06367804451651">
        <ele>0.0</ele>
        <time>2025-03-14T08:54:14Z</time>
        <extensions>
          <gpxtpx:TrackPointExtension>
            <gpxtpx:hr>112</gpxtpx:hr>
          </gpxtpx:TrackPointExtension>
        </extensions>
      </trkpt>
      <trkpt lat="30.525650812046436" lon="104.0636647562729">
        <ele>0.0</ele>
        <time>2025-03-14T08:54:15Z</time>
        <extensions>
          <gpxtpx:TrackPointExtension>
            <gpxtpx:hr>112</gpxtpx:hr>
          </gpxtpx:TrackPointExtension>
        </extensions>
      </trkpt>
      <trkpt lat="30.52565654561895" lon="104.0636533439892">
        <ele>0.0</ele>
        <time>2025-03-14T08:54:16Z</time>
        <extensions>
          <gpxtpx:TrackPointExtension>
            <gpxtpx:hr>112</gpxtpx:hr>
          </gpxtpx:TrackPointExtension>
        </extensions>
      </trkpt>
      <trkpt lat="30.52566377823542" lon="104.0636398281065">
        <ele>0.0</ele>
        <time>2025-03-14T08:54:17Z</time>
        <extensions>
          <gpxtpx:TrackPointExtension>
            <gpxtpx:hr>112</gpxtpx:hr>
          </gpxtpx:TrackPointExtension>
        </extensions>
      </trkpt>
      <trkpt lat="30.525670795390454" lon="104.06363012181113">
        <ele>0.0</ele>
        <time>2025-03-14T08:54:18Z</time>
        <extensions>
          <gpxtpx:TrackPointExtension>
            <gpxtpx:hr>112</gpxtpx:hr>
          </gpxtpx:TrackPointExtension>
        </extensions>
      </trkpt>
      <trkpt lat="30.52567992233699" lon="104.06361905999587">
        <ele>0.0</ele>
        <time>2025-03-14T08:54:19Z</time>
        <extensions>
          <gpxtpx:TrackPointExtension>
            <gpxtpx:hr>112</gpxtpx:hr>
          </gpxtpx:TrackPointExtension>
        </extensions>
      </trkpt>
      <trkpt lat="30.525689852875175" lon="104.0636086869772">
        <ele>0.0</ele>
        <time>2025-03-14T08:54:20Z</time>
        <extensions>
          <gpxtpx:TrackPointExtension>
            <gpxtpx:hr>112</gpxtpx:hr>
          </gpxtpx:TrackPointExtension>
        </extensions>
      </trkpt>
      <trkpt lat="30.525700180694887" lon="104.06359729305517">
        <ele>0.0</ele>
        <time>2025-03-14T08:54:21Z</time>
        <extensions>
          <gpxtpx:TrackPointExtension>
            <gpxtpx:hr>112</gpxtpx:hr>
          </gpxtpx:TrackPointExtension>
        </extensions>
      </trkpt>
      <trkpt lat="30.52571070879155" lon="104.06358482514086">
        <ele>0.0</ele>
        <time>2025-03-14T08:54:22Z</time>
        <extensions>
          <gpxtpx:TrackPointExtension>
            <gpxtpx:hr>112</gpxtpx:hr>
          </gpxtpx:TrackPointExtension>
        </extensions>
      </trkpt>
      <trkpt lat="30.52572051495218" lon="104.06357299483959">
        <ele>0.0</ele>
        <time>2025-03-14T08:54:23Z</time>
        <extensions>
          <gpxtpx:TrackPointExtension>
            <gpxtpx:hr>112</gpxtpx:hr>
          </gpxtpx:TrackPointExtension>
        </extensions>
      </trkpt>
      <trkpt lat="30.525731022324056" lon="104.06356090533633">
        <ele>0.0</ele>
        <time>2025-03-14T08:54:24Z</time>
        <extensions>
          <gpxtpx:TrackPointExtension>
            <gpxtpx:hr>112</gpxtpx:hr>
          </gpxtpx:TrackPointExtension>
        </extensions>
      </trkpt>
      <trkpt lat="30.525742277510385" lon="104.06354995282373">
        <ele>0.0</ele>
        <time>2025-03-14T08:54:25Z</time>
        <extensions>
          <gpxtpx:TrackPointExtension>
            <gpxtpx:hr>112</gpxtpx:hr>
          </gpxtpx:TrackPointExtension>
        </extensions>
      </trkpt>
      <trkpt lat="30.525754516252224" lon="104.06353811108248">
        <ele>0.0</ele>
        <time>2025-03-14T08:54:26Z</time>
        <extensions>
          <gpxtpx:TrackPointExtension>
            <gpxtpx:hr>112</gpxtpx:hr>
          </gpxtpx:TrackPointExtension>
        </extensions>
      </trkpt>
      <trkpt lat="30.525766322663358" lon="104.06352660331976">
        <ele>0.0</ele>
        <time>2025-03-14T08:54:27Z</time>
        <extensions>
          <gpxtpx:TrackPointExtension>
            <gpxtpx:hr>112</gpxtpx:hr>
          </gpxtpx:TrackPointExtension>
        </extensions>
      </trkpt>
      <trkpt lat="30.525777211368524" lon="104.06351409435126">
        <ele>0.0</ele>
        <time>2025-03-14T08:54:28Z</time>
        <extensions>
          <gpxtpx:TrackPointExtension>
            <gpxtpx:hr>112</gpxtpx:hr>
          </gpxtpx:TrackPointExtension>
        </extensions>
      </trkpt>
      <trkpt lat="30.525787637018908" lon="104.0635011199197">
        <ele>0.0</ele>
        <time>2025-03-14T08:54:29Z</time>
        <extensions>
          <gpxtpx:TrackPointExtension>
            <gpxtpx:hr>112</gpxtpx:hr>
          </gpxtpx:TrackPointExtension>
        </extensions>
      </trkpt>
      <trkpt lat="30.525797466321343" lon="104.06348775084062">
        <ele>0.0</ele>
        <time>2025-03-14T08:54:30Z</time>
        <extensions>
          <gpxtpx:TrackPointExtension>
            <gpxtpx:hr>112</gpxtpx:hr>
          </gpxtpx:TrackPointExtension>
        </extensions>
      </trkpt>
      <trkpt lat="30.525807200129485" lon="104.06347462238321">
        <ele>0.0</ele>
        <time>2025-03-14T08:54:31Z</time>
        <extensions>
          <gpxtpx:TrackPointExtension>
            <gpxtpx:hr>112</gpxtpx:hr>
          </gpxtpx:TrackPointExtension>
        </extensions>
      </trkpt>
      <trkpt lat="30.525817361576358" lon="104.0634615273622">
        <ele>0.0</ele>
        <time>2025-03-14T08:54:32Z</time>
        <extensions>
          <gpxtpx:TrackPointExtension>
            <gpxtpx:hr>112</gpxtpx:hr>
          </gpxtpx:TrackPointExtension>
        </extensions>
      </trkpt>
      <trkpt lat="30.525827360938017" lon="104.06345019587904">
        <ele>0.0</ele>
        <time>2025-03-14T08:54:33Z</time>
        <extensions>
          <gpxtpx:TrackPointExtension>
            <gpxtpx:hr>112</gpxtpx:hr>
          </gpxtpx:TrackPointExtension>
        </extensions>
      </trkpt>
      <trkpt lat="30.52583706536979" lon="104.06343843718444">
        <ele>0.0</ele>
        <time>2025-03-14T08:54:34Z</time>
        <extensions>
          <gpxtpx:TrackPointExtension>
            <gpxtpx:hr>112</gpxtpx:hr>
          </gpxtpx:TrackPointExtension>
        </extensions>
      </trkpt>
      <trkpt lat="30.525845903820592" lon="104.0634266217112">
        <ele>0.0</ele>
        <time>2025-03-14T08:54:35Z</time>
        <extensions>
          <gpxtpx:TrackPointExtension>
            <gpxtpx:hr>112</gpxtpx:hr>
          </gpxtpx:TrackPointExtension>
        </extensions>
      </trkpt>
      <trkpt lat="30.525854670084332" lon="104.06341272872345">
        <ele>0.0</ele>
        <time>2025-03-14T08:54:36Z</time>
        <extensions>
          <gpxtpx:TrackPointExtension>
            <gpxtpx:hr>112</gpxtpx:hr>
          </gpxtpx:TrackPointExtension>
        </extensions>
      </trkpt>
      <trkpt lat="30.525863311329353" lon="104.0633991835291">
        <ele>0.0</ele>
        <time>2025-03-14T08:54:37Z</time>
        <extensions>
          <gpxtpx:TrackPointExtension>
            <gpxtpx:hr>112</gpxtpx:hr>
          </gpxtpx:TrackPointExtension>
        </extensions>
      </trkpt>
      <trkpt lat="30.525871901016068" lon="104.06338562041296">
        <ele>0.0</ele>
        <time>2025-03-14T08:54:38Z</time>
        <extensions>
          <gpxtpx:TrackPointExtension>
            <gpxtpx:hr>112</gpxtpx:hr>
          </gpxtpx:TrackPointExtension>
        </extensions>
      </trkpt>
      <trkpt lat="30.52588053714096" lon="104.06337242674975">
        <ele>0.0</ele>
        <time>2025-03-14T08:54:39Z</time>
        <extensions>
          <gpxtpx:TrackPointExtension>
            <gpxtpx:hr>112</gpxtpx:hr>
          </gpxtpx:TrackPointExtension>
        </extensions>
      </trkpt>
      <trkpt lat="30.525889294263578" lon="104.06335907628136">
        <ele>0.0</ele>
        <time>2025-03-14T08:54:40Z</time>
        <extensions>
          <gpxtpx:TrackPointExtension>
            <gpxtpx:hr>112</gpxtpx:hr>
          </gpxtpx:TrackPointExtension>
        </extensions>
      </trkpt>
      <trkpt lat="30.525898072358075" lon="104.06334525720247">
        <ele>0.0</ele>
        <time>2025-03-14T08:54:41Z</time>
        <extensions>
          <gpxtpx:TrackPointExtension>
            <gpxtpx:hr>112</gpxtpx:hr>
          </gpxtpx:TrackPointExtension>
        </extensions>
      </trkpt>
      <trkpt lat="30.525906493834285" lon="104.06333063043414">
        <ele>0.0</ele>
        <time>2025-03-14T08:54:42Z</time>
        <extensions>
          <gpxtpx:TrackPointExtension>
            <gpxtpx:hr>112</gpxtpx:hr>
          </gpxtpx:TrackPointExtension>
        </extensions>
      </trkpt>
      <trkpt lat="30.52591428127256" lon="104.06331728445258">
        <ele>0.0</ele>
        <time>2025-03-14T08:54:43Z</time>
        <extensions>
          <gpxtpx:TrackPointExtension>
            <gpxtpx:hr>112</gpxtpx:hr>
          </gpxtpx:TrackPointExtension>
        </extensions>
      </trkpt>
      <trkpt lat="30.525921837950204" lon="104.06330383712553">
        <ele>0.0</ele>
        <time>2025-03-14T08:54:44Z</time>
        <extensions>
          <gpxtpx:TrackPointExtension>
            <gpxtpx:hr>112</gpxtpx:hr>
          </gpxtpx:TrackPointExtension>
        </extensions>
      </trkpt>
      <trkpt lat="30.525929407965542" lon="104.06329081588379">
        <ele>0.0</ele>
        <time>2025-03-14T08:54:45Z</time>
        <extensions>
          <gpxtpx:TrackPointExtension>
            <gpxtpx:hr>112</gpxtpx:hr>
          </gpxtpx:TrackPointExtension>
        </extensions>
      </trkpt>
      <trkpt lat="30.525937386144104" lon="104.06327613321776">
        <ele>0.0</ele>
        <time>2025-03-14T08:54:46Z</time>
        <extensions>
          <gpxtpx:TrackPointExtension>
            <gpxtpx:hr>112</gpxtpx:hr>
          </gpxtpx:TrackPointExtension>
        </extensions>
      </trkpt>
      <trkpt lat="30.52594563133748" lon="104.06326159661953">
        <ele>0.0</ele>
        <time>2025-03-14T08:54:47Z</time>
        <extensions>
          <gpxtpx:TrackPointExtension>
            <gpxtpx:hr>112</gpxtpx:hr>
          </gpxtpx:TrackPointExtension>
        </extensions>
      </trkpt>
      <trkpt lat="30.525954466771495" lon="104.06324737473255">
        <ele>0.0</ele>
        <time>2025-03-14T08:54:48Z</time>
        <extensions>
          <gpxtpx:TrackPointExtension>
            <gpxtpx:hr>112</gpxtpx:hr>
          </gpxtpx:TrackPointExtension>
        </extensions>
      </trkpt>
      <trkpt lat="30.525963494420047" lon="104.06323338353326">
        <ele>0.0</ele>
        <time>2025-03-14T08:54:49Z</time>
        <extensions>
          <gpxtpx:TrackPointExtension>
            <gpxtpx:hr>112</gpxtpx:hr>
          </gpxtpx:TrackPointExtension>
        </extensions>
      </trkpt>
      <trkpt lat="30.52597250826077" lon="104.06321969224216">
        <ele>0.0</ele>
        <time>2025-03-14T08:54:50Z</time>
        <extensions>
          <gpxtpx:TrackPointExtension>
            <gpxtpx:hr>112</gpxtpx:hr>
          </gpxtpx:TrackPointExtension>
        </extensions>
      </trkpt>
      <trkpt lat="30.525981524799274" lon="104.06320589590203">
        <ele>0.0</ele>
        <time>2025-03-14T08:54:51Z</time>
        <extensions>
          <gpxtpx:TrackPointExtension>
            <gpxtpx:hr>112</gpxtpx:hr>
          </gpxtpx:TrackPointExtension>
        </extensions>
      </trkpt>
      <trkpt lat="30.525990969032524" lon="104.06319168787039">
        <ele>0.0</ele>
        <time>2025-03-14T08:54:52Z</time>
        <extensions>
          <gpxtpx:TrackPointExtension>
            <gpxtpx:hr>112</gpxtpx:hr>
          </gpxtpx:TrackPointExtension>
        </extensions>
      </trkpt>
      <trkpt lat="30.525999826112503" lon="104.0631787985694">
        <ele>0.0</ele>
        <time>2025-03-14T08:54:53Z</time>
        <extensions>
          <gpxtpx:TrackPointExtension>
            <gpxtpx:hr>112</gpxtpx:hr>
          </gpxtpx:TrackPointExtension>
        </extensions>
      </trkpt>
      <trkpt lat="30.52600800036015" lon="104.06316555318021">
        <ele>0.0</ele>
        <time>2025-03-14T08:54:54Z</time>
        <extensions>
          <gpxtpx:TrackPointExtension>
            <gpxtpx:hr>112</gpxtpx:hr>
          </gpxtpx:TrackPointExtension>
        </extensions>
      </trkpt>
      <trkpt lat="30.526015335979775" lon="104.06315301235072">
        <ele>0.0</ele>
        <time>2025-03-14T08:54:55Z</time>
        <extensions>
          <gpxtpx:TrackPointExtension>
            <gpxtpx:hr>112</gpxtpx:hr>
          </gpxtpx:TrackPointExtension>
        </extensions>
      </trkpt>
      <trkpt lat="30.526022969676582" lon="104.06313914300819">
        <ele>0.0</ele>
        <time>2025-03-14T08:54:56Z</time>
        <extensions>
          <gpxtpx:TrackPointExtension>
            <gpxtpx:hr>112</gpxtpx:hr>
          </gpxtpx:TrackPointExtension>
        </extensions>
      </trkpt>
      <trkpt lat="30.526030492734492" lon="104.06312548191474">
        <ele>0.0</ele>
        <time>2025-03-14T08:54:57Z</time>
        <extensions>
          <gpxtpx:TrackPointExtension>
            <gpxtpx:hr>112</gpxtpx:hr>
          </gpxtpx:TrackPointExtension>
        </extensions>
      </trkpt>
      <trkpt lat="30.526038292149526" lon="104.06311139674203">
        <ele>0.0</ele>
        <time>2025-03-14T08:54:58Z</time>
        <extensions>
          <gpxtpx:TrackPointExtension>
            <gpxtpx:hr>111</gpxtpx:hr>
          </gpxtpx:TrackPointExtension>
        </extensions>
      </trkpt>
      <trkpt lat="30.526046567778387" lon="104.06309711160708">
        <ele>0.0</ele>
        <time>2025-03-14T08:54:59Z</time>
        <extensions>
          <gpxtpx:TrackPointExtension>
            <gpxtpx:hr>111</gpxtpx:hr>
          </gpxtpx:TrackPointExtension>
        </extensions>
      </trkpt>
      <trkpt lat="30.526055800446244" lon="104.0630825184384">
        <ele>0.0</ele>
        <time>2025-03-14T08:55:00Z</time>
        <extensions>
          <gpxtpx:TrackPointExtension>
            <gpxtpx:hr>111</gpxtpx:hr>
          </gpxtpx:TrackPointExtension>
        </extensions>
      </trkpt>
      <trkpt lat="30.526065877262766" lon="104.06306760361717">
        <ele>0.0</ele>
        <time>2025-03-14T08:55:01Z</time>
        <extensions>
          <gpxtpx:TrackPointExtension>
            <gpxtpx:hr>111</gpxtpx:hr>
          </gpxtpx:TrackPointExtension>
        </extensions>
      </trkpt>
      <trkpt lat="30.526074867636076" lon="104.06305336090645">
        <ele>0.0</ele>
        <time>2025-03-14T08:55:02Z</time>
        <extensions>
          <gpxtpx:TrackPointExtension>
            <gpxtpx:hr>111</gpxtpx:hr>
          </gpxtpx:TrackPointExtension>
        </extensions>
      </trkpt>
      <trkpt lat="30.526083875638395" lon="104.06303974296937">
        <ele>0.0</ele>
        <time>2025-03-14T08:55:03Z</time>
        <extensions>
          <gpxtpx:TrackPointExtension>
            <gpxtpx:hr>111</gpxtpx:hr>
          </gpxtpx:TrackPointExtension>
        </extensions>
      </trkpt>
      <trkpt lat="30.526092556258646" lon="104.06302714023131">
        <ele>0.0</ele>
        <time>2025-03-14T08:55:04Z</time>
        <extensions>
          <gpxtpx:TrackPointExtension>
            <gpxtpx:hr>111</gpxtpx:hr>
          </gpxtpx:TrackPointExtension>
        </extensions>
      </trkpt>
      <trkpt lat="30.526102656808707" lon="104.06301421284098">
        <ele>0.0</ele>
        <time>2025-03-14T08:55:05Z</time>
        <extensions>
          <gpxtpx:TrackPointExtension>
            <gpxtpx:hr>111</gpxtpx:hr>
          </gpxtpx:TrackPointExtension>
        </extensions>
      </trkpt>
      <trkpt lat="30.526112828410337" lon="104.06300107445578">
        <ele>0.0</ele>
        <time>2025-03-14T08:55:06Z</time>
        <extensions>
          <gpxtpx:TrackPointExtension>
            <gpxtpx:hr>111</gpxtpx:hr>
          </gpxtpx:TrackPointExtension>
        </extensions>
      </trkpt>
      <trkpt lat="30.52612270416451" lon="104.06298699616652">
        <ele>0.0</ele>
        <time>2025-03-14T08:55:07Z</time>
        <extensions>
          <gpxtpx:TrackPointExtension>
            <gpxtpx:hr>111</gpxtpx:hr>
          </gpxtpx:TrackPointExtension>
        </extensions>
      </trkpt>
      <trkpt lat="30.52613168000769" lon="104.06297207805949">
        <ele>0.0</ele>
        <time>2025-03-14T08:55:08Z</time>
        <extensions>
          <gpxtpx:TrackPointExtension>
            <gpxtpx:hr>110</gpxtpx:hr>
          </gpxtpx:TrackPointExtension>
        </extensions>
      </trkpt>
      <trkpt lat="30.526140175115597" lon="104.06295666075367">
        <ele>0.0</ele>
        <time>2025-03-14T08:55:09Z</time>
        <extensions>
          <gpxtpx:TrackPointExtension>
            <gpxtpx:hr>110</gpxtpx:hr>
          </gpxtpx:TrackPointExtension>
        </extensions>
      </trkpt>
      <trkpt lat="30.526148787264297" lon="104.06294142120022">
        <ele>0.0</ele>
        <time>2025-03-14T08:55:10Z</time>
        <extensions>
          <gpxtpx:TrackPointExtension>
            <gpxtpx:hr>110</gpxtpx:hr>
          </gpxtpx:TrackPointExtension>
        </extensions>
      </trkpt>
      <trkpt lat="30.526158386652074" lon="104.06292698921958">
        <ele>0.0</ele>
        <time>2025-03-14T08:55:11Z</time>
        <extensions>
          <gpxtpx:TrackPointExtension>
            <gpxtpx:hr>110</gpxtpx:hr>
          </gpxtpx:TrackPointExtension>
        </extensions>
      </trkpt>
      <trkpt lat="30.5261684808394" lon="104.06291257225912">
        <ele>0.0</ele>
        <time>2025-03-14T08:55:12Z</time>
        <extensions>
          <gpxtpx:TrackPointExtension>
            <gpxtpx:hr>110</gpxtpx:hr>
          </gpxtpx:TrackPointExtension>
        </extensions>
      </trkpt>
      <trkpt lat="30.526177931502332" lon="104.06289957971664">
        <ele>0.0</ele>
        <time>2025-03-14T08:55:13Z</time>
        <extensions>
          <gpxtpx:TrackPointExtension>
            <gpxtpx:hr>111</gpxtpx:hr>
          </gpxtpx:TrackPointExtension>
        </extensions>
      </trkpt>
      <trkpt lat="30.526186576466163" lon="104.06288566176488">
        <ele>0.0</ele>
        <time>2025-03-14T08:55:14Z</time>
        <extensions>
          <gpxtpx:TrackPointExtension>
            <gpxtpx:hr>111</gpxtpx:hr>
          </gpxtpx:TrackPointExtension>
        </extensions>
      </trkpt>
      <trkpt lat="30.52619400765909" lon="104.06287160365447">
        <ele>0.0</ele>
        <time>2025-03-14T08:55:15Z</time>
        <extensions>
          <gpxtpx:TrackPointExtension>
            <gpxtpx:hr>111</gpxtpx:hr>
          </gpxtpx:TrackPointExtension>
        </extensions>
      </trkpt>
      <trkpt lat="30.52620132615689" lon="104.06285554810655">
        <ele>0.0</ele>
        <time>2025-03-14T08:55:16Z</time>
        <extensions>
          <gpxtpx:TrackPointExtension>
            <gpxtpx:hr>111</gpxtpx:hr>
          </gpxtpx:TrackPointExtension>
        </extensions>
      </trkpt>
      <trkpt lat="30.52620856681893" lon="104.0628394435136">
        <ele>0.0</ele>
        <time>2025-03-14T08:55:17Z</time>
        <extensions>
          <gpxtpx:TrackPointExtension>
            <gpxtpx:hr>111</gpxtpx:hr>
          </gpxtpx:TrackPointExtension>
        </extensions>
      </trkpt>
      <trkpt lat="30.526216489679243" lon="104.06282326292042">
        <ele>0.0</ele>
        <time>2025-03-14T08:55:18Z</time>
        <extensions>
          <gpxtpx:TrackPointExtension>
            <gpxtpx:hr>111</gpxtpx:hr>
          </gpxtpx:TrackPointExtension>
        </extensions>
      </trkpt>
      <trkpt lat="30.526224518439406" lon="104.06280611758417">
        <ele>0.0</ele>
        <time>2025-03-14T08:55:19Z</time>
        <extensions>
          <gpxtpx:TrackPointExtension>
            <gpxtpx:hr>111</gpxtpx:hr>
          </gpxtpx:TrackPointExtension>
        </extensions>
      </trkpt>
      <trkpt lat="30.526232483941843" lon="104.0627857637494">
        <ele>0.0</ele>
        <time>2025-03-14T08:55:20Z</time>
        <extensions>
          <gpxtpx:TrackPointExtension>
            <gpxtpx:hr>111</gpxtpx:hr>
          </gpxtpx:TrackPointExtension>
        </extensions>
      </trkpt>
      <trkpt lat="30.526239960112385" lon="104.06276478275285">
        <ele>0.0</ele>
        <time>2025-03-14T08:55:21Z</time>
        <extensions>
          <gpxtpx:TrackPointExtension>
            <gpxtpx:hr>111</gpxtpx:hr>
          </gpxtpx:TrackPointExtension>
        </extensions>
      </trkpt>
      <trkpt lat="30.526247397084358" lon="104.06274429202863">
        <ele>0.0</ele>
        <time>2025-03-14T08:55:22Z</time>
        <extensions>
          <gpxtpx:TrackPointExtension>
            <gpxtpx:hr>111</gpxtpx:hr>
          </gpxtpx:TrackPointExtension>
        </extensions>
      </trkpt>
      <trkpt lat="30.526254804648996" lon="104.06272702909324">
        <ele>0.0</ele>
        <time>2025-03-14T08:55:23Z</time>
        <extensions>
          <gpxtpx:TrackPointExtension>
            <gpxtpx:hr>111</gpxtpx:hr>
          </gpxtpx:TrackPointExtension>
        </extensions>
      </trkpt>
      <trkpt lat="30.5262610277696" lon="104.06271268636189">
        <ele>0.0</ele>
        <time>2025-03-14T08:55:24Z</time>
        <extensions>
          <gpxtpx:TrackPointExtension>
            <gpxtpx:hr>111</gpxtpx:hr>
          </gpxtpx:TrackPointExtension>
        </extensions>
      </trkpt>
      <trkpt lat="30.526267079596042" lon="104.06269942910902">
        <ele>0.0</ele>
        <time>2025-03-14T08:55:25Z</time>
        <extensions>
          <gpxtpx:TrackPointExtension>
            <gpxtpx:hr>111</gpxtpx:hr>
          </gpxtpx:TrackPointExtension>
        </extensions>
      </trkpt>
      <trkpt lat="30.52627286477459" lon="104.06268694868503">
        <ele>0.0</ele>
        <time>2025-03-14T08:55:26Z</time>
        <extensions>
          <gpxtpx:TrackPointExtension>
            <gpxtpx:hr>111</gpxtpx:hr>
          </gpxtpx:TrackPointExtension>
        </extensions>
      </trkpt>
      <trkpt lat="30.526279879181807" lon="104.06267245375639">
        <ele>0.0</ele>
        <time>2025-03-14T08:55:27Z</time>
        <extensions>
          <gpxtpx:TrackPointExtension>
            <gpxtpx:hr>111</gpxtpx:hr>
          </gpxtpx:TrackPointExtension>
        </extensions>
      </trkpt>
      <trkpt lat="30.526287122327627" lon="104.06265778811009">
        <ele>0.0</ele>
        <time>2025-03-14T08:55:28Z</time>
        <extensions>
          <gpxtpx:TrackPointExtension>
            <gpxtpx:hr>111</gpxtpx:hr>
          </gpxtpx:TrackPointExtension>
        </extensions>
      </trkpt>
      <trkpt lat="30.526294760519516" lon="104.06264276556514">
        <ele>0.0</ele>
        <time>2025-03-14T08:55:29Z</time>
        <extensions>
          <gpxtpx:TrackPointExtension>
            <gpxtpx:hr>111</gpxtpx:hr>
          </gpxtpx:TrackPointExtension>
        </extensions>
      </trkpt>
      <trkpt lat="30.52630269958431" lon="104.06262772521349">
        <ele>0.0</ele>
        <time>2025-03-14T08:55:30Z</time>
        <extensions>
          <gpxtpx:TrackPointExtension>
            <gpxtpx:hr>111</gpxtpx:hr>
          </gpxtpx:TrackPointExtension>
        </extensions>
      </trkpt>
      <trkpt lat="30.52631098511639" lon="104.06261267607032">
        <ele>0.0</ele>
        <time>2025-03-14T08:55:31Z</time>
        <extensions>
          <gpxtpx:TrackPointExtension>
            <gpxtpx:hr>111</gpxtpx:hr>
          </gpxtpx:TrackPointExtension>
        </extensions>
      </trkpt>
      <trkpt lat="30.526319615639537" lon="104.06259763606643">
        <ele>0.0</ele>
        <time>2025-03-14T08:55:32Z</time>
        <extensions>
          <gpxtpx:TrackPointExtension>
            <gpxtpx:hr>111</gpxtpx:hr>
          </gpxtpx:TrackPointExtension>
        </extensions>
      </trkpt>
      <trkpt lat="30.52632856951661" lon="104.06258254274128">
        <ele>0.0</ele>
        <time>2025-03-14T08:55:33Z</time>
        <extensions>
          <gpxtpx:TrackPointExtension>
            <gpxtpx:hr>112</gpxtpx:hr>
          </gpxtpx:TrackPointExtension>
        </extensions>
      </trkpt>
      <trkpt lat="30.526336451987174" lon="104.06256977680694">
        <ele>0.0</ele>
        <time>2025-03-14T08:55:34Z</time>
        <extensions>
          <gpxtpx:TrackPointExtension>
            <gpxtpx:hr>112</gpxtpx:hr>
          </gpxtpx:TrackPointExtension>
        </extensions>
      </trkpt>
      <trkpt lat="30.526344232899365" lon="104.06255738771877">
        <ele>0.0</ele>
        <time>2025-03-14T08:55:35Z</time>
        <extensions>
          <gpxtpx:TrackPointExtension>
            <gpxtpx:hr>112</gpxtpx:hr>
          </gpxtpx:TrackPointExtension>
        </extensions>
      </trkpt>
      <trkpt lat="30.526351730943347" lon="104.0625455371274">
        <ele>0.0</ele>
        <time>2025-03-14T08:55:36Z</time>
        <extensions>
          <gpxtpx:TrackPointExtension>
            <gpxtpx:hr>112</gpxtpx:hr>
          </gpxtpx:TrackPointExtension>
        </extensions>
      </trkpt>
      <trkpt lat="30.526360373901305" lon="104.06253149921974">
        <ele>0.0</ele>
        <time>2025-03-14T08:55:37Z</time>
        <extensions>
          <gpxtpx:TrackPointExtension>
            <gpxtpx:hr>112</gpxtpx:hr>
          </gpxtpx:TrackPointExtension>
        </extensions>
      </trkpt>
      <trkpt lat="30.526369054812218" lon="104.06251721186915">
        <ele>0.0</ele>
        <time>2025-03-14T08:55:38Z</time>
        <extensions>
          <gpxtpx:TrackPointExtension>
            <gpxtpx:hr>111</gpxtpx:hr>
          </gpxtpx:TrackPointExtension>
        </extensions>
      </trkpt>
      <trkpt lat="30.52637784376594" lon="104.06250249523951">
        <ele>0.0</ele>
        <time>2025-03-14T08:55:39Z</time>
        <extensions>
          <gpxtpx:TrackPointExtension>
            <gpxtpx:hr>111</gpxtpx:hr>
          </gpxtpx:TrackPointExtension>
        </extensions>
      </trkpt>
      <trkpt lat="30.52638654911586" lon="104.06248768162823">
        <ele>0.0</ele>
        <time>2025-03-14T08:55:40Z</time>
        <extensions>
          <gpxtpx:TrackPointExtension>
            <gpxtpx:hr>111</gpxtpx:hr>
          </gpxtpx:TrackPointExtension>
        </extensions>
      </trkpt>
      <trkpt lat="30.52639515759342" lon="104.06247278419313">
        <ele>0.0</ele>
        <time>2025-03-14T08:55:41Z</time>
        <extensions>
          <gpxtpx:TrackPointExtension>
            <gpxtpx:hr>111</gpxtpx:hr>
          </gpxtpx:TrackPointExtension>
        </extensions>
      </trkpt>
      <trkpt lat="30.526403650337034" lon="104.06245787243364">
        <ele>0.0</ele>
        <time>2025-03-14T08:55:42Z</time>
        <extensions>
          <gpxtpx:TrackPointExtension>
            <gpxtpx:hr>111</gpxtpx:hr>
          </gpxtpx:TrackPointExtension>
        </extensions>
      </trkpt>
      <trkpt lat="30.526412039093547" lon="104.0624429644032">
        <ele>0.0</ele>
        <time>2025-03-14T08:55:43Z</time>
        <extensions>
          <gpxtpx:TrackPointExtension>
            <gpxtpx:hr>111</gpxtpx:hr>
          </gpxtpx:TrackPointExtension>
        </extensions>
      </trkpt>
      <trkpt lat="30.52642035364915" lon="104.0624280638274">
        <ele>0.0</ele>
        <time>2025-03-14T08:55:44Z</time>
        <extensions>
          <gpxtpx:TrackPointExtension>
            <gpxtpx:hr>111</gpxtpx:hr>
          </gpxtpx:TrackPointExtension>
        </extensions>
      </trkpt>
      <trkpt lat="30.5264272470908" lon="104.06241558884057">
        <ele>0.0</ele>
        <time>2025-03-14T08:55:45Z</time>
        <extensions>
          <gpxtpx:TrackPointExtension>
            <gpxtpx:hr>111</gpxtpx:hr>
          </gpxtpx:TrackPointExtension>
        </extensions>
      </trkpt>
      <trkpt lat="30.526433752178825" lon="104.0624036378181">
        <ele>0.0</ele>
        <time>2025-03-14T08:55:46Z</time>
        <extensions>
          <gpxtpx:TrackPointExtension>
            <gpxtpx:hr>111</gpxtpx:hr>
          </gpxtpx:TrackPointExtension>
        </extensions>
      </trkpt>
      <trkpt lat="30.526439779197187" lon="104.06239240686253">
        <ele>0.0</ele>
        <time>2025-03-14T08:55:47Z</time>
        <extensions>
          <gpxtpx:TrackPointExtension>
            <gpxtpx:hr>111</gpxtpx:hr>
          </gpxtpx:TrackPointExtension>
        </extensions>
      </trkpt>
      <trkpt lat="30.526446852837037" lon="104.06237922722168">
        <ele>0.0</ele>
        <time>2025-03-14T08:55:48Z</time>
        <extensions>
          <gpxtpx:TrackPointExtension>
            <gpxtpx:hr>111</gpxtpx:hr>
          </gpxtpx:TrackPointExtension>
        </extensions>
      </trkpt>
      <trkpt lat="30.526453936483044" lon="104.0623660876746">
        <ele>0.0</ele>
        <time>2025-03-14T08:55:49Z</time>
        <extensions>
          <gpxtpx:TrackPointExtension>
            <gpxtpx:hr>111</gpxtpx:hr>
          </gpxtpx:TrackPointExtension>
        </extensions>
      </trkpt>
      <trkpt lat="30.526461922369908" lon="104.06235128782647">
        <ele>0.0</ele>
        <time>2025-03-14T08:55:50Z</time>
        <extensions>
          <gpxtpx:TrackPointExtension>
            <gpxtpx:hr>111</gpxtpx:hr>
          </gpxtpx:TrackPointExtension>
        </extensions>
      </trkpt>
      <trkpt lat="30.526470259212385" lon="104.0623352979836">
        <ele>0.0</ele>
        <time>2025-03-14T08:55:51Z</time>
        <extensions>
          <gpxtpx:TrackPointExtension>
            <gpxtpx:hr>111</gpxtpx:hr>
          </gpxtpx:TrackPointExtension>
        </extensions>
      </trkpt>
      <trkpt lat="30.526479543396597" lon="104.06231793180828">
        <ele>0.0</ele>
        <time>2025-03-14T08:55:52Z</time>
        <extensions>
          <gpxtpx:TrackPointExtension>
            <gpxtpx:hr>111</gpxtpx:hr>
          </gpxtpx:TrackPointExtension>
        </extensions>
      </trkpt>
      <trkpt lat="30.52648900151659" lon="104.0623012619924">
        <ele>0.0</ele>
        <time>2025-03-14T08:55:53Z</time>
        <extensions>
          <gpxtpx:TrackPointExtension>
            <gpxtpx:hr>112</gpxtpx:hr>
          </gpxtpx:TrackPointExtension>
        </extensions>
      </trkpt>
      <trkpt lat="30.52649946935091" lon="104.06228567561655">
        <ele>0.0</ele>
        <time>2025-03-14T08:55:54Z</time>
        <extensions>
          <gpxtpx:TrackPointExtension>
            <gpxtpx:hr>112</gpxtpx:hr>
          </gpxtpx:TrackPointExtension>
        </extensions>
      </trkpt>
      <trkpt lat="30.526509082883166" lon="104.06227184701271">
        <ele>0.0</ele>
        <time>2025-03-14T08:55:55Z</time>
        <extensions>
          <gpxtpx:TrackPointExtension>
            <gpxtpx:hr>112</gpxtpx:hr>
          </gpxtpx:TrackPointExtension>
        </extensions>
      </trkpt>
      <trkpt lat="30.526519301219132" lon="104.0622578966405">
        <ele>0.0</ele>
        <time>2025-03-14T08:55:56Z</time>
        <extensions>
          <gpxtpx:TrackPointExtension>
            <gpxtpx:hr>112</gpxtpx:hr>
          </gpxtpx:TrackPointExtension>
        </extensions>
      </trkpt>
      <trkpt lat="30.526528347760816" lon="104.06224403572652">
        <ele>0.0</ele>
        <time>2025-03-14T08:55:57Z</time>
        <extensions>
          <gpxtpx:TrackPointExtension>
            <gpxtpx:hr>112</gpxtpx:hr>
          </gpxtpx:TrackPointExtension>
        </extensions>
      </trkpt>
      <trkpt lat="30.526537597792238" lon="104.06222953147987">
        <ele>0.0</ele>
        <time>2025-03-14T08:55:58Z</time>
        <extensions>
          <gpxtpx:TrackPointExtension>
            <gpxtpx:hr>111</gpxtpx:hr>
          </gpxtpx:TrackPointExtension>
        </extensions>
      </trkpt>
      <trkpt lat="30.526545353575624" lon="104.06221576459723">
        <ele>0.0</ele>
        <time>2025-03-14T08:55:59Z</time>
        <extensions>
          <gpxtpx:TrackPointExtension>
            <gpxtpx:hr>111</gpxtpx:hr>
          </gpxtpx:TrackPointExtension>
        </extensions>
      </trkpt>
      <trkpt lat="30.52655291681639" lon="104.06220177230362">
        <ele>0.0</ele>
        <time>2025-03-14T08:56:00Z</time>
        <extensions>
          <gpxtpx:TrackPointExtension>
            <gpxtpx:hr>111</gpxtpx:hr>
          </gpxtpx:TrackPointExtension>
        </extensions>
      </trkpt>
      <trkpt lat="30.52656013296035" lon="104.06218757118921">
        <ele>0.0</ele>
        <time>2025-03-14T08:56:01Z</time>
        <extensions>
          <gpxtpx:TrackPointExtension>
            <gpxtpx:hr>111</gpxtpx:hr>
          </gpxtpx:TrackPointExtension>
        </extensions>
      </trkpt>
      <trkpt lat="30.526567155619897" lon="104.0621729228453">
        <ele>0.0</ele>
        <time>2025-03-14T08:56:02Z</time>
        <extensions>
          <gpxtpx:TrackPointExtension>
            <gpxtpx:hr>111</gpxtpx:hr>
          </gpxtpx:TrackPointExtension>
        </extensions>
      </trkpt>
      <trkpt lat="30.526573971915013" lon="104.0621577826236">
        <ele>0.0</ele>
        <time>2025-03-14T08:56:03Z</time>
        <extensions>
          <gpxtpx:TrackPointExtension>
            <gpxtpx:hr>112</gpxtpx:hr>
          </gpxtpx:TrackPointExtension>
        </extensions>
      </trkpt>
      <trkpt lat="30.526580608695" lon="104.06214209236535">
        <ele>0.0</ele>
        <time>2025-03-14T08:56:04Z</time>
        <extensions>
          <gpxtpx:TrackPointExtension>
            <gpxtpx:hr>112</gpxtpx:hr>
          </gpxtpx:TrackPointExtension>
        </extensions>
      </trkpt>
      <trkpt lat="30.526587112891292" lon="104.06212584541541">
        <ele>0.0</ele>
        <time>2025-03-14T08:56:05Z</time>
        <extensions>
          <gpxtpx:TrackPointExtension>
            <gpxtpx:hr>112</gpxtpx:hr>
          </gpxtpx:TrackPointExtension>
        </extensions>
      </trkpt>
      <trkpt lat="30.526593556815907" lon="104.0621090753766">
        <ele>0.0</ele>
        <time>2025-03-14T08:56:06Z</time>
        <extensions>
          <gpxtpx:TrackPointExtension>
            <gpxtpx:hr>112</gpxtpx:hr>
          </gpxtpx:TrackPointExtension>
        </extensions>
      </trkpt>
      <trkpt lat="30.526598827221296" lon="104.0620943811139">
        <ele>0.0</ele>
        <time>2025-03-14T08:56:07Z</time>
        <extensions>
          <gpxtpx:TrackPointExtension>
            <gpxtpx:hr>112</gpxtpx:hr>
          </gpxtpx:TrackPointExtension>
        </extensions>
      </trkpt>
      <trkpt lat="30.52660394649493" lon="104.06207990640473">
        <ele>0.0</ele>
        <time>2025-03-14T08:56:08Z</time>
        <extensions>
          <gpxtpx:TrackPointExtension>
            <gpxtpx:hr>111</gpxtpx:hr>
          </gpxtpx:TrackPointExtension>
        </extensions>
      </trkpt>
      <trkpt lat="30.52660886972857" lon="104.06206592430661">
        <ele>0.0</ele>
        <time>2025-03-14T08:56:09Z</time>
        <extensions>
          <gpxtpx:TrackPointExtension>
            <gpxtpx:hr>111</gpxtpx:hr>
          </gpxtpx:TrackPointExtension>
        </extensions>
      </trkpt>
      <trkpt lat="30.52661496395113" lon="104.06204966586925">
        <ele>0.0</ele>
        <time>2025-03-14T08:56:10Z</time>
        <extensions>
          <gpxtpx:TrackPointExtension>
            <gpxtpx:hr>111</gpxtpx:hr>
          </gpxtpx:TrackPointExtension>
        </extensions>
      </trkpt>
      <trkpt lat="30.5266212855877" lon="104.06203316600424">
        <ele>0.0</ele>
        <time>2025-03-14T08:56:11Z</time>
        <extensions>
          <gpxtpx:TrackPointExtension>
            <gpxtpx:hr>111</gpxtpx:hr>
          </gpxtpx:TrackPointExtension>
        </extensions>
      </trkpt>
      <trkpt lat="30.526627958820963" lon="104.06201630577658">
        <ele>0.0</ele>
        <time>2025-03-14T08:56:12Z</time>
        <extensions>
          <gpxtpx:TrackPointExtension>
            <gpxtpx:hr>111</gpxtpx:hr>
          </gpxtpx:TrackPointExtension>
        </extensions>
      </trkpt>
      <trkpt lat="30.526634968192887" lon="104.0619993552827">
        <ele>0.0</ele>
        <time>2025-03-14T08:56:13Z</time>
        <extensions>
          <gpxtpx:TrackPointExtension>
            <gpxtpx:hr>113</gpxtpx:hr>
          </gpxtpx:TrackPointExtension>
        </extensions>
      </trkpt>
      <trkpt lat="30.52664239039785" lon="104.06198236451273">
        <ele>0.0</ele>
        <time>2025-03-14T08:56:14Z</time>
        <extensions>
          <gpxtpx:TrackPointExtension>
            <gpxtpx:hr>113</gpxtpx:hr>
          </gpxtpx:TrackPointExtension>
        </extensions>
      </trkpt>
      <trkpt lat="30.526650200555853" lon="104.06196555097813">
        <ele>0.0</ele>
        <time>2025-03-14T08:56:15Z</time>
        <extensions>
          <gpxtpx:TrackPointExtension>
            <gpxtpx:hr>113</gpxtpx:hr>
          </gpxtpx:TrackPointExtension>
        </extensions>
      </trkpt>
      <trkpt lat="30.52665834968783" lon="104.06194908173667">
        <ele>0.0</ele>
        <time>2025-03-14T08:56:16Z</time>
        <extensions>
          <gpxtpx:TrackPointExtension>
            <gpxtpx:hr>113</gpxtpx:hr>
          </gpxtpx:TrackPointExtension>
        </extensions>
      </trkpt>
      <trkpt lat="30.526666794262034" lon="104.06193296484683">
        <ele>0.0</ele>
        <time>2025-03-14T08:56:17Z</time>
        <extensions>
          <gpxtpx:TrackPointExtension>
            <gpxtpx:hr>113</gpxtpx:hr>
          </gpxtpx:TrackPointExtension>
        </extensions>
      </trkpt>
      <trkpt lat="30.52667556687836" lon="104.06191701421103">
        <ele>0.0</ele>
        <time>2025-03-14T08:56:18Z</time>
        <extensions>
          <gpxtpx:TrackPointExtension>
            <gpxtpx:hr>112</gpxtpx:hr>
          </gpxtpx:TrackPointExtension>
        </extensions>
      </trkpt>
      <trkpt lat="30.52668462076866" lon="104.0619011723344">
        <ele>0.0</ele>
        <time>2025-03-14T08:56:19Z</time>
        <extensions>
          <gpxtpx:TrackPointExtension>
            <gpxtpx:hr>112</gpxtpx:hr>
          </gpxtpx:TrackPointExtension>
        </extensions>
      </trkpt>
      <trkpt lat="30.52669393329496" lon="104.06188538546478">
        <ele>0.0</ele>
        <time>2025-03-14T08:56:20Z</time>
        <extensions>
          <gpxtpx:TrackPointExtension>
            <gpxtpx:hr>112</gpxtpx:hr>
          </gpxtpx:TrackPointExtension>
        </extensions>
      </trkpt>
      <trkpt lat="30.526703410235903" lon="104.06186960963389">
        <ele>0.0</ele>
        <time>2025-03-14T08:56:21Z</time>
        <extensions>
          <gpxtpx:TrackPointExtension>
            <gpxtpx:hr>112</gpxtpx:hr>
          </gpxtpx:TrackPointExtension>
        </extensions>
      </trkpt>
      <trkpt lat="30.526712951589605" lon="104.06185380248448">
        <ele>0.0</ele>
        <time>2025-03-14T08:56:22Z</time>
        <extensions>
          <gpxtpx:TrackPointExtension>
            <gpxtpx:hr>112</gpxtpx:hr>
          </gpxtpx:TrackPointExtension>
        </extensions>
      </trkpt>
      <trkpt lat="30.526722562526018" lon="104.06183777434892">
        <ele>0.0</ele>
        <time>2025-03-14T08:56:23Z</time>
        <extensions>
          <gpxtpx:TrackPointExtension>
            <gpxtpx:hr>112</gpxtpx:hr>
          </gpxtpx:TrackPointExtension>
        </extensions>
      </trkpt>
      <trkpt lat="30.52673214081379" lon="104.06182167366273">
        <ele>0.0</ele>
        <time>2025-03-14T08:56:24Z</time>
        <extensions>
          <gpxtpx:TrackPointExtension>
            <gpxtpx:hr>112</gpxtpx:hr>
          </gpxtpx:TrackPointExtension>
        </extensions>
      </trkpt>
      <trkpt lat="30.526740435754263" lon="104.06180801898408">
        <ele>0.0</ele>
        <time>2025-03-14T08:56:25Z</time>
        <extensions>
          <gpxtpx:TrackPointExtension>
            <gpxtpx:hr>112</gpxtpx:hr>
          </gpxtpx:TrackPointExtension>
        </extensions>
      </trkpt>
      <trkpt lat="30.526748294931572" lon="104.0617950658283">
        <ele>0.0</ele>
        <time>2025-03-14T08:56:26Z</time>
        <extensions>
          <gpxtpx:TrackPointExtension>
            <gpxtpx:hr>112</gpxtpx:hr>
          </gpxtpx:TrackPointExtension>
        </extensions>
      </trkpt>
      <trkpt lat="30.526755674559322" lon="104.06178283806945">
        <ele>0.0</ele>
        <time>2025-03-14T08:56:27Z</time>
        <extensions>
          <gpxtpx:TrackPointExtension>
            <gpxtpx:hr>112</gpxtpx:hr>
          </gpxtpx:TrackPointExtension>
        </extensions>
      </trkpt>
      <trkpt lat="30.52676389359644" lon="104.06176849911682">
        <ele>0.0</ele>
        <time>2025-03-14T08:56:28Z</time>
        <extensions>
          <gpxtpx:TrackPointExtension>
            <gpxtpx:hr>113</gpxtpx:hr>
          </gpxtpx:TrackPointExtension>
        </extensions>
      </trkpt>
      <trkpt lat="30.526771914141257" lon="104.06175395149822">
        <ele>0.0</ele>
        <time>2025-03-14T08:56:29Z</time>
        <extensions>
          <gpxtpx:TrackPointExtension>
            <gpxtpx:hr>113</gpxtpx:hr>
          </gpxtpx:TrackPointExtension>
        </extensions>
      </trkpt>
      <trkpt lat="30.526779787857475" lon="104.06173897999676">
        <ele>0.0</ele>
        <time>2025-03-14T08:56:30Z</time>
        <extensions>
          <gpxtpx:TrackPointExtension>
            <gpxtpx:hr>113</gpxtpx:hr>
          </gpxtpx:TrackPointExtension>
        </extensions>
      </trkpt>
      <trkpt lat="30.526787349543294" lon="104.06172394573451">
        <ele>0.0</ele>
        <time>2025-03-14T08:56:31Z</time>
        <extensions>
          <gpxtpx:TrackPointExtension>
            <gpxtpx:hr>113</gpxtpx:hr>
          </gpxtpx:TrackPointExtension>
        </extensions>
      </trkpt>
      <trkpt lat="30.526794628774123" lon="104.06170893823935">
        <ele>0.0</ele>
        <time>2025-03-14T08:56:32Z</time>
        <extensions>
          <gpxtpx:TrackPointExtension>
            <gpxtpx:hr>113</gpxtpx:hr>
          </gpxtpx:TrackPointExtension>
        </extensions>
      </trkpt>
      <trkpt lat="30.526801674470587" lon="104.06169411416062">
        <ele>0.0</ele>
        <time>2025-03-14T08:56:33Z</time>
        <extensions>
          <gpxtpx:TrackPointExtension>
            <gpxtpx:hr>113</gpxtpx:hr>
          </gpxtpx:TrackPointExtension>
        </extensions>
      </trkpt>
      <trkpt lat="30.52680855562377" lon="104.06167958222969">
        <ele>0.0</ele>
        <time>2025-03-14T08:56:34Z</time>
        <extensions>
          <gpxtpx:TrackPointExtension>
            <gpxtpx:hr>113</gpxtpx:hr>
          </gpxtpx:TrackPointExtension>
        </extensions>
      </trkpt>
      <trkpt lat="30.526816572025236" lon="104.06166305285214">
        <ele>0.0</ele>
        <time>2025-03-14T08:56:35Z</time>
        <extensions>
          <gpxtpx:TrackPointExtension>
            <gpxtpx:hr>113</gpxtpx:hr>
          </gpxtpx:TrackPointExtension>
        </extensions>
      </trkpt>
      <trkpt lat="30.526825353211382" lon="104.06164663007566">
        <ele>0.0</ele>
        <time>2025-03-14T08:56:36Z</time>
        <extensions>
          <gpxtpx:TrackPointExtension>
            <gpxtpx:hr>113</gpxtpx:hr>
          </gpxtpx:TrackPointExtension>
        </extensions>
      </trkpt>
      <trkpt lat="30.526836230689714" lon="104.06162762610128">
        <ele>0.0</ele>
        <time>2025-03-14T08:56:37Z</time>
        <extensions>
          <gpxtpx:TrackPointExtension>
            <gpxtpx:hr>113</gpxtpx:hr>
          </gpxtpx:TrackPointExtension>
        </extensions>
      </trkpt>
      <trkpt lat="30.52684764081758" lon="104.06160829111195">
        <ele>0.0</ele>
        <time>2025-03-14T08:56:38Z</time>
        <extensions>
          <gpxtpx:TrackPointExtension>
            <gpxtpx:hr>112</gpxtpx:hr>
          </gpxtpx:TrackPointExtension>
        </extensions>
      </trkpt>
      <trkpt lat="30.52685781512537" lon="104.06159032541358">
        <ele>0.0</ele>
        <time>2025-03-14T08:56:39Z</time>
        <extensions>
          <gpxtpx:TrackPointExtension>
            <gpxtpx:hr>112</gpxtpx:hr>
          </gpxtpx:TrackPointExtension>
        </extensions>
      </trkpt>
      <trkpt lat="30.526866168637856" lon="104.06157469977771">
        <ele>0.0</ele>
        <time>2025-03-14T08:56:40Z</time>
        <extensions>
          <gpxtpx:TrackPointExtension>
            <gpxtpx:hr>112</gpxtpx:hr>
          </gpxtpx:TrackPointExtension>
        </extensions>
      </trkpt>
      <trkpt lat="30.526872866449317" lon="104.0615616228004">
        <ele>0.0</ele>
        <time>2025-03-14T08:56:41Z</time>
        <extensions>
          <gpxtpx:TrackPointExtension>
            <gpxtpx:hr>112</gpxtpx:hr>
          </gpxtpx:TrackPointExtension>
        </extensions>
      </trkpt>
      <trkpt lat="30.526880209704025" lon="104.06154685598571">
        <ele>0.0</ele>
        <time>2025-03-14T08:56:42Z</time>
        <extensions>
          <gpxtpx:TrackPointExtension>
            <gpxtpx:hr>112</gpxtpx:hr>
          </gpxtpx:TrackPointExtension>
        </extensions>
      </trkpt>
      <trkpt lat="30.52688752426151" lon="104.06153190354692">
        <ele>0.0</ele>
        <time>2025-03-14T08:56:43Z</time>
        <extensions>
          <gpxtpx:TrackPointExtension>
            <gpxtpx:hr>112</gpxtpx:hr>
          </gpxtpx:TrackPointExtension>
        </extensions>
      </trkpt>
      <trkpt lat="30.526895067531623" lon="104.06151637744651">
        <ele>0.0</ele>
        <time>2025-03-14T08:56:44Z</time>
        <extensions>
          <gpxtpx:TrackPointExtension>
            <gpxtpx:hr>112</gpxtpx:hr>
          </gpxtpx:TrackPointExtension>
        </extensions>
      </trkpt>
      <trkpt lat="30.526902787113748" lon="104.06150050541835">
        <ele>0.0</ele>
        <time>2025-03-14T08:56:45Z</time>
        <extensions>
          <gpxtpx:TrackPointExtension>
            <gpxtpx:hr>112</gpxtpx:hr>
          </gpxtpx:TrackPointExtension>
        </extensions>
      </trkpt>
      <trkpt lat="30.52690941511596" lon="104.06148675497533">
        <ele>0.0</ele>
        <time>2025-03-14T08:56:46Z</time>
        <extensions>
          <gpxtpx:TrackPointExtension>
            <gpxtpx:hr>112</gpxtpx:hr>
          </gpxtpx:TrackPointExtension>
        </extensions>
      </trkpt>
      <trkpt lat="30.52691594642865" lon="104.06147332061776">
        <ele>0.0</ele>
        <time>2025-03-14T08:56:47Z</time>
        <extensions>
          <gpxtpx:TrackPointExtension>
            <gpxtpx:hr>112</gpxtpx:hr>
          </gpxtpx:TrackPointExtension>
        </extensions>
      </trkpt>
      <trkpt lat="30.52692227634018" lon="104.06146047640216">
        <ele>0.0</ele>
        <time>2025-03-14T08:56:48Z</time>
        <extensions>
          <gpxtpx:TrackPointExtension>
            <gpxtpx:hr>111</gpxtpx:hr>
          </gpxtpx:TrackPointExtension>
        </extensions>
      </trkpt>
      <trkpt lat="30.52692986494637" lon="104.06144555801673">
        <ele>0.0</ele>
        <time>2025-03-14T08:56:49Z</time>
        <extensions>
          <gpxtpx:TrackPointExtension>
            <gpxtpx:hr>111</gpxtpx:hr>
          </gpxtpx:TrackPointExtension>
        </extensions>
      </trkpt>
      <trkpt lat="30.52693770384992" lon="104.06143057584826">
        <ele>0.0</ele>
        <time>2025-03-14T08:56:50Z</time>
        <extensions>
          <gpxtpx:TrackPointExtension>
            <gpxtpx:hr>111</gpxtpx:hr>
          </gpxtpx:TrackPointExtension>
        </extensions>
      </trkpt>
      <trkpt lat="30.52694588583459" lon="104.06141536101259">
        <ele>0.0</ele>
        <time>2025-03-14T08:56:51Z</time>
        <extensions>
          <gpxtpx:TrackPointExtension>
            <gpxtpx:hr>111</gpxtpx:hr>
          </gpxtpx:TrackPointExtension>
        </extensions>
      </trkpt>
      <trkpt lat="30.526954198996883" lon="104.06140022002543">
        <ele>0.0</ele>
        <time>2025-03-14T08:56:52Z</time>
        <extensions>
          <gpxtpx:TrackPointExtension>
            <gpxtpx:hr>111</gpxtpx:hr>
          </gpxtpx:TrackPointExtension>
        </extensions>
      </trkpt>
      <trkpt lat="30.52696257519764" lon="104.06138509205083">
        <ele>0.0</ele>
        <time>2025-03-14T08:56:53Z</time>
        <extensions>
          <gpxtpx:TrackPointExtension>
            <gpxtpx:hr>113</gpxtpx:hr>
          </gpxtpx:TrackPointExtension>
        </extensions>
      </trkpt>
      <trkpt lat="30.526970945721175" lon="104.06136993998338">
        <ele>0.0</ele>
        <time>2025-03-14T08:56:54Z</time>
        <extensions>
          <gpxtpx:TrackPointExtension>
            <gpxtpx:hr>113</gpxtpx:hr>
          </gpxtpx:TrackPointExtension>
        </extensions>
      </trkpt>
      <trkpt lat="30.52697928441061" lon="104.06135468930046">
        <ele>0.0</ele>
        <time>2025-03-14T08:56:55Z</time>
        <extensions>
          <gpxtpx:TrackPointExtension>
            <gpxtpx:hr>113</gpxtpx:hr>
          </gpxtpx:TrackPointExtension>
        </extensions>
      </trkpt>
      <trkpt lat="30.526987588428437" lon="104.06133925784624">
        <ele>0.0</ele>
        <time>2025-03-14T08:56:56Z</time>
        <extensions>
          <gpxtpx:TrackPointExtension>
            <gpxtpx:hr>113</gpxtpx:hr>
          </gpxtpx:TrackPointExtension>
        </extensions>
      </trkpt>
      <trkpt lat="30.526994531501362" lon="104.06132604800473">
        <ele>0.0</ele>
        <time>2025-03-14T08:56:57Z</time>
        <extensions>
          <gpxtpx:TrackPointExtension>
            <gpxtpx:hr>113</gpxtpx:hr>
          </gpxtpx:TrackPointExtension>
        </extensions>
      </trkpt>
      <trkpt lat="30.52700111370148" lon="104.06131311912289">
        <ele>0.0</ele>
        <time>2025-03-14T08:56:58Z</time>
        <extensions>
          <gpxtpx:TrackPointExtension>
            <gpxtpx:hr>112</gpxtpx:hr>
          </gpxtpx:TrackPointExtension>
        </extensions>
      </trkpt>
      <trkpt lat="30.527007229536085" lon="104.06130067055828">
        <ele>0.0</ele>
        <time>2025-03-14T08:56:59Z</time>
        <extensions>
          <gpxtpx:TrackPointExtension>
            <gpxtpx:hr>112</gpxtpx:hr>
          </gpxtpx:TrackPointExtension>
        </extensions>
      </trkpt>
      <trkpt lat="30.52701434788147" lon="104.06128597552376">
        <ele>0.0</ele>
        <time>2025-03-14T08:57:00Z</time>
        <extensions>
          <gpxtpx:TrackPointExtension>
            <gpxtpx:hr>112</gpxtpx:hr>
          </gpxtpx:TrackPointExtension>
        </extensions>
      </trkpt>
      <trkpt lat="30.527021469418493" lon="104.06127099910671">
        <ele>0.0</ele>
        <time>2025-03-14T08:57:01Z</time>
        <extensions>
          <gpxtpx:TrackPointExtension>
            <gpxtpx:hr>112</gpxtpx:hr>
          </gpxtpx:TrackPointExtension>
        </extensions>
      </trkpt>
      <trkpt lat="30.527028746081605" lon="104.06125559498057">
        <ele>0.0</ele>
        <time>2025-03-14T08:57:02Z</time>
        <extensions>
          <gpxtpx:TrackPointExtension>
            <gpxtpx:hr>112</gpxtpx:hr>
          </gpxtpx:TrackPointExtension>
        </extensions>
      </trkpt>
      <trkpt lat="30.52703604644638" lon="104.06124013685674">
        <ele>0.0</ele>
        <time>2025-03-14T08:57:03Z</time>
        <extensions>
          <gpxtpx:TrackPointExtension>
            <gpxtpx:hr>111</gpxtpx:hr>
          </gpxtpx:TrackPointExtension>
        </extensions>
      </trkpt>
      <trkpt lat="30.527043412443152" lon="104.06122466806">
        <ele>0.0</ele>
        <time>2025-03-14T08:57:04Z</time>
        <extensions>
          <gpxtpx:TrackPointExtension>
            <gpxtpx:hr>111</gpxtpx:hr>
          </gpxtpx:TrackPointExtension>
        </extensions>
      </trkpt>
      <trkpt lat="30.527050865243513" lon="104.06120925785368">
        <ele>0.0</ele>
        <time>2025-03-14T08:57:05Z</time>
        <extensions>
          <gpxtpx:TrackPointExtension>
            <gpxtpx:hr>111</gpxtpx:hr>
          </gpxtpx:TrackPointExtension>
        </extensions>
      </trkpt>
      <trkpt lat="30.52705849341238" lon="104.06119391831481">
        <ele>0.0</ele>
        <time>2025-03-14T08:57:06Z</time>
        <extensions>
          <gpxtpx:TrackPointExtension>
            <gpxtpx:hr>111</gpxtpx:hr>
          </gpxtpx:TrackPointExtension>
        </extensions>
      </trkpt>
      <trkpt lat="30.527066385697395" lon="104.06117864166663">
        <ele>0.0</ele>
        <time>2025-03-14T08:57:07Z</time>
        <extensions>
          <gpxtpx:TrackPointExtension>
            <gpxtpx:hr>111</gpxtpx:hr>
          </gpxtpx:TrackPointExtension>
        </extensions>
      </trkpt>
      <trkpt lat="30.527074621673748" lon="104.0611633897874">
        <ele>0.0</ele>
        <time>2025-03-14T08:57:08Z</time>
        <extensions>
          <gpxtpx:TrackPointExtension>
            <gpxtpx:hr>113</gpxtpx:hr>
          </gpxtpx:TrackPointExtension>
        </extensions>
      </trkpt>
      <trkpt lat="30.52708322546732" lon="104.06114809767364">
        <ele>0.0</ele>
        <time>2025-03-14T08:57:09Z</time>
        <extensions>
          <gpxtpx:TrackPointExtension>
            <gpxtpx:hr>113</gpxtpx:hr>
          </gpxtpx:TrackPointExtension>
        </extensions>
      </trkpt>
      <trkpt lat="30.527090858175857" lon="104.06113517929444">
        <ele>0.0</ele>
        <time>2025-03-14T08:57:10Z</time>
        <extensions>
          <gpxtpx:TrackPointExtension>
            <gpxtpx:hr>113</gpxtpx:hr>
          </gpxtpx:TrackPointExtension>
        </extensions>
      </trkpt>
      <trkpt lat="30.527098483452342" lon="104.06112270263496">
        <ele>0.0</ele>
        <time>2025-03-14T08:57:11Z</time>
        <extensions>
          <gpxtpx:TrackPointExtension>
            <gpxtpx:hr>113</gpxtpx:hr>
          </gpxtpx:TrackPointExtension>
        </extensions>
      </trkpt>
      <trkpt lat="30.5271059125711" lon="104.06111087220758">
        <ele>0.0</ele>
        <time>2025-03-14T08:57:12Z</time>
        <extensions>
          <gpxtpx:TrackPointExtension>
            <gpxtpx:hr>113</gpxtpx:hr>
          </gpxtpx:TrackPointExtension>
        </extensions>
      </trkpt>
      <trkpt lat="30.527114498953644" lon="104.06109697847872">
        <ele>0.0</ele>
        <time>2025-03-14T08:57:13Z</time>
        <extensions>
          <gpxtpx:TrackPointExtension>
            <gpxtpx:hr>112</gpxtpx:hr>
          </gpxtpx:TrackPointExtension>
        </extensions>
      </trkpt>
      <trkpt lat="30.527123091251074" lon="104.0610829812739">
        <ele>0.0</ele>
        <time>2025-03-14T08:57:14Z</time>
        <extensions>
          <gpxtpx:TrackPointExtension>
            <gpxtpx:hr>112</gpxtpx:hr>
          </gpxtpx:TrackPointExtension>
        </extensions>
      </trkpt>
      <trkpt lat="30.527131749277125" lon="104.06106868868328">
        <ele>0.0</ele>
        <time>2025-03-14T08:57:15Z</time>
        <extensions>
          <gpxtpx:TrackPointExtension>
            <gpxtpx:hr>112</gpxtpx:hr>
          </gpxtpx:TrackPointExtension>
        </extensions>
      </trkpt>
      <trkpt lat="30.52714039397862" lon="104.06105422590248">
        <ele>0.0</ele>
        <time>2025-03-14T08:57:16Z</time>
        <extensions>
          <gpxtpx:TrackPointExtension>
            <gpxtpx:hr>112</gpxtpx:hr>
          </gpxtpx:TrackPointExtension>
        </extensions>
      </trkpt>
      <trkpt lat="30.527148874697374" lon="104.06103990970436">
        <ele>0.0</ele>
        <time>2025-03-14T08:57:17Z</time>
        <extensions>
          <gpxtpx:TrackPointExtension>
            <gpxtpx:hr>112</gpxtpx:hr>
          </gpxtpx:TrackPointExtension>
        </extensions>
      </trkpt>
      <trkpt lat="30.527157242163437" lon="104.06102565675172">
        <ele>0.0</ele>
        <time>2025-03-14T08:57:18Z</time>
        <extensions>
          <gpxtpx:TrackPointExtension>
            <gpxtpx:hr>112</gpxtpx:hr>
          </gpxtpx:TrackPointExtension>
        </extensions>
      </trkpt>
      <trkpt lat="30.52716537894176" lon="104.06101169902668">
        <ele>0.0</ele>
        <time>2025-03-14T08:57:19Z</time>
        <extensions>
          <gpxtpx:TrackPointExtension>
            <gpxtpx:hr>112</gpxtpx:hr>
          </gpxtpx:TrackPointExtension>
        </extensions>
      </trkpt>
      <trkpt lat="30.527172101120744" lon="104.06100020871915">
        <ele>0.0</ele>
        <time>2025-03-14T08:57:20Z</time>
        <extensions>
          <gpxtpx:TrackPointExtension>
            <gpxtpx:hr>112</gpxtpx:hr>
          </gpxtpx:TrackPointExtension>
        </extensions>
      </trkpt>
      <trkpt lat="30.52717991274328" lon="104.06098744798805">
        <ele>0.0</ele>
        <time>2025-03-14T08:57:21Z</time>
        <extensions>
          <gpxtpx:TrackPointExtension>
            <gpxtpx:hr>112</gpxtpx:hr>
          </gpxtpx:TrackPointExtension>
        </extensions>
      </trkpt>
      <trkpt lat="30.52718859360941" lon="104.06097413935179">
        <ele>0.0</ele>
        <time>2025-03-14T08:57:22Z</time>
        <extensions>
          <gpxtpx:TrackPointExtension>
            <gpxtpx:hr>112</gpxtpx:hr>
          </gpxtpx:TrackPointExtension>
        </extensions>
      </trkpt>
      <trkpt lat="30.527200210113946" lon="104.06095663494519">
        <ele>0.0</ele>
        <time>2025-03-14T08:57:23Z</time>
        <extensions>
          <gpxtpx:TrackPointExtension>
            <gpxtpx:hr>113</gpxtpx:hr>
          </gpxtpx:TrackPointExtension>
        </extensions>
      </trkpt>
      <trkpt lat="30.52721135193249" lon="104.06094047475185">
        <ele>0.0</ele>
        <time>2025-03-14T08:57:24Z</time>
        <extensions>
          <gpxtpx:TrackPointExtension>
            <gpxtpx:hr>113</gpxtpx:hr>
          </gpxtpx:TrackPointExtension>
        </extensions>
      </trkpt>
      <trkpt lat="30.527222196038153" lon="104.0609250228153">
        <ele>0.0</ele>
        <time>2025-03-14T08:57:25Z</time>
        <extensions>
          <gpxtpx:TrackPointExtension>
            <gpxtpx:hr>113</gpxtpx:hr>
          </gpxtpx:TrackPointExtension>
        </extensions>
      </trkpt>
      <trkpt lat="30.527232167902206" lon="104.06091141734576">
        <ele>0.0</ele>
        <time>2025-03-14T08:57:26Z</time>
        <extensions>
          <gpxtpx:TrackPointExtension>
            <gpxtpx:hr>113</gpxtpx:hr>
          </gpxtpx:TrackPointExtension>
        </extensions>
      </trkpt>
      <trkpt lat="30.527241964727587" lon="104.06089823582279">
        <ele>0.0</ele>
        <time>2025-03-14T08:57:27Z</time>
        <extensions>
          <gpxtpx:TrackPointExtension>
            <gpxtpx:hr>113</gpxtpx:hr>
          </gpxtpx:TrackPointExtension>
        </extensions>
      </trkpt>
      <trkpt lat="30.52725188242563" lon="104.0608851652701">
        <ele>0.0</ele>
        <time>2025-03-14T08:57:28Z</time>
        <extensions>
          <gpxtpx:TrackPointExtension>
            <gpxtpx:hr>114</gpxtpx:hr>
          </gpxtpx:TrackPointExtension>
        </extensions>
      </trkpt>
      <trkpt lat="30.527261888397206" lon="104.06087219696944">
        <ele>0.0</ele>
        <time>2025-03-14T08:57:29Z</time>
        <extensions>
          <gpxtpx:TrackPointExtension>
            <gpxtpx:hr>114</gpxtpx:hr>
          </gpxtpx:TrackPointExtension>
        </extensions>
      </trkpt>
      <trkpt lat="30.52727238658322" lon="104.06085881942269">
        <ele>0.0</ele>
        <time>2025-03-14T08:57:30Z</time>
        <extensions>
          <gpxtpx:TrackPointExtension>
            <gpxtpx:hr>114</gpxtpx:hr>
          </gpxtpx:TrackPointExtension>
        </extensions>
      </trkpt>
      <trkpt lat="30.527283200115544" lon="104.06084524226327">
        <ele>0.0</ele>
        <time>2025-03-14T08:57:31Z</time>
        <extensions>
          <gpxtpx:TrackPointExtension>
            <gpxtpx:hr>114</gpxtpx:hr>
          </gpxtpx:TrackPointExtension>
        </extensions>
      </trkpt>
      <trkpt lat="30.52729437656427" lon="104.06083140508635">
        <ele>0.0</ele>
        <time>2025-03-14T08:57:32Z</time>
        <extensions>
          <gpxtpx:TrackPointExtension>
            <gpxtpx:hr>114</gpxtpx:hr>
          </gpxtpx:TrackPointExtension>
        </extensions>
      </trkpt>
      <trkpt lat="30.527304027364536" lon="104.0608196455555">
        <ele>0.0</ele>
        <time>2025-03-14T08:57:33Z</time>
        <extensions>
          <gpxtpx:TrackPointExtension>
            <gpxtpx:hr>112</gpxtpx:hr>
          </gpxtpx:TrackPointExtension>
        </extensions>
      </trkpt>
      <trkpt lat="30.527313438231097" lon="104.06080821961913">
        <ele>0.0</ele>
        <time>2025-03-14T08:57:34Z</time>
        <extensions>
          <gpxtpx:TrackPointExtension>
            <gpxtpx:hr>112</gpxtpx:hr>
          </gpxtpx:TrackPointExtension>
        </extensions>
      </trkpt>
      <trkpt lat="30.527322316798884" lon="104.06079731231253">
        <ele>0.0</ele>
        <time>2025-03-14T08:57:35Z</time>
        <extensions>
          <gpxtpx:TrackPointExtension>
            <gpxtpx:hr>112</gpxtpx:hr>
          </gpxtpx:TrackPointExtension>
        </extensions>
      </trkpt>
      <trkpt lat="30.527332448740598" lon="104.06078451940235">
        <ele>0.0</ele>
        <time>2025-03-14T08:57:36Z</time>
        <extensions>
          <gpxtpx:TrackPointExtension>
            <gpxtpx:hr>112</gpxtpx:hr>
          </gpxtpx:TrackPointExtension>
        </extensions>
      </trkpt>
      <trkpt lat="30.527342451595096" lon="104.0607714939645">
        <ele>0.0</ele>
        <time>2025-03-14T08:57:37Z</time>
        <extensions>
          <gpxtpx:TrackPointExtension>
            <gpxtpx:hr>112</gpxtpx:hr>
          </gpxtpx:TrackPointExtension>
        </extensions>
      </trkpt>
      <trkpt lat="30.527352498834354" lon="104.06075805440108">
        <ele>0.0</ele>
        <time>2025-03-14T08:57:38Z</time>
        <extensions>
          <gpxtpx:TrackPointExtension>
            <gpxtpx:hr>113</gpxtpx:hr>
          </gpxtpx:TrackPointExtension>
        </extensions>
      </trkpt>
      <trkpt lat="30.527362483538283" lon="104.06074448116749">
        <ele>0.0</ele>
        <time>2025-03-14T08:57:39Z</time>
        <extensions>
          <gpxtpx:TrackPointExtension>
            <gpxtpx:hr>113</gpxtpx:hr>
          </gpxtpx:TrackPointExtension>
        </extensions>
      </trkpt>
      <trkpt lat="30.527372552287396" lon="104.06073076304735">
        <ele>0.0</ele>
        <time>2025-03-14T08:57:40Z</time>
        <extensions>
          <gpxtpx:TrackPointExtension>
            <gpxtpx:hr>113</gpxtpx:hr>
          </gpxtpx:TrackPointExtension>
        </extensions>
      </trkpt>
      <trkpt lat="30.527382783375323" lon="104.06071695456839">
        <ele>0.0</ele>
        <time>2025-03-14T08:57:41Z</time>
        <extensions>
          <gpxtpx:TrackPointExtension>
            <gpxtpx:hr>113</gpxtpx:hr>
          </gpxtpx:TrackPointExtension>
        </extensions>
      </trkpt>
      <trkpt lat="30.527393233433305" lon="104.060703046107">
        <ele>0.0</ele>
        <time>2025-03-14T08:57:42Z</time>
        <extensions>
          <gpxtpx:TrackPointExtension>
            <gpxtpx:hr>113</gpxtpx:hr>
          </gpxtpx:TrackPointExtension>
        </extensions>
      </trkpt>
      <trkpt lat="30.52740391534559" lon="104.06068905912635">
        <ele>0.0</ele>
        <time>2025-03-14T08:57:43Z</time>
        <extensions>
          <gpxtpx:TrackPointExtension>
            <gpxtpx:hr>113</gpxtpx:hr>
          </gpxtpx:TrackPointExtension>
        </extensions>
      </trkpt>
      <trkpt lat="30.52741482068485" lon="104.06067498950003">
        <ele>0.0</ele>
        <time>2025-03-14T08:57:44Z</time>
        <extensions>
          <gpxtpx:TrackPointExtension>
            <gpxtpx:hr>113</gpxtpx:hr>
          </gpxtpx:TrackPointExtension>
        </extensions>
      </trkpt>
      <trkpt lat="30.527424244315984" lon="104.06066299275058">
        <ele>0.0</ele>
        <time>2025-03-14T08:57:45Z</time>
        <extensions>
          <gpxtpx:TrackPointExtension>
            <gpxtpx:hr>113</gpxtpx:hr>
          </gpxtpx:TrackPointExtension>
        </extensions>
      </trkpt>
      <trkpt lat="30.527433471024562" lon="104.0606514513416">
        <ele>0.0</ele>
        <time>2025-03-14T08:57:46Z</time>
        <extensions>
          <gpxtpx:TrackPointExtension>
            <gpxtpx:hr>113</gpxtpx:hr>
          </gpxtpx:TrackPointExtension>
        </extensions>
      </trkpt>
      <trkpt lat="30.52744234028878" lon="104.06064055548056">
        <ele>0.0</ele>
        <time>2025-03-14T08:57:47Z</time>
        <extensions>
          <gpxtpx:TrackPointExtension>
            <gpxtpx:hr>113</gpxtpx:hr>
          </gpxtpx:TrackPointExtension>
        </extensions>
      </trkpt>
      <trkpt lat="30.527452705413467" lon="104.06062796571601">
        <ele>0.0</ele>
        <time>2025-03-14T08:57:48Z</time>
        <extensions>
          <gpxtpx:TrackPointExtension>
            <gpxtpx:hr>113</gpxtpx:hr>
          </gpxtpx:TrackPointExtension>
        </extensions>
      </trkpt>
      <trkpt lat="30.527463201536275" lon="104.06061539096014">
        <ele>0.0</ele>
        <time>2025-03-14T08:57:49Z</time>
        <extensions>
          <gpxtpx:TrackPointExtension>
            <gpxtpx:hr>113</gpxtpx:hr>
          </gpxtpx:TrackPointExtension>
        </extensions>
      </trkpt>
      <trkpt lat="30.527473924695524" lon="104.0606026937985">
        <ele>0.0</ele>
        <time>2025-03-14T08:57:50Z</time>
        <extensions>
          <gpxtpx:TrackPointExtension>
            <gpxtpx:hr>113</gpxtpx:hr>
          </gpxtpx:TrackPointExtension>
        </extensions>
      </trkpt>
      <trkpt lat="30.527484598330137" lon="104.06059017038793">
        <ele>0.0</ele>
        <time>2025-03-14T08:57:51Z</time>
        <extensions>
          <gpxtpx:TrackPointExtension>
            <gpxtpx:hr>113</gpxtpx:hr>
          </gpxtpx:TrackPointExtension>
        </extensions>
      </trkpt>
      <trkpt lat="30.527495174077945" lon="104.06057782748971">
        <ele>0.0</ele>
        <time>2025-03-14T08:57:52Z</time>
        <extensions>
          <gpxtpx:TrackPointExtension>
            <gpxtpx:hr>113</gpxtpx:hr>
          </gpxtpx:TrackPointExtension>
        </extensions>
      </trkpt>
      <trkpt lat="30.527505568407623" lon="104.06056570911716">
        <ele>0.0</ele>
        <time>2025-03-14T08:57:53Z</time>
        <extensions>
          <gpxtpx:TrackPointExtension>
            <gpxtpx:hr>112</gpxtpx:hr>
          </gpxtpx:TrackPointExtension>
        </extensions>
      </trkpt>
      <trkpt lat="30.527515729008936" lon="104.06055381671392">
        <ele>0.0</ele>
        <time>2025-03-14T08:57:54Z</time>
        <extensions>
          <gpxtpx:TrackPointExtension>
            <gpxtpx:hr>112</gpxtpx:hr>
          </gpxtpx:TrackPointExtension>
        </extensions>
      </trkpt>
      <trkpt lat="30.527527758725462" lon="104.06054068342864">
        <ele>0.0</ele>
        <time>2025-03-14T08:57:55Z</time>
        <extensions>
          <gpxtpx:TrackPointExtension>
            <gpxtpx:hr>112</gpxtpx:hr>
          </gpxtpx:TrackPointExtension>
        </extensions>
      </trkpt>
      <trkpt lat="30.52753988871379" lon="104.06052776050026">
        <ele>0.0</ele>
        <time>2025-03-14T08:57:56Z</time>
        <extensions>
          <gpxtpx:TrackPointExtension>
            <gpxtpx:hr>112</gpxtpx:hr>
          </gpxtpx:TrackPointExtension>
        </extensions>
      </trkpt>
      <trkpt lat="30.5275532002751" lon="104.06051362132617">
        <ele>0.0</ele>
        <time>2025-03-14T08:57:57Z</time>
        <extensions>
          <gpxtpx:TrackPointExtension>
            <gpxtpx:hr>112</gpxtpx:hr>
          </gpxtpx:TrackPointExtension>
        </extensions>
      </trkpt>
      <trkpt lat="30.52756489861367" lon="104.06050051901131">
        <ele>0.0</ele>
        <time>2025-03-14T08:57:58Z</time>
        <extensions>
          <gpxtpx:TrackPointExtension>
            <gpxtpx:hr>112</gpxtpx:hr>
          </gpxtpx:TrackPointExtension>
        </extensions>
      </trkpt>
      <trkpt lat="30.52757729609567" lon="104.06048689854514">
        <ele>0.0</ele>
        <time>2025-03-14T08:57:59Z</time>
        <extensions>
          <gpxtpx:TrackPointExtension>
            <gpxtpx:hr>112</gpxtpx:hr>
          </gpxtpx:TrackPointExtension>
        </extensions>
      </trkpt>
      <trkpt lat="30.527589118078204" lon="104.06047462122739">
        <ele>0.0</ele>
        <time>2025-03-14T08:58:00Z</time>
        <extensions>
          <gpxtpx:TrackPointExtension>
            <gpxtpx:hr>112</gpxtpx:hr>
          </gpxtpx:TrackPointExtension>
        </extensions>
      </trkpt>
      <trkpt lat="30.527601094016816" lon="104.0604628085217">
        <ele>0.0</ele>
        <time>2025-03-14T08:58:01Z</time>
        <extensions>
          <gpxtpx:TrackPointExtension>
            <gpxtpx:hr>112</gpxtpx:hr>
          </gpxtpx:TrackPointExtension>
        </extensions>
      </trkpt>
      <trkpt lat="30.527612783684788" lon="104.0604515318323">
        <ele>0.0</ele>
        <time>2025-03-14T08:58:02Z</time>
        <extensions>
          <gpxtpx:TrackPointExtension>
            <gpxtpx:hr>112</gpxtpx:hr>
          </gpxtpx:TrackPointExtension>
        </extensions>
      </trkpt>
      <trkpt lat="30.52762446279085" lon="104.06044022840896">
        <ele>0.0</ele>
        <time>2025-03-14T08:58:03Z</time>
        <extensions>
          <gpxtpx:TrackPointExtension>
            <gpxtpx:hr>112</gpxtpx:hr>
          </gpxtpx:TrackPointExtension>
        </extensions>
      </trkpt>
      <trkpt lat="30.52763623123962" lon="104.0604289068797">
        <ele>0.0</ele>
        <time>2025-03-14T08:58:04Z</time>
        <extensions>
          <gpxtpx:TrackPointExtension>
            <gpxtpx:hr>112</gpxtpx:hr>
          </gpxtpx:TrackPointExtension>
        </extensions>
      </trkpt>
      <trkpt lat="30.527648321413903" lon="104.06041766482538">
        <ele>0.0</ele>
        <time>2025-03-14T08:58:05Z</time>
        <extensions>
          <gpxtpx:TrackPointExtension>
            <gpxtpx:hr>112</gpxtpx:hr>
          </gpxtpx:TrackPointExtension>
        </extensions>
      </trkpt>
      <trkpt lat="30.527660748390428" lon="104.060406600372">
        <ele>0.0</ele>
        <time>2025-03-14T08:58:06Z</time>
        <extensions>
          <gpxtpx:TrackPointExtension>
            <gpxtpx:hr>112</gpxtpx:hr>
          </gpxtpx:TrackPointExtension>
        </extensions>
      </trkpt>
      <trkpt lat="30.527673955652936" lon="104.06039578999258">
        <ele>0.0</ele>
        <time>2025-03-14T08:58:07Z</time>
        <extensions>
          <gpxtpx:TrackPointExtension>
            <gpxtpx:hr>112</gpxtpx:hr>
          </gpxtpx:TrackPointExtension>
        </extensions>
      </trkpt>
      <trkpt lat="30.527685906477206" lon="104.06038621329026">
        <ele>0.0</ele>
        <time>2025-03-14T08:58:08Z</time>
        <extensions>
          <gpxtpx:TrackPointExtension>
            <gpxtpx:hr>114</gpxtpx:hr>
          </gpxtpx:TrackPointExtension>
        </extensions>
      </trkpt>
      <trkpt lat="30.527698029471203" lon="104.06037686349626">
        <ele>0.0</ele>
        <time>2025-03-14T08:58:09Z</time>
        <extensions>
          <gpxtpx:TrackPointExtension>
            <gpxtpx:hr>114</gpxtpx:hr>
          </gpxtpx:TrackPointExtension>
        </extensions>
      </trkpt>
      <trkpt lat="30.527709554207103" lon="104.06036821762282">
        <ele>0.0</ele>
        <time>2025-03-14T08:58:10Z</time>
        <extensions>
          <gpxtpx:TrackPointExtension>
            <gpxtpx:hr>114</gpxtpx:hr>
          </gpxtpx:TrackPointExtension>
        </extensions>
      </trkpt>
      <trkpt lat="30.527722113460797" lon="104.06035905523105">
        <ele>0.0</ele>
        <time>2025-03-14T08:58:11Z</time>
        <extensions>
          <gpxtpx:TrackPointExtension>
            <gpxtpx:hr>114</gpxtpx:hr>
          </gpxtpx:TrackPointExtension>
        </extensions>
      </trkpt>
      <trkpt lat="30.52773415398768" lon="104.06035044879229">
        <ele>0.0</ele>
        <time>2025-03-14T08:58:12Z</time>
        <extensions>
          <gpxtpx:TrackPointExtension>
            <gpxtpx:hr>114</gpxtpx:hr>
          </gpxtpx:TrackPointExtension>
        </extensions>
      </trkpt>
      <trkpt lat="30.527746339513055" lon="104.06034203547689">
        <ele>0.0</ele>
        <time>2025-03-14T08:58:13Z</time>
        <extensions>
          <gpxtpx:TrackPointExtension>
            <gpxtpx:hr>117</gpxtpx:hr>
          </gpxtpx:TrackPointExtension>
        </extensions>
      </trkpt>
      <trkpt lat="30.52775872522766" lon="104.06033432538827">
        <ele>0.0</ele>
        <time>2025-03-14T08:58:14Z</time>
        <extensions>
          <gpxtpx:TrackPointExtension>
            <gpxtpx:hr>117</gpxtpx:hr>
          </gpxtpx:TrackPointExtension>
        </extensions>
      </trkpt>
      <trkpt lat="30.527771848729728" lon="104.06032701616267">
        <ele>0.0</ele>
        <time>2025-03-14T08:58:15Z</time>
        <extensions>
          <gpxtpx:TrackPointExtension>
            <gpxtpx:hr>117</gpxtpx:hr>
          </gpxtpx:TrackPointExtension>
        </extensions>
      </trkpt>
      <trkpt lat="30.52778386671756" lon="104.06032041767838">
        <ele>0.0</ele>
        <time>2025-03-14T08:58:16Z</time>
        <extensions>
          <gpxtpx:TrackPointExtension>
            <gpxtpx:hr>117</gpxtpx:hr>
          </gpxtpx:TrackPointExtension>
        </extensions>
      </trkpt>
      <trkpt lat="30.527796231224688" lon="104.06031276119832">
        <ele>0.0</ele>
        <time>2025-03-14T08:58:17Z</time>
        <extensions>
          <gpxtpx:TrackPointExtension>
            <gpxtpx:hr>117</gpxtpx:hr>
          </gpxtpx:TrackPointExtension>
        </extensions>
      </trkpt>
      <trkpt lat="30.527808556143285" lon="104.06030403328745">
        <ele>0.0</ele>
        <time>2025-03-14T08:58:18Z</time>
        <extensions>
          <gpxtpx:TrackPointExtension>
            <gpxtpx:hr>118</gpxtpx:hr>
          </gpxtpx:TrackPointExtension>
        </extensions>
      </trkpt>
      <trkpt lat="30.527822404788196" lon="104.06029348956221">
        <ele>0.0</ele>
        <time>2025-03-14T08:58:19Z</time>
        <extensions>
          <gpxtpx:TrackPointExtension>
            <gpxtpx:hr>118</gpxtpx:hr>
          </gpxtpx:TrackPointExtension>
        </extensions>
      </trkpt>
      <trkpt lat="30.527836565243305" lon="104.06028243923132">
        <ele>0.0</ele>
        <time>2025-03-14T08:58:20Z</time>
        <extensions>
          <gpxtpx:TrackPointExtension>
            <gpxtpx:hr>118</gpxtpx:hr>
          </gpxtpx:TrackPointExtension>
        </extensions>
      </trkpt>
      <trkpt lat="30.527851021123436" lon="104.06027113211258">
        <ele>0.0</ele>
        <time>2025-03-14T08:58:21Z</time>
        <extensions>
          <gpxtpx:TrackPointExtension>
            <gpxtpx:hr>118</gpxtpx:hr>
          </gpxtpx:TrackPointExtension>
        </extensions>
      </trkpt>
      <trkpt lat="30.52786588731272" lon="104.06025982898043">
        <ele>0.0</ele>
        <time>2025-03-14T08:58:22Z</time>
        <extensions>
          <gpxtpx:TrackPointExtension>
            <gpxtpx:hr>118</gpxtpx:hr>
          </gpxtpx:TrackPointExtension>
        </extensions>
      </trkpt>
      <trkpt lat="30.527881113319296" lon="104.06024863836159">
        <ele>0.0</ele>
        <time>2025-03-14T08:58:23Z</time>
        <extensions>
          <gpxtpx:TrackPointExtension>
            <gpxtpx:hr>117</gpxtpx:hr>
          </gpxtpx:TrackPointExtension>
        </extensions>
      </trkpt>
      <trkpt lat="30.527896550861183" lon="104.06023769740153">
        <ele>0.0</ele>
        <time>2025-03-14T08:58:24Z</time>
        <extensions>
          <gpxtpx:TrackPointExtension>
            <gpxtpx:hr>117</gpxtpx:hr>
          </gpxtpx:TrackPointExtension>
        </extensions>
      </trkpt>
      <trkpt lat="30.527912143507518" lon="104.06022680280917">
        <ele>0.0</ele>
        <time>2025-03-14T08:58:25Z</time>
        <extensions>
          <gpxtpx:TrackPointExtension>
            <gpxtpx:hr>117</gpxtpx:hr>
          </gpxtpx:TrackPointExtension>
        </extensions>
      </trkpt>
      <trkpt lat="30.527926071484938" lon="104.0602172256587">
        <ele>0.0</ele>
        <time>2025-03-14T08:58:26Z</time>
        <extensions>
          <gpxtpx:TrackPointExtension>
            <gpxtpx:hr>117</gpxtpx:hr>
          </gpxtpx:TrackPointExtension>
        </extensions>
      </trkpt>
      <trkpt lat="30.527939384284377" lon="104.06020804915815">
        <ele>0.0</ele>
        <time>2025-03-14T08:58:27Z</time>
        <extensions>
          <gpxtpx:TrackPointExtension>
            <gpxtpx:hr>117</gpxtpx:hr>
          </gpxtpx:TrackPointExtension>
        </extensions>
      </trkpt>
      <trkpt lat="30.52795328894565" lon="104.06019860122414">
        <ele>0.0</ele>
        <time>2025-03-14T08:58:28Z</time>
        <extensions>
          <gpxtpx:TrackPointExtension>
            <gpxtpx:hr>115</gpxtpx:hr>
          </gpxtpx:TrackPointExtension>
        </extensions>
      </trkpt>
      <trkpt lat="30.52796673407801" lon="104.06018985262074">
        <ele>0.0</ele>
        <time>2025-03-14T08:58:29Z</time>
        <extensions>
          <gpxtpx:TrackPointExtension>
            <gpxtpx:hr>115</gpxtpx:hr>
          </gpxtpx:TrackPointExtension>
        </extensions>
      </trkpt>
      <trkpt lat="30.52798125963122" lon="104.06018213216709">
        <ele>0.0</ele>
        <time>2025-03-14T08:58:30Z</time>
        <extensions>
          <gpxtpx:TrackPointExtension>
            <gpxtpx:hr>115</gpxtpx:hr>
          </gpxtpx:TrackPointExtension>
        </extensions>
      </trkpt>
      <trkpt lat="30.527994542740387" lon="104.06017743202895">
        <ele>0.0</ele>
        <time>2025-03-14T08:58:31Z</time>
        <extensions>
          <gpxtpx:TrackPointExtension>
            <gpxtpx:hr>115</gpxtpx:hr>
          </gpxtpx:TrackPointExtension>
        </extensions>
      </trkpt>
      <trkpt lat="30.528009628542705" lon="104.06017350464965">
        <ele>0.0</ele>
        <time>2025-03-14T08:58:32Z</time>
        <extensions>
          <gpxtpx:TrackPointExtension>
            <gpxtpx:hr>115</gpxtpx:hr>
          </gpxtpx:TrackPointExtension>
        </extensions>
      </trkpt>
      <trkpt lat="30.52802400671974" lon="104.06017063951018">
        <ele>0.0</ele>
        <time>2025-03-14T08:58:33Z</time>
        <extensions>
          <gpxtpx:TrackPointExtension>
            <gpxtpx:hr>126</gpxtpx:hr>
          </gpxtpx:TrackPointExtension>
        </extensions>
      </trkpt>
      <trkpt lat="30.528038840046634" lon="104.0601675233794">
        <ele>0.0</ele>
        <time>2025-03-14T08:58:34Z</time>
        <extensions>
          <gpxtpx:TrackPointExtension>
            <gpxtpx:hr>126</gpxtpx:hr>
          </gpxtpx:TrackPointExtension>
        </extensions>
      </trkpt>
      <trkpt lat="30.52805382558266" lon="104.06016402981274">
        <ele>0.0</ele>
        <time>2025-03-14T08:58:35Z</time>
        <extensions>
          <gpxtpx:TrackPointExtension>
            <gpxtpx:hr>126</gpxtpx:hr>
          </gpxtpx:TrackPointExtension>
        </extensions>
      </trkpt>
      <trkpt lat="30.528069311006604" lon="104.06016009475734">
        <ele>0.0</ele>
        <time>2025-03-14T08:58:36Z</time>
        <extensions>
          <gpxtpx:TrackPointExtension>
            <gpxtpx:hr>126</gpxtpx:hr>
          </gpxtpx:TrackPointExtension>
        </extensions>
      </trkpt>
      <trkpt lat="30.52808339065793" lon="104.06015665574866">
        <ele>0.0</ele>
        <time>2025-03-14T08:58:37Z</time>
        <extensions>
          <gpxtpx:TrackPointExtension>
            <gpxtpx:hr>126</gpxtpx:hr>
          </gpxtpx:TrackPointExtension>
        </extensions>
      </trkpt>
      <trkpt lat="30.528099451872773" lon="104.06015148474113">
        <ele>0.0</ele>
        <time>2025-03-14T08:58:38Z</time>
        <extensions>
          <gpxtpx:TrackPointExtension>
            <gpxtpx:hr>125</gpxtpx:hr>
          </gpxtpx:TrackPointExtension>
        </extensions>
      </trkpt>
      <trkpt lat="30.528113973171795" lon="104.06014667388932">
        <ele>0.0</ele>
        <time>2025-03-14T08:58:39Z</time>
        <extensions>
          <gpxtpx:TrackPointExtension>
            <gpxtpx:hr>125</gpxtpx:hr>
          </gpxtpx:TrackPointExtension>
        </extensions>
      </trkpt>
      <trkpt lat="30.528130229817535" lon="104.06014083744819">
        <ele>0.0</ele>
        <time>2025-03-14T08:58:40Z</time>
        <extensions>
          <gpxtpx:TrackPointExtension>
            <gpxtpx:hr>125</gpxtpx:hr>
          </gpxtpx:TrackPointExtension>
        </extensions>
      </trkpt>
      <trkpt lat="30.528144300407273" lon="104.06013667231157">
        <ele>0.0</ele>
        <time>2025-03-14T08:58:41Z</time>
        <extensions>
          <gpxtpx:TrackPointExtension>
            <gpxtpx:hr>125</gpxtpx:hr>
          </gpxtpx:TrackPointExtension>
        </extensions>
      </trkpt>
      <trkpt lat="30.52815951083699" lon="104.0601323239599">
        <ele>0.0</ele>
        <time>2025-03-14T08:58:42Z</time>
        <extensions>
          <gpxtpx:TrackPointExtension>
            <gpxtpx:hr>125</gpxtpx:hr>
          </gpxtpx:TrackPointExtension>
        </extensions>
      </trkpt>
      <trkpt lat="30.528173927234526" lon="104.06012835331278">
        <ele>0.0</ele>
        <time>2025-03-14T08:58:43Z</time>
        <extensions>
          <gpxtpx:TrackPointExtension>
            <gpxtpx:hr>120</gpxtpx:hr>
          </gpxtpx:TrackPointExtension>
        </extensions>
      </trkpt>
      <trkpt lat="30.528187992767823" lon="104.06012440510473">
        <ele>0.0</ele>
        <time>2025-03-14T08:58:44Z</time>
        <extensions>
          <gpxtpx:TrackPointExtension>
            <gpxtpx:hr>120</gpxtpx:hr>
          </gpxtpx:TrackPointExtension>
        </extensions>
      </trkpt>
      <trkpt lat="30.52820173602987" lon="104.06012025109528">
        <ele>0.0</ele>
        <time>2025-03-14T08:58:45Z</time>
        <extensions>
          <gpxtpx:TrackPointExtension>
            <gpxtpx:hr>120</gpxtpx:hr>
          </gpxtpx:TrackPointExtension>
        </extensions>
      </trkpt>
      <trkpt lat="30.52821543090942" lon="104.06011602201373">
        <ele>0.0</ele>
        <time>2025-03-14T08:58:46Z</time>
        <extensions>
          <gpxtpx:TrackPointExtension>
            <gpxtpx:hr>120</gpxtpx:hr>
          </gpxtpx:TrackPointExtension>
        </extensions>
      </trkpt>
      <trkpt lat="30.52822902668689" lon="104.06011164298314">
        <ele>0.0</ele>
        <time>2025-03-14T08:58:47Z</time>
        <extensions>
          <gpxtpx:TrackPointExtension>
            <gpxtpx:hr>120</gpxtpx:hr>
          </gpxtpx:TrackPointExtension>
        </extensions>
      </trkpt>
      <trkpt lat="30.528242688716" lon="104.06010698084467">
        <ele>0.0</ele>
        <time>2025-03-14T08:58:48Z</time>
        <extensions>
          <gpxtpx:TrackPointExtension>
            <gpxtpx:hr>118</gpxtpx:hr>
          </gpxtpx:TrackPointExtension>
        </extensions>
      </trkpt>
      <trkpt lat="30.528254762526295" lon="104.06010304265541">
        <ele>0.0</ele>
        <time>2025-03-14T08:58:49Z</time>
        <extensions>
          <gpxtpx:TrackPointExtension>
            <gpxtpx:hr>118</gpxtpx:hr>
          </gpxtpx:TrackPointExtension>
        </extensions>
      </trkpt>
      <trkpt lat="30.528267069297648" lon="104.0600989324922">
        <ele>0.0</ele>
        <time>2025-03-14T08:58:50Z</time>
        <extensions>
          <gpxtpx:TrackPointExtension>
            <gpxtpx:hr>118</gpxtpx:hr>
          </gpxtpx:TrackPointExtension>
        </extensions>
      </trkpt>
      <trkpt lat="30.52827919428416" lon="104.06009513278934">
        <ele>0.0</ele>
        <time>2025-03-14T08:58:51Z</time>
        <extensions>
          <gpxtpx:TrackPointExtension>
            <gpxtpx:hr>118</gpxtpx:hr>
          </gpxtpx:TrackPointExtension>
        </extensions>
      </trkpt>
      <trkpt lat="30.528293124763845" lon="104.06009045325008">
        <ele>0.0</ele>
        <time>2025-03-14T08:58:52Z</time>
        <extensions>
          <gpxtpx:TrackPointExtension>
            <gpxtpx:hr>118</gpxtpx:hr>
          </gpxtpx:TrackPointExtension>
        </extensions>
      </trkpt>
      <trkpt lat="30.52830717618856" lon="104.06008584394046">
        <ele>0.0</ele>
        <time>2025-03-14T08:58:53Z</time>
        <extensions>
          <gpxtpx:TrackPointExtension>
            <gpxtpx:hr>118</gpxtpx:hr>
          </gpxtpx:TrackPointExtension>
        </extensions>
      </trkpt>
      <trkpt lat="30.52832166292041" lon="104.06008104496443">
        <ele>0.0</ele>
        <time>2025-03-14T08:58:54Z</time>
        <extensions>
          <gpxtpx:TrackPointExtension>
            <gpxtpx:hr>118</gpxtpx:hr>
          </gpxtpx:TrackPointExtension>
        </extensions>
      </trkpt>
      <trkpt lat="30.528336486804413" lon="104.06007609774296">
        <ele>0.0</ele>
        <time>2025-03-14T08:58:55Z</time>
        <extensions>
          <gpxtpx:TrackPointExtension>
            <gpxtpx:hr>118</gpxtpx:hr>
          </gpxtpx:TrackPointExtension>
        </extensions>
      </trkpt>
      <trkpt lat="30.528350063042996" lon="104.06007208029656">
        <ele>0.0</ele>
        <time>2025-03-14T08:58:56Z</time>
        <extensions>
          <gpxtpx:TrackPointExtension>
            <gpxtpx:hr>118</gpxtpx:hr>
          </gpxtpx:TrackPointExtension>
        </extensions>
      </trkpt>
      <trkpt lat="30.52836366463841" lon="104.060068504442">
        <ele>0.0</ele>
        <time>2025-03-14T08:58:57Z</time>
        <extensions>
          <gpxtpx:TrackPointExtension>
            <gpxtpx:hr>118</gpxtpx:hr>
          </gpxtpx:TrackPointExtension>
        </extensions>
      </trkpt>
      <trkpt lat="30.5283764644902" lon="104.06006548353415">
        <ele>0.0</ele>
        <time>2025-03-14T08:58:58Z</time>
        <extensions>
          <gpxtpx:TrackPointExtension>
            <gpxtpx:hr>119</gpxtpx:hr>
          </gpxtpx:TrackPointExtension>
        </extensions>
      </trkpt>
      <trkpt lat="30.52839045912769" lon="104.06006172107423">
        <ele>0.0</ele>
        <time>2025-03-14T08:58:59Z</time>
        <extensions>
          <gpxtpx:TrackPointExtension>
            <gpxtpx:hr>119</gpxtpx:hr>
          </gpxtpx:TrackPointExtension>
        </extensions>
      </trkpt>
      <trkpt lat="30.528404017370505" lon="104.06005778805714">
        <ele>0.0</ele>
        <time>2025-03-14T08:59:00Z</time>
        <extensions>
          <gpxtpx:TrackPointExtension>
            <gpxtpx:hr>119</gpxtpx:hr>
          </gpxtpx:TrackPointExtension>
        </extensions>
      </trkpt>
      <trkpt lat="30.52841807570354" lon="104.06005379425532">
        <ele>0.0</ele>
        <time>2025-03-14T08:59:01Z</time>
        <extensions>
          <gpxtpx:TrackPointExtension>
            <gpxtpx:hr>119</gpxtpx:hr>
          </gpxtpx:TrackPointExtension>
        </extensions>
      </trkpt>
      <trkpt lat="30.528432216560848" lon="104.06004984495432">
        <ele>0.0</ele>
        <time>2025-03-14T08:59:02Z</time>
        <extensions>
          <gpxtpx:TrackPointExtension>
            <gpxtpx:hr>119</gpxtpx:hr>
          </gpxtpx:TrackPointExtension>
        </extensions>
      </trkpt>
      <trkpt lat="30.52844687915378" lon="104.06004577113472">
        <ele>0.0</ele>
        <time>2025-03-14T08:59:03Z</time>
        <extensions>
          <gpxtpx:TrackPointExtension>
            <gpxtpx:hr>119</gpxtpx:hr>
          </gpxtpx:TrackPointExtension>
        </extensions>
      </trkpt>
      <trkpt lat="30.528459782947298" lon="104.06004190070361">
        <ele>0.0</ele>
        <time>2025-03-14T08:59:04Z</time>
        <extensions>
          <gpxtpx:TrackPointExtension>
            <gpxtpx:hr>119</gpxtpx:hr>
          </gpxtpx:TrackPointExtension>
        </extensions>
      </trkpt>
      <trkpt lat="30.528472528952836" lon="104.06003793440107">
        <ele>0.0</ele>
        <time>2025-03-14T08:59:05Z</time>
        <extensions>
          <gpxtpx:TrackPointExtension>
            <gpxtpx:hr>119</gpxtpx:hr>
          </gpxtpx:TrackPointExtension>
        </extensions>
      </trkpt>
      <trkpt lat="30.528484541678893" lon="104.06003405956679">
        <ele>0.0</ele>
        <time>2025-03-14T08:59:06Z</time>
        <extensions>
          <gpxtpx:TrackPointExtension>
            <gpxtpx:hr>119</gpxtpx:hr>
          </gpxtpx:TrackPointExtension>
        </extensions>
      </trkpt>
      <trkpt lat="30.528497910799572" lon="104.06002948662479">
        <ele>0.0</ele>
        <time>2025-03-14T08:59:07Z</time>
        <extensions>
          <gpxtpx:TrackPointExtension>
            <gpxtpx:hr>119</gpxtpx:hr>
          </gpxtpx:TrackPointExtension>
        </extensions>
      </trkpt>
      <trkpt lat="30.528511200857253" lon="104.06002480513624">
        <ele>0.0</ele>
        <time>2025-03-14T08:59:08Z</time>
        <extensions>
          <gpxtpx:TrackPointExtension>
            <gpxtpx:hr>118</gpxtpx:hr>
          </gpxtpx:TrackPointExtension>
        </extensions>
      </trkpt>
      <trkpt lat="30.528524883414658" lon="104.06001994001392">
        <ele>0.0</ele>
        <time>2025-03-14T08:59:09Z</time>
        <extensions>
          <gpxtpx:TrackPointExtension>
            <gpxtpx:hr>118</gpxtpx:hr>
          </gpxtpx:TrackPointExtension>
        </extensions>
      </trkpt>
      <trkpt lat="30.52853896475714" lon="104.06001537537509">
        <ele>0.0</ele>
        <time>2025-03-14T08:59:10Z</time>
        <extensions>
          <gpxtpx:TrackPointExtension>
            <gpxtpx:hr>118</gpxtpx:hr>
          </gpxtpx:TrackPointExtension>
        </extensions>
      </trkpt>
      <trkpt lat="30.528553053717303" lon="104.06001102890116">
        <ele>0.0</ele>
        <time>2025-03-14T08:59:11Z</time>
        <extensions>
          <gpxtpx:TrackPointExtension>
            <gpxtpx:hr>118</gpxtpx:hr>
          </gpxtpx:TrackPointExtension>
        </extensions>
      </trkpt>
      <trkpt lat="30.528567299246042" lon="104.06000717718294">
        <ele>0.0</ele>
        <time>2025-03-14T08:59:12Z</time>
        <extensions>
          <gpxtpx:TrackPointExtension>
            <gpxtpx:hr>118</gpxtpx:hr>
          </gpxtpx:TrackPointExtension>
        </extensions>
      </trkpt>
      <trkpt lat="30.52858157439028" lon="104.06000370412738">
        <ele>0.0</ele>
        <time>2025-03-14T08:59:13Z</time>
        <extensions>
          <gpxtpx:TrackPointExtension>
            <gpxtpx:hr>117</gpxtpx:hr>
          </gpxtpx:TrackPointExtension>
        </extensions>
      </trkpt>
      <trkpt lat="30.528596328866218" lon="104.06000032873933">
        <ele>0.0</ele>
        <time>2025-03-14T08:59:14Z</time>
        <extensions>
          <gpxtpx:TrackPointExtension>
            <gpxtpx:hr>117</gpxtpx:hr>
          </gpxtpx:TrackPointExtension>
        </extensions>
      </trkpt>
      <trkpt lat="30.528612485085294" lon="104.05999641441352">
        <ele>0.0</ele>
        <time>2025-03-14T08:59:15Z</time>
        <extensions>
          <gpxtpx:TrackPointExtension>
            <gpxtpx:hr>117</gpxtpx:hr>
          </gpxtpx:TrackPointExtension>
        </extensions>
      </trkpt>
      <trkpt lat="30.528628741306267" lon="104.05999237297685">
        <ele>0.0</ele>
        <time>2025-03-14T08:59:16Z</time>
        <extensions>
          <gpxtpx:TrackPointExtension>
            <gpxtpx:hr>117</gpxtpx:hr>
          </gpxtpx:TrackPointExtension>
        </extensions>
      </trkpt>
      <trkpt lat="30.528645378410257" lon="104.05998829137845">
        <ele>0.0</ele>
        <time>2025-03-14T08:59:17Z</time>
        <extensions>
          <gpxtpx:TrackPointExtension>
            <gpxtpx:hr>117</gpxtpx:hr>
          </gpxtpx:TrackPointExtension>
        </extensions>
      </trkpt>
      <trkpt lat="30.528658308695118" lon="104.05998527266061">
        <ele>0.0</ele>
        <time>2025-03-14T08:59:18Z</time>
        <extensions>
          <gpxtpx:TrackPointExtension>
            <gpxtpx:hr>116</gpxtpx:hr>
          </gpxtpx:TrackPointExtension>
        </extensions>
      </trkpt>
      <trkpt lat="30.528670702153946" lon="104.05998244008009">
        <ele>0.0</ele>
        <time>2025-03-14T08:59:19Z</time>
        <extensions>
          <gpxtpx:TrackPointExtension>
            <gpxtpx:hr>116</gpxtpx:hr>
          </gpxtpx:TrackPointExtension>
        </extensions>
      </trkpt>
      <trkpt lat="30.52868212289179" lon="104.0599798415891">
        <ele>0.0</ele>
        <time>2025-03-14T08:59:20Z</time>
        <extensions>
          <gpxtpx:TrackPointExtension>
            <gpxtpx:hr>116</gpxtpx:hr>
          </gpxtpx:TrackPointExtension>
        </extensions>
      </trkpt>
      <trkpt lat="30.528695680575275" lon="104.0599767082007">
        <ele>0.0</ele>
        <time>2025-03-14T08:59:21Z</time>
        <extensions>
          <gpxtpx:TrackPointExtension>
            <gpxtpx:hr>116</gpxtpx:hr>
          </gpxtpx:TrackPointExtension>
        </extensions>
      </trkpt>
      <trkpt lat="30.528709700487994" lon="104.05997335556306">
        <ele>0.0</ele>
        <time>2025-03-14T08:59:22Z</time>
        <extensions>
          <gpxtpx:TrackPointExtension>
            <gpxtpx:hr>116</gpxtpx:hr>
          </gpxtpx:TrackPointExtension>
        </extensions>
      </trkpt>
      <trkpt lat="30.52872421125708" lon="104.05996975607638">
        <ele>0.0</ele>
        <time>2025-03-14T08:59:23Z</time>
        <extensions>
          <gpxtpx:TrackPointExtension>
            <gpxtpx:hr>115</gpxtpx:hr>
          </gpxtpx:TrackPointExtension>
        </extensions>
      </trkpt>
      <trkpt lat="30.52873899322735" lon="104.05996594595216">
        <ele>0.0</ele>
        <time>2025-03-14T08:59:24Z</time>
        <extensions>
          <gpxtpx:TrackPointExtension>
            <gpxtpx:hr>115</gpxtpx:hr>
          </gpxtpx:TrackPointExtension>
        </extensions>
      </trkpt>
      <trkpt lat="30.52875386896019" lon="104.05996201280982">
        <ele>0.0</ele>
        <time>2025-03-14T08:59:25Z</time>
        <extensions>
          <gpxtpx:TrackPointExtension>
            <gpxtpx:hr>115</gpxtpx:hr>
          </gpxtpx:TrackPointExtension>
        </extensions>
      </trkpt>
      <trkpt lat="30.52876879328979" lon="104.05995800922442">
        <ele>0.0</ele>
        <time>2025-03-14T08:59:26Z</time>
        <extensions>
          <gpxtpx:TrackPointExtension>
            <gpxtpx:hr>115</gpxtpx:hr>
          </gpxtpx:TrackPointExtension>
        </extensions>
      </trkpt>
      <trkpt lat="30.528783931095774" lon="104.05995393456374">
        <ele>0.0</ele>
        <time>2025-03-14T08:59:27Z</time>
        <extensions>
          <gpxtpx:TrackPointExtension>
            <gpxtpx:hr>115</gpxtpx:hr>
          </gpxtpx:TrackPointExtension>
        </extensions>
      </trkpt>
      <trkpt lat="30.52879671956673" lon="104.05995038658558">
        <ele>0.0</ele>
        <time>2025-03-14T08:59:28Z</time>
        <extensions>
          <gpxtpx:TrackPointExtension>
            <gpxtpx:hr>115</gpxtpx:hr>
          </gpxtpx:TrackPointExtension>
        </extensions>
      </trkpt>
      <trkpt lat="30.52880907059415" lon="104.05994693331579">
        <ele>0.0</ele>
        <time>2025-03-14T08:59:29Z</time>
        <extensions>
          <gpxtpx:TrackPointExtension>
            <gpxtpx:hr>115</gpxtpx:hr>
          </gpxtpx:TrackPointExtension>
        </extensions>
      </trkpt>
      <trkpt lat="30.52882059931634" lon="104.05994368476006">
        <ele>0.0</ele>
        <time>2025-03-14T08:59:30Z</time>
        <extensions>
          <gpxtpx:TrackPointExtension>
            <gpxtpx:hr>115</gpxtpx:hr>
          </gpxtpx:TrackPointExtension>
        </extensions>
      </trkpt>
      <trkpt lat="30.52883418187728" lon="104.059940039637">
        <ele>0.0</ele>
        <time>2025-03-14T08:59:31Z</time>
        <extensions>
          <gpxtpx:TrackPointExtension>
            <gpxtpx:hr>115</gpxtpx:hr>
          </gpxtpx:TrackPointExtension>
        </extensions>
      </trkpt>
      <trkpt lat="30.528847744521617" lon="104.05993652916085">
        <ele>0.0</ele>
        <time>2025-03-14T08:59:32Z</time>
        <extensions>
          <gpxtpx:TrackPointExtension>
            <gpxtpx:hr>115</gpxtpx:hr>
          </gpxtpx:TrackPointExtension>
        </extensions>
      </trkpt>
      <trkpt lat="30.528861684543276" lon="104.0599331101907">
        <ele>0.0</ele>
        <time>2025-03-14T08:59:33Z</time>
        <extensions>
          <gpxtpx:TrackPointExtension>
            <gpxtpx:hr>115</gpxtpx:hr>
          </gpxtpx:TrackPointExtension>
        </extensions>
      </trkpt>
      <trkpt lat="30.52887572561376" lon="104.0599298643712">
        <ele>0.0</ele>
        <time>2025-03-14T08:59:34Z</time>
        <extensions>
          <gpxtpx:TrackPointExtension>
            <gpxtpx:hr>115</gpxtpx:hr>
          </gpxtpx:TrackPointExtension>
        </extensions>
      </trkpt>
      <trkpt lat="30.52889011208322" lon="104.0599267336537">
        <ele>0.0</ele>
        <time>2025-03-14T08:59:35Z</time>
        <extensions>
          <gpxtpx:TrackPointExtension>
            <gpxtpx:hr>115</gpxtpx:hr>
          </gpxtpx:TrackPointExtension>
        </extensions>
      </trkpt>
      <trkpt lat="30.528904717310702" lon="104.0599237554752">
        <ele>0.0</ele>
        <time>2025-03-14T08:59:36Z</time>
        <extensions>
          <gpxtpx:TrackPointExtension>
            <gpxtpx:hr>115</gpxtpx:hr>
          </gpxtpx:TrackPointExtension>
        </extensions>
      </trkpt>
      <trkpt lat="30.528919803971036" lon="104.05992086799769">
        <ele>0.0</ele>
        <time>2025-03-14T08:59:37Z</time>
        <extensions>
          <gpxtpx:TrackPointExtension>
            <gpxtpx:hr>115</gpxtpx:hr>
          </gpxtpx:TrackPointExtension>
        </extensions>
      </trkpt>
      <trkpt lat="30.528932799621973" lon="104.05991863435214">
        <ele>0.0</ele>
        <time>2025-03-14T08:59:38Z</time>
        <extensions>
          <gpxtpx:TrackPointExtension>
            <gpxtpx:hr>114</gpxtpx:hr>
          </gpxtpx:TrackPointExtension>
        </extensions>
      </trkpt>
      <trkpt lat="30.52894543940932" lon="104.05991662794844">
        <ele>0.0</ele>
        <time>2025-03-14T08:59:39Z</time>
        <extensions>
          <gpxtpx:TrackPointExtension>
            <gpxtpx:hr>114</gpxtpx:hr>
          </gpxtpx:TrackPointExtension>
        </extensions>
      </trkpt>
      <trkpt lat="30.52895723049682" lon="104.05991491572252">
        <ele>0.0</ele>
        <time>2025-03-14T08:59:40Z</time>
        <extensions>
          <gpxtpx:TrackPointExtension>
            <gpxtpx:hr>114</gpxtpx:hr>
          </gpxtpx:TrackPointExtension>
        </extensions>
      </trkpt>
      <trkpt lat="30.528971078274655" lon="104.05991282510398">
        <ele>0.0</ele>
        <time>2025-03-14T08:59:41Z</time>
        <extensions>
          <gpxtpx:TrackPointExtension>
            <gpxtpx:hr>114</gpxtpx:hr>
          </gpxtpx:TrackPointExtension>
        </extensions>
      </trkpt>
      <trkpt lat="30.52898515232531" lon="104.05991072409385">
        <ele>0.0</ele>
        <time>2025-03-14T08:59:42Z</time>
        <extensions>
          <gpxtpx:TrackPointExtension>
            <gpxtpx:hr>114</gpxtpx:hr>
          </gpxtpx:TrackPointExtension>
        </extensions>
      </trkpt>
      <trkpt lat="30.528999681552662" lon="104.05990851765982">
        <ele>0.0</ele>
        <time>2025-03-14T08:59:43Z</time>
        <extensions>
          <gpxtpx:TrackPointExtension>
            <gpxtpx:hr>115</gpxtpx:hr>
          </gpxtpx:TrackPointExtension>
        </extensions>
      </trkpt>
      <trkpt lat="30.52901405655757" lon="104.05990626932278">
        <ele>0.0</ele>
        <time>2025-03-14T08:59:44Z</time>
        <extensions>
          <gpxtpx:TrackPointExtension>
            <gpxtpx:hr>115</gpxtpx:hr>
          </gpxtpx:TrackPointExtension>
        </extensions>
      </trkpt>
      <trkpt lat="30.529028427028667" lon="104.05990388089633">
        <ele>0.0</ele>
        <time>2025-03-14T08:59:45Z</time>
        <extensions>
          <gpxtpx:TrackPointExtension>
            <gpxtpx:hr>115</gpxtpx:hr>
          </gpxtpx:TrackPointExtension>
        </extensions>
      </trkpt>
      <trkpt lat="30.529040276049127" lon="104.05990184805341">
        <ele>0.0</ele>
        <time>2025-03-14T08:59:46Z</time>
        <extensions>
          <gpxtpx:TrackPointExtension>
            <gpxtpx:hr>115</gpxtpx:hr>
          </gpxtpx:TrackPointExtension>
        </extensions>
      </trkpt>
      <trkpt lat="30.529051682702324" lon="104.05989969491576">
        <ele>0.0</ele>
        <time>2025-03-14T08:59:47Z</time>
        <extensions>
          <gpxtpx:TrackPointExtension>
            <gpxtpx:hr>115</gpxtpx:hr>
          </gpxtpx:TrackPointExtension>
        </extensions>
      </trkpt>
      <trkpt lat="30.52906230769568" lon="104.0598975007637">
        <ele>0.0</ele>
        <time>2025-03-14T08:59:48Z</time>
        <extensions>
          <gpxtpx:TrackPointExtension>
            <gpxtpx:hr>115</gpxtpx:hr>
          </gpxtpx:TrackPointExtension>
        </extensions>
      </trkpt>
      <trkpt lat="30.529074918764604" lon="104.05989470736411">
        <ele>0.0</ele>
        <time>2025-03-14T08:59:49Z</time>
        <extensions>
          <gpxtpx:TrackPointExtension>
            <gpxtpx:hr>115</gpxtpx:hr>
          </gpxtpx:TrackPointExtension>
        </extensions>
      </trkpt>
      <trkpt lat="30.529087574093648" lon="104.0598917838674">
        <ele>0.0</ele>
        <time>2025-03-14T08:59:50Z</time>
        <extensions>
          <gpxtpx:TrackPointExtension>
            <gpxtpx:hr>115</gpxtpx:hr>
          </gpxtpx:TrackPointExtension>
        </extensions>
      </trkpt>
      <trkpt lat="30.529101831761842" lon="104.0598878125674">
        <ele>0.0</ele>
        <time>2025-03-14T08:59:51Z</time>
        <extensions>
          <gpxtpx:TrackPointExtension>
            <gpxtpx:hr>115</gpxtpx:hr>
          </gpxtpx:TrackPointExtension>
        </extensions>
      </trkpt>
      <trkpt lat="30.529117424557406" lon="104.05988283006451">
        <ele>0.0</ele>
        <time>2025-03-14T08:59:52Z</time>
        <extensions>
          <gpxtpx:TrackPointExtension>
            <gpxtpx:hr>115</gpxtpx:hr>
          </gpxtpx:TrackPointExtension>
        </extensions>
      </trkpt>
      <trkpt lat="30.529135106279092" lon="104.0598765151269">
        <ele>0.0</ele>
        <time>2025-03-14T08:59:53Z</time>
        <extensions>
          <gpxtpx:TrackPointExtension>
            <gpxtpx:hr>116</gpxtpx:hr>
          </gpxtpx:TrackPointExtension>
        </extensions>
      </trkpt>
      <trkpt lat="30.529152362733477" lon="104.05987114330351">
        <ele>0.0</ele>
        <time>2025-03-14T08:59:54Z</time>
        <extensions>
          <gpxtpx:TrackPointExtension>
            <gpxtpx:hr>116</gpxtpx:hr>
          </gpxtpx:TrackPointExtension>
        </extensions>
      </trkpt>
      <trkpt lat="30.529168747215333" lon="104.05986699115188">
        <ele>0.0</ele>
        <time>2025-03-14T08:59:55Z</time>
        <extensions>
          <gpxtpx:TrackPointExtension>
            <gpxtpx:hr>116</gpxtpx:hr>
          </gpxtpx:TrackPointExtension>
        </extensions>
      </trkpt>
      <trkpt lat="30.52918090124637" lon="104.05986479030274">
        <ele>0.0</ele>
        <time>2025-03-14T08:59:56Z</time>
        <extensions>
          <gpxtpx:TrackPointExtension>
            <gpxtpx:hr>116</gpxtpx:hr>
          </gpxtpx:TrackPointExtension>
        </extensions>
      </trkpt>
      <trkpt lat="30.529191753476603" lon="104.05986328779957">
        <ele>0.0</ele>
        <time>2025-03-14T08:59:57Z</time>
        <extensions>
          <gpxtpx:TrackPointExtension>
            <gpxtpx:hr>116</gpxtpx:hr>
          </gpxtpx:TrackPointExtension>
        </extensions>
      </trkpt>
      <trkpt lat="30.52920143361675" lon="104.059862425289">
        <ele>0.0</ele>
        <time>2025-03-14T08:59:58Z</time>
        <extensions>
          <gpxtpx:TrackPointExtension>
            <gpxtpx:hr>115</gpxtpx:hr>
          </gpxtpx:TrackPointExtension>
        </extensions>
      </trkpt>
      <trkpt lat="30.52921280813544" lon="104.05986188693785">
        <ele>0.0</ele>
        <time>2025-03-14T08:59:59Z</time>
        <extensions>
          <gpxtpx:TrackPointExtension>
            <gpxtpx:hr>115</gpxtpx:hr>
          </gpxtpx:TrackPointExtension>
        </extensions>
      </trkpt>
      <trkpt lat="30.529224221797506" lon="104.05986165763802">
        <ele>0.0</ele>
        <time>2025-03-14T09:00:00Z</time>
        <extensions>
          <gpxtpx:TrackPointExtension>
            <gpxtpx:hr>115</gpxtpx:hr>
          </gpxtpx:TrackPointExtension>
        </extensions>
      </trkpt>
      <trkpt lat="30.529235864716323" lon="104.05986164594667">
        <ele>0.0</ele>
        <time>2025-03-14T09:00:01Z</time>
        <extensions>
          <gpxtpx:TrackPointExtension>
            <gpxtpx:hr>115</gpxtpx:hr>
          </gpxtpx:TrackPointExtension>
        </extensions>
      </trkpt>
      <trkpt lat="30.529247565660295" lon="104.05986187146934">
        <ele>0.0</ele>
        <time>2025-03-14T09:00:02Z</time>
        <extensions>
          <gpxtpx:TrackPointExtension>
            <gpxtpx:hr>115</gpxtpx:hr>
          </gpxtpx:TrackPointExtension>
        </extensions>
      </trkpt>
      <trkpt lat="30.529259091456268" lon="104.0598623427007">
        <ele>0.0</ele>
        <time>2025-03-14T09:00:03Z</time>
        <extensions>
          <gpxtpx:TrackPointExtension>
            <gpxtpx:hr>114</gpxtpx:hr>
          </gpxtpx:TrackPointExtension>
        </extensions>
      </trkpt>
      <trkpt lat="30.52927077943605" lon="104.0598630082269">
        <ele>0.0</ele>
        <time>2025-03-14T09:00:04Z</time>
        <extensions>
          <gpxtpx:TrackPointExtension>
            <gpxtpx:hr>114</gpxtpx:hr>
          </gpxtpx:TrackPointExtension>
        </extensions>
      </trkpt>
      <trkpt lat="30.529282717802214" lon="104.05986371719375">
        <ele>0.0</ele>
        <time>2025-03-14T09:00:05Z</time>
        <extensions>
          <gpxtpx:TrackPointExtension>
            <gpxtpx:hr>114</gpxtpx:hr>
          </gpxtpx:TrackPointExtension>
        </extensions>
      </trkpt>
      <trkpt lat="30.529292771089764" lon="104.0598643837512">
        <ele>0.0</ele>
        <time>2025-03-14T09:00:06Z</time>
        <extensions>
          <gpxtpx:TrackPointExtension>
            <gpxtpx:hr>114</gpxtpx:hr>
          </gpxtpx:TrackPointExtension>
        </extensions>
      </trkpt>
      <trkpt lat="30.529302930021576" lon="104.05986484705224">
        <ele>0.0</ele>
        <time>2025-03-14T09:00:07Z</time>
        <extensions>
          <gpxtpx:TrackPointExtension>
            <gpxtpx:hr>114</gpxtpx:hr>
          </gpxtpx:TrackPointExtension>
        </extensions>
      </trkpt>
      <trkpt lat="30.52931323707628" lon="104.05986503291555">
        <ele>0.0</ele>
        <time>2025-03-14T09:00:08Z</time>
        <extensions>
          <gpxtpx:TrackPointExtension>
            <gpxtpx:hr>112</gpxtpx:hr>
          </gpxtpx:TrackPointExtension>
        </extensions>
      </trkpt>
      <trkpt lat="30.52932660859473" lon="104.05986473853645">
        <ele>0.0</ele>
        <time>2025-03-14T09:00:09Z</time>
        <extensions>
          <gpxtpx:TrackPointExtension>
            <gpxtpx:hr>112</gpxtpx:hr>
          </gpxtpx:TrackPointExtension>
        </extensions>
      </trkpt>
      <trkpt lat="30.52934120197285" lon="104.05986375809486">
        <ele>0.0</ele>
        <time>2025-03-14T09:00:10Z</time>
        <extensions>
          <gpxtpx:TrackPointExtension>
            <gpxtpx:hr>112</gpxtpx:hr>
          </gpxtpx:TrackPointExtension>
        </extensions>
      </trkpt>
      <trkpt lat="30.529357290238462" lon="104.05986171308152">
        <ele>0.0</ele>
        <time>2025-03-14T09:00:11Z</time>
        <extensions>
          <gpxtpx:TrackPointExtension>
            <gpxtpx:hr>112</gpxtpx:hr>
          </gpxtpx:TrackPointExtension>
        </extensions>
      </trkpt>
      <trkpt lat="30.529374600009152" lon="104.05985819899504">
        <ele>0.0</ele>
        <time>2025-03-14T09:00:12Z</time>
        <extensions>
          <gpxtpx:TrackPointExtension>
            <gpxtpx:hr>112</gpxtpx:hr>
          </gpxtpx:TrackPointExtension>
        </extensions>
      </trkpt>
      <trkpt lat="30.529393057602853" lon="104.05985324897618">
        <ele>0.0</ele>
        <time>2025-03-14T09:00:13Z</time>
        <extensions>
          <gpxtpx:TrackPointExtension>
            <gpxtpx:hr>112</gpxtpx:hr>
          </gpxtpx:TrackPointExtension>
        </extensions>
      </trkpt>
      <trkpt lat="30.529412466448285" lon="104.05984698343717">
        <ele>0.0</ele>
        <time>2025-03-14T09:00:14Z</time>
        <extensions>
          <gpxtpx:TrackPointExtension>
            <gpxtpx:hr>112</gpxtpx:hr>
          </gpxtpx:TrackPointExtension>
        </extensions>
      </trkpt>
      <trkpt lat="30.529432782372556" lon="104.05983972046646">
        <ele>0.0</ele>
        <time>2025-03-14T09:00:15Z</time>
        <extensions>
          <gpxtpx:TrackPointExtension>
            <gpxtpx:hr>112</gpxtpx:hr>
          </gpxtpx:TrackPointExtension>
        </extensions>
      </trkpt>
      <trkpt lat="30.529453698475553" lon="104.05983160612777">
        <ele>0.0</ele>
        <time>2025-03-14T09:00:16Z</time>
        <extensions>
          <gpxtpx:TrackPointExtension>
            <gpxtpx:hr>112</gpxtpx:hr>
          </gpxtpx:TrackPointExtension>
        </extensions>
      </trkpt>
      <trkpt lat="30.52947249764281" lon="104.05982349029169">
        <ele>0.0</ele>
        <time>2025-03-14T09:00:17Z</time>
        <extensions>
          <gpxtpx:TrackPointExtension>
            <gpxtpx:hr>112</gpxtpx:hr>
          </gpxtpx:TrackPointExtension>
        </extensions>
      </trkpt>
      <trkpt lat="30.52949082256656" lon="104.05981625628075">
        <ele>0.0</ele>
        <time>2025-03-14T09:00:18Z</time>
        <extensions>
          <gpxtpx:TrackPointExtension>
            <gpxtpx:hr>111</gpxtpx:hr>
          </gpxtpx:TrackPointExtension>
        </extensions>
      </trkpt>
      <trkpt lat="30.529508395141626" lon="104.05981078597839">
        <ele>0.0</ele>
        <time>2025-03-14T09:00:19Z</time>
        <extensions>
          <gpxtpx:TrackPointExtension>
            <gpxtpx:hr>111</gpxtpx:hr>
          </gpxtpx:TrackPointExtension>
        </extensions>
      </trkpt>
      <trkpt lat="30.52952820606278" lon="104.0598072876866">
        <ele>0.0</ele>
        <time>2025-03-14T09:00:20Z</time>
        <extensions>
          <gpxtpx:TrackPointExtension>
            <gpxtpx:hr>111</gpxtpx:hr>
          </gpxtpx:TrackPointExtension>
        </extensions>
      </trkpt>
      <trkpt lat="30.52954818525201" lon="104.05980575593405">
        <ele>0.0</ele>
        <time>2025-03-14T09:00:21Z</time>
        <extensions>
          <gpxtpx:TrackPointExtension>
            <gpxtpx:hr>111</gpxtpx:hr>
          </gpxtpx:TrackPointExtension>
        </extensions>
      </trkpt>
      <trkpt lat="30.52956872107757" lon="104.05980600682031">
        <ele>0.0</ele>
        <time>2025-03-14T09:00:22Z</time>
        <extensions>
          <gpxtpx:TrackPointExtension>
            <gpxtpx:hr>111</gpxtpx:hr>
          </gpxtpx:TrackPointExtension>
        </extensions>
      </trkpt>
      <trkpt lat="30.52958695765122" lon="104.05980774739857">
        <ele>0.0</ele>
        <time>2025-03-14T09:00:23Z</time>
        <extensions>
          <gpxtpx:TrackPointExtension>
            <gpxtpx:hr>111</gpxtpx:hr>
          </gpxtpx:TrackPointExtension>
        </extensions>
      </trkpt>
      <trkpt lat="30.529604756562478" lon="104.0598106482756">
        <ele>0.0</ele>
        <time>2025-03-14T09:00:24Z</time>
        <extensions>
          <gpxtpx:TrackPointExtension>
            <gpxtpx:hr>111</gpxtpx:hr>
          </gpxtpx:TrackPointExtension>
        </extensions>
      </trkpt>
      <trkpt lat="30.52962201756176" lon="104.05981431075">
        <ele>0.0</ele>
        <time>2025-03-14T09:00:25Z</time>
        <extensions>
          <gpxtpx:TrackPointExtension>
            <gpxtpx:hr>111</gpxtpx:hr>
          </gpxtpx:TrackPointExtension>
        </extensions>
      </trkpt>
      <trkpt lat="30.529641070140354" lon="104.05981840980729">
        <ele>0.0</ele>
        <time>2025-03-14T09:00:26Z</time>
        <extensions>
          <gpxtpx:TrackPointExtension>
            <gpxtpx:hr>111</gpxtpx:hr>
          </gpxtpx:TrackPointExtension>
        </extensions>
      </trkpt>
      <trkpt lat="30.529660155335144" lon="104.05982267239979">
        <ele>0.0</ele>
        <time>2025-03-14T09:00:27Z</time>
        <extensions>
          <gpxtpx:TrackPointExtension>
            <gpxtpx:hr>111</gpxtpx:hr>
          </gpxtpx:TrackPointExtension>
        </extensions>
      </trkpt>
      <trkpt lat="30.52967935984687" lon="104.05982693224213">
        <ele>0.0</ele>
        <time>2025-03-14T09:00:28Z</time>
        <extensions>
          <gpxtpx:TrackPointExtension>
            <gpxtpx:hr>112</gpxtpx:hr>
          </gpxtpx:TrackPointExtension>
        </extensions>
      </trkpt>
      <trkpt lat="30.529698800117362" lon="104.05983108578974">
        <ele>0.0</ele>
        <time>2025-03-14T09:00:29Z</time>
        <extensions>
          <gpxtpx:TrackPointExtension>
            <gpxtpx:hr>112</gpxtpx:hr>
          </gpxtpx:TrackPointExtension>
        </extensions>
      </trkpt>
      <trkpt lat="30.52971803281027" lon="104.05983508341635">
        <ele>0.0</ele>
        <time>2025-03-14T09:00:30Z</time>
        <extensions>
          <gpxtpx:TrackPointExtension>
            <gpxtpx:hr>112</gpxtpx:hr>
          </gpxtpx:TrackPointExtension>
        </extensions>
      </trkpt>
      <trkpt lat="30.529734484810703" lon="104.05983886217228">
        <ele>0.0</ele>
        <time>2025-03-14T09:00:31Z</time>
        <extensions>
          <gpxtpx:TrackPointExtension>
            <gpxtpx:hr>112</gpxtpx:hr>
          </gpxtpx:TrackPointExtension>
        </extensions>
      </trkpt>
      <trkpt lat="30.52974978974322" lon="104.05984237162248">
        <ele>0.0</ele>
        <time>2025-03-14T09:00:32Z</time>
        <extensions>
          <gpxtpx:TrackPointExtension>
            <gpxtpx:hr>112</gpxtpx:hr>
          </gpxtpx:TrackPointExtension>
        </extensions>
      </trkpt>
      <trkpt lat="30.5297640606335" lon="104.05984557261273">
        <ele>0.0</ele>
        <time>2025-03-14T09:00:33Z</time>
        <extensions>
          <gpxtpx:TrackPointExtension>
            <gpxtpx:hr>112</gpxtpx:hr>
          </gpxtpx:TrackPointExtension>
        </extensions>
      </trkpt>
      <trkpt lat="30.52977973238504" lon="104.05984844836497">
        <ele>0.0</ele>
        <time>2025-03-14T09:00:34Z</time>
        <extensions>
          <gpxtpx:TrackPointExtension>
            <gpxtpx:hr>112</gpxtpx:hr>
          </gpxtpx:TrackPointExtension>
        </extensions>
      </trkpt>
      <trkpt lat="30.52979501562543" lon="104.05985095030532">
        <ele>0.0</ele>
        <time>2025-03-14T09:00:35Z</time>
        <extensions>
          <gpxtpx:TrackPointExtension>
            <gpxtpx:hr>112</gpxtpx:hr>
          </gpxtpx:TrackPointExtension>
        </extensions>
      </trkpt>
      <trkpt lat="30.529810035775714" lon="104.05985302925558">
        <ele>0.0</ele>
        <time>2025-03-14T09:00:36Z</time>
        <extensions>
          <gpxtpx:TrackPointExtension>
            <gpxtpx:hr>112</gpxtpx:hr>
          </gpxtpx:TrackPointExtension>
        </extensions>
      </trkpt>
      <trkpt lat="30.52982751256371" lon="104.05985659001782">
        <ele>0.0</ele>
        <time>2025-03-14T09:00:37Z</time>
        <extensions>
          <gpxtpx:TrackPointExtension>
            <gpxtpx:hr>112</gpxtpx:hr>
          </gpxtpx:TrackPointExtension>
        </extensions>
      </trkpt>
      <trkpt lat="30.529846671896728" lon="104.05986196340082">
        <ele>0.0</ele>
        <time>2025-03-14T09:00:38Z</time>
        <extensions>
          <gpxtpx:TrackPointExtension>
            <gpxtpx:hr>113</gpxtpx:hr>
          </gpxtpx:TrackPointExtension>
        </extensions>
      </trkpt>
      <trkpt lat="30.52986802954336" lon="104.05987027372126">
        <ele>0.0</ele>
        <time>2025-03-14T09:00:39Z</time>
        <extensions>
          <gpxtpx:TrackPointExtension>
            <gpxtpx:hr>113</gpxtpx:hr>
          </gpxtpx:TrackPointExtension>
        </extensions>
      </trkpt>
      <trkpt lat="30.529884785563304" lon="104.059877594997">
        <ele>0.0</ele>
        <time>2025-03-14T09:00:40Z</time>
        <extensions>
          <gpxtpx:TrackPointExtension>
            <gpxtpx:hr>113</gpxtpx:hr>
          </gpxtpx:TrackPointExtension>
        </extensions>
      </trkpt>
      <trkpt lat="30.52989942333489" lon="104.0598841452089">
        <ele>0.0</ele>
        <time>2025-03-14T09:00:41Z</time>
        <extensions>
          <gpxtpx:TrackPointExtension>
            <gpxtpx:hr>113</gpxtpx:hr>
          </gpxtpx:TrackPointExtension>
        </extensions>
      </trkpt>
      <trkpt lat="30.52991108992152" lon="104.05988858100469">
        <ele>0.0</ele>
        <time>2025-03-14T09:00:42Z</time>
        <extensions>
          <gpxtpx:TrackPointExtension>
            <gpxtpx:hr>113</gpxtpx:hr>
          </gpxtpx:TrackPointExtension>
        </extensions>
      </trkpt>
      <trkpt lat="30.529924118014094" lon="104.05989298898035">
        <ele>0.0</ele>
        <time>2025-03-14T09:00:43Z</time>
        <extensions>
          <gpxtpx:TrackPointExtension>
            <gpxtpx:hr>113</gpxtpx:hr>
          </gpxtpx:TrackPointExtension>
        </extensions>
      </trkpt>
      <trkpt lat="30.52993680557334" lon="104.05989682584733">
        <ele>0.0</ele>
        <time>2025-03-14T09:00:44Z</time>
        <extensions>
          <gpxtpx:TrackPointExtension>
            <gpxtpx:hr>113</gpxtpx:hr>
          </gpxtpx:TrackPointExtension>
        </extensions>
      </trkpt>
      <trkpt lat="30.529952353233337" lon="104.05990094402577">
        <ele>0.0</ele>
        <time>2025-03-14T09:00:45Z</time>
        <extensions>
          <gpxtpx:TrackPointExtension>
            <gpxtpx:hr>113</gpxtpx:hr>
          </gpxtpx:TrackPointExtension>
        </extensions>
      </trkpt>
      <trkpt lat="30.529968627220565" lon="104.05990487160636">
        <ele>0.0</ele>
        <time>2025-03-14T09:00:46Z</time>
        <extensions>
          <gpxtpx:TrackPointExtension>
            <gpxtpx:hr>113</gpxtpx:hr>
          </gpxtpx:TrackPointExtension>
        </extensions>
      </trkpt>
      <trkpt lat="30.52998587228003" lon="104.05990871852038">
        <ele>0.0</ele>
        <time>2025-03-14T09:00:48Z</time>
        <extensions>
          <gpxtpx:TrackPointExtension>
            <gpxtpx:hr>112</gpxtpx:hr>
          </gpxtpx:TrackPointExtension>
        </extensions>
      </trkpt>
      <trkpt lat="30.529998681264185" lon="104.05991124877718">
        <ele>0.0</ele>
        <time>2025-03-14T09:00:49Z</time>
        <extensions>
          <gpxtpx:TrackPointExtension>
            <gpxtpx:hr>112</gpxtpx:hr>
          </gpxtpx:TrackPointExtension>
        </extensions>
      </trkpt>
      <trkpt lat="30.5300109001997" lon="104.059913428873">
        <ele>0.0</ele>
        <time>2025-03-14T09:00:50Z</time>
        <extensions>
          <gpxtpx:TrackPointExtension>
            <gpxtpx:hr>112</gpxtpx:hr>
          </gpxtpx:TrackPointExtension>
        </extensions>
      </trkpt>
      <trkpt lat="30.530022143886224" lon="104.05991521718659">
        <ele>0.0</ele>
        <time>2025-03-14T09:00:51Z</time>
        <extensions>
          <gpxtpx:TrackPointExtension>
            <gpxtpx:hr>112</gpxtpx:hr>
          </gpxtpx:TrackPointExtension>
        </extensions>
      </trkpt>
      <trkpt lat="30.53003550251996" lon="104.05991746013008">
        <ele>0.0</ele>
        <time>2025-03-14T09:00:52Z</time>
        <extensions>
          <gpxtpx:TrackPointExtension>
            <gpxtpx:hr>112</gpxtpx:hr>
          </gpxtpx:TrackPointExtension>
        </extensions>
      </trkpt>
      <trkpt lat="30.530049114019135" lon="104.05991973967826">
        <ele>0.0</ele>
        <time>2025-03-14T09:00:53Z</time>
        <extensions>
          <gpxtpx:TrackPointExtension>
            <gpxtpx:hr>112</gpxtpx:hr>
          </gpxtpx:TrackPointExtension>
        </extensions>
      </trkpt>
      <trkpt lat="30.530063258425226" lon="104.05992218241569">
        <ele>0.0</ele>
        <time>2025-03-14T09:00:54Z</time>
        <extensions>
          <gpxtpx:TrackPointExtension>
            <gpxtpx:hr>112</gpxtpx:hr>
          </gpxtpx:TrackPointExtension>
        </extensions>
      </trkpt>
      <trkpt lat="30.530077640137282" lon="104.05992475751081">
        <ele>0.0</ele>
        <time>2025-03-14T09:00:55Z</time>
        <extensions>
          <gpxtpx:TrackPointExtension>
            <gpxtpx:hr>112</gpxtpx:hr>
          </gpxtpx:TrackPointExtension>
        </extensions>
      </trkpt>
      <trkpt lat="30.53009228080941" lon="104.05992749947933">
        <ele>0.0</ele>
        <time>2025-03-14T09:00:56Z</time>
        <extensions>
          <gpxtpx:TrackPointExtension>
            <gpxtpx:hr>112</gpxtpx:hr>
          </gpxtpx:TrackPointExtension>
        </extensions>
      </trkpt>
      <trkpt lat="30.53010470416119" lon="104.05992977013118">
        <ele>0.0</ele>
        <time>2025-03-14T09:00:57Z</time>
        <extensions>
          <gpxtpx:TrackPointExtension>
            <gpxtpx:hr>112</gpxtpx:hr>
          </gpxtpx:TrackPointExtension>
        </extensions>
      </trkpt>
      <trkpt lat="30.530116784908778" lon="104.05993205232375">
        <ele>0.0</ele>
        <time>2025-03-14T09:00:58Z</time>
        <extensions>
          <gpxtpx:TrackPointExtension>
            <gpxtpx:hr>112</gpxtpx:hr>
          </gpxtpx:TrackPointExtension>
        </extensions>
      </trkpt>
      <trkpt lat="30.53012830274595" lon="104.05993429590426">
        <ele>0.0</ele>
        <time>2025-03-14T09:00:59Z</time>
        <extensions>
          <gpxtpx:TrackPointExtension>
            <gpxtpx:hr>112</gpxtpx:hr>
          </gpxtpx:TrackPointExtension>
        </extensions>
      </trkpt>
      <trkpt lat="30.530141954122136" lon="104.05993724714257">
        <ele>0.0</ele>
        <time>2025-03-14T09:01:00Z</time>
        <extensions>
          <gpxtpx:TrackPointExtension>
            <gpxtpx:hr>112</gpxtpx:hr>
          </gpxtpx:TrackPointExtension>
        </extensions>
      </trkpt>
      <trkpt lat="30.530155795978818" lon="104.05994043815362">
        <ele>0.0</ele>
        <time>2025-03-14T09:01:01Z</time>
        <extensions>
          <gpxtpx:TrackPointExtension>
            <gpxtpx:hr>112</gpxtpx:hr>
          </gpxtpx:TrackPointExtension>
        </extensions>
      </trkpt>
      <trkpt lat="30.530170002725527" lon="104.0599439489977">
        <ele>0.0</ele>
        <time>2025-03-14T09:01:02Z</time>
        <extensions>
          <gpxtpx:TrackPointExtension>
            <gpxtpx:hr>112</gpxtpx:hr>
          </gpxtpx:TrackPointExtension>
        </extensions>
      </trkpt>
      <trkpt lat="30.530184239383455" lon="104.05994768294045">
        <ele>0.0</ele>
        <time>2025-03-14T09:01:03Z</time>
        <extensions>
          <gpxtpx:TrackPointExtension>
            <gpxtpx:hr>113</gpxtpx:hr>
          </gpxtpx:TrackPointExtension>
        </extensions>
      </trkpt>
      <trkpt lat="30.530198505224813" lon="104.05995163959636">
        <ele>0.0</ele>
        <time>2025-03-14T09:01:04Z</time>
        <extensions>
          <gpxtpx:TrackPointExtension>
            <gpxtpx:hr>113</gpxtpx:hr>
          </gpxtpx:TrackPointExtension>
        </extensions>
      </trkpt>
      <trkpt lat="30.530212778658655" lon="104.05995579135626">
        <ele>0.0</ele>
        <time>2025-03-14T09:01:05Z</time>
        <extensions>
          <gpxtpx:TrackPointExtension>
            <gpxtpx:hr>113</gpxtpx:hr>
          </gpxtpx:TrackPointExtension>
        </extensions>
      </trkpt>
      <trkpt lat="30.5302246687162" lon="104.05995945526644">
        <ele>0.0</ele>
        <time>2025-03-14T09:01:06Z</time>
        <extensions>
          <gpxtpx:TrackPointExtension>
            <gpxtpx:hr>113</gpxtpx:hr>
          </gpxtpx:TrackPointExtension>
        </extensions>
      </trkpt>
      <trkpt lat="30.530236083779414" lon="104.05996308218388">
        <ele>0.0</ele>
        <time>2025-03-14T09:01:07Z</time>
        <extensions>
          <gpxtpx:TrackPointExtension>
            <gpxtpx:hr>113</gpxtpx:hr>
          </gpxtpx:TrackPointExtension>
        </extensions>
      </trkpt>
      <trkpt lat="30.530246869797068" lon="104.05996657873251">
        <ele>0.0</ele>
        <time>2025-03-14T09:01:08Z</time>
        <extensions>
          <gpxtpx:TrackPointExtension>
            <gpxtpx:hr>111</gpxtpx:hr>
          </gpxtpx:TrackPointExtension>
        </extensions>
      </trkpt>
      <trkpt lat="30.530259765768843" lon="104.05997065923907">
        <ele>0.0</ele>
        <time>2025-03-14T09:01:09Z</time>
        <extensions>
          <gpxtpx:TrackPointExtension>
            <gpxtpx:hr>111</gpxtpx:hr>
          </gpxtpx:TrackPointExtension>
        </extensions>
      </trkpt>
      <trkpt lat="30.53027291303086" lon="104.05997482265747">
        <ele>0.0</ele>
        <time>2025-03-14T09:01:10Z</time>
        <extensions>
          <gpxtpx:TrackPointExtension>
            <gpxtpx:hr>111</gpxtpx:hr>
          </gpxtpx:TrackPointExtension>
        </extensions>
      </trkpt>
      <trkpt lat="30.530286558213806" lon="104.05997912700995">
        <ele>0.0</ele>
        <time>2025-03-14T09:01:11Z</time>
        <extensions>
          <gpxtpx:TrackPointExtension>
            <gpxtpx:hr>111</gpxtpx:hr>
          </gpxtpx:TrackPointExtension>
        </extensions>
      </trkpt>
      <trkpt lat="30.530300417424982" lon="104.05998349954126">
        <ele>0.0</ele>
        <time>2025-03-14T09:01:12Z</time>
        <extensions>
          <gpxtpx:TrackPointExtension>
            <gpxtpx:hr>111</gpxtpx:hr>
          </gpxtpx:TrackPointExtension>
        </extensions>
      </trkpt>
      <trkpt lat="30.530312061531866" lon="104.05998728815145">
        <ele>0.0</ele>
        <time>2025-03-14T09:01:13Z</time>
        <extensions>
          <gpxtpx:TrackPointExtension>
            <gpxtpx:hr>111</gpxtpx:hr>
          </gpxtpx:TrackPointExtension>
        </extensions>
      </trkpt>
      <trkpt lat="30.53032328529333" lon="104.0599910331803">
        <ele>0.0</ele>
        <time>2025-03-14T09:01:14Z</time>
        <extensions>
          <gpxtpx:TrackPointExtension>
            <gpxtpx:hr>111</gpxtpx:hr>
          </gpxtpx:TrackPointExtension>
        </extensions>
      </trkpt>
      <trkpt lat="30.53033388469052" lon="104.05999470103777">
        <ele>0.0</ele>
        <time>2025-03-14T09:01:15Z</time>
        <extensions>
          <gpxtpx:TrackPointExtension>
            <gpxtpx:hr>111</gpxtpx:hr>
          </gpxtpx:TrackPointExtension>
        </extensions>
      </trkpt>
      <trkpt lat="30.530346559315824" lon="104.05999903361875">
        <ele>0.0</ele>
        <time>2025-03-14T09:01:16Z</time>
        <extensions>
          <gpxtpx:TrackPointExtension>
            <gpxtpx:hr>111</gpxtpx:hr>
          </gpxtpx:TrackPointExtension>
        </extensions>
      </trkpt>
      <trkpt lat="30.530359427015036" lon="104.06000346517655">
        <ele>0.0</ele>
        <time>2025-03-14T09:01:17Z</time>
        <extensions>
          <gpxtpx:TrackPointExtension>
            <gpxtpx:hr>111</gpxtpx:hr>
          </gpxtpx:TrackPointExtension>
        </extensions>
      </trkpt>
      <trkpt lat="30.53037269532174" lon="104.06000800531852">
        <ele>0.0</ele>
        <time>2025-03-14T09:01:18Z</time>
        <extensions>
          <gpxtpx:TrackPointExtension>
            <gpxtpx:hr>112</gpxtpx:hr>
          </gpxtpx:TrackPointExtension>
        </extensions>
      </trkpt>
      <trkpt lat="30.530386070739006" lon="104.06001251510675">
        <ele>0.0</ele>
        <time>2025-03-14T09:01:19Z</time>
        <extensions>
          <gpxtpx:TrackPointExtension>
            <gpxtpx:hr>112</gpxtpx:hr>
          </gpxtpx:TrackPointExtension>
        </extensions>
      </trkpt>
      <trkpt lat="30.530399576890165" lon="104.06001697070514">
        <ele>0.0</ele>
        <time>2025-03-14T09:01:20Z</time>
        <extensions>
          <gpxtpx:TrackPointExtension>
            <gpxtpx:hr>112</gpxtpx:hr>
          </gpxtpx:TrackPointExtension>
        </extensions>
      </trkpt>
      <trkpt lat="30.530413202112218" lon="104.06002135494629">
        <ele>0.0</ele>
        <time>2025-03-14T09:01:21Z</time>
        <extensions>
          <gpxtpx:TrackPointExtension>
            <gpxtpx:hr>112</gpxtpx:hr>
          </gpxtpx:TrackPointExtension>
        </extensions>
      </trkpt>
      <trkpt lat="30.530424531898124" lon="104.06002500244257">
        <ele>0.0</ele>
        <time>2025-03-14T09:01:22Z</time>
        <extensions>
          <gpxtpx:TrackPointExtension>
            <gpxtpx:hr>112</gpxtpx:hr>
          </gpxtpx:TrackPointExtension>
        </extensions>
      </trkpt>
      <trkpt lat="30.530435247512052" lon="104.06002837586601">
        <ele>0.0</ele>
        <time>2025-03-14T09:01:23Z</time>
        <extensions>
          <gpxtpx:TrackPointExtension>
            <gpxtpx:hr>112</gpxtpx:hr>
          </gpxtpx:TrackPointExtension>
        </extensions>
      </trkpt>
      <trkpt lat="30.530445263157976" lon="104.06003145415045">
        <ele>0.0</ele>
        <time>2025-03-14T09:01:24Z</time>
        <extensions>
          <gpxtpx:TrackPointExtension>
            <gpxtpx:hr>112</gpxtpx:hr>
          </gpxtpx:TrackPointExtension>
        </extensions>
      </trkpt>
      <trkpt lat="30.530457224254153" lon="104.06003497912364">
        <ele>0.0</ele>
        <time>2025-03-14T09:01:25Z</time>
        <extensions>
          <gpxtpx:TrackPointExtension>
            <gpxtpx:hr>112</gpxtpx:hr>
          </gpxtpx:TrackPointExtension>
        </extensions>
      </trkpt>
      <trkpt lat="30.530470662927943" lon="104.06003902987267">
        <ele>0.0</ele>
        <time>2025-03-14T09:01:26Z</time>
        <extensions>
          <gpxtpx:TrackPointExtension>
            <gpxtpx:hr>112</gpxtpx:hr>
          </gpxtpx:TrackPointExtension>
        </extensions>
      </trkpt>
      <trkpt lat="30.530485723094873" lon="104.0600435157374">
        <ele>0.0</ele>
        <time>2025-03-14T09:01:27Z</time>
        <extensions>
          <gpxtpx:TrackPointExtension>
            <gpxtpx:hr>112</gpxtpx:hr>
          </gpxtpx:TrackPointExtension>
        </extensions>
      </trkpt>
      <trkpt lat="30.530500290463852" lon="104.06004837563228">
        <ele>0.0</ele>
        <time>2025-03-14T09:01:28Z</time>
        <extensions>
          <gpxtpx:TrackPointExtension>
            <gpxtpx:hr>112</gpxtpx:hr>
          </gpxtpx:TrackPointExtension>
        </extensions>
      </trkpt>
      <trkpt lat="30.5305144992001" lon="104.06005335288097">
        <ele>0.0</ele>
        <time>2025-03-14T09:01:29Z</time>
        <extensions>
          <gpxtpx:TrackPointExtension>
            <gpxtpx:hr>112</gpxtpx:hr>
          </gpxtpx:TrackPointExtension>
        </extensions>
      </trkpt>
      <trkpt lat="30.53052789677349" lon="104.06005889245118">
        <ele>0.0</ele>
        <time>2025-03-14T09:01:30Z</time>
        <extensions>
          <gpxtpx:TrackPointExtension>
            <gpxtpx:hr>112</gpxtpx:hr>
          </gpxtpx:TrackPointExtension>
        </extensions>
      </trkpt>
      <trkpt lat="30.530542381653294" lon="104.06006505056422">
        <ele>0.0</ele>
        <time>2025-03-14T09:01:31Z</time>
        <extensions>
          <gpxtpx:TrackPointExtension>
            <gpxtpx:hr>112</gpxtpx:hr>
          </gpxtpx:TrackPointExtension>
        </extensions>
      </trkpt>
      <trkpt lat="30.53055660959127" lon="104.06007162477779">
        <ele>0.0</ele>
        <time>2025-03-14T09:01:32Z</time>
        <extensions>
          <gpxtpx:TrackPointExtension>
            <gpxtpx:hr>112</gpxtpx:hr>
          </gpxtpx:TrackPointExtension>
        </extensions>
      </trkpt>
      <trkpt lat="30.530571112823488" lon="104.06007804430303">
        <ele>0.0</ele>
        <time>2025-03-14T09:01:33Z</time>
        <extensions>
          <gpxtpx:TrackPointExtension>
            <gpxtpx:hr>111</gpxtpx:hr>
          </gpxtpx:TrackPointExtension>
        </extensions>
      </trkpt>
      <trkpt lat="30.530586068589418" lon="104.06008414524655">
        <ele>0.0</ele>
        <time>2025-03-14T09:01:34Z</time>
        <extensions>
          <gpxtpx:TrackPointExtension>
            <gpxtpx:hr>111</gpxtpx:hr>
          </gpxtpx:TrackPointExtension>
        </extensions>
      </trkpt>
      <trkpt lat="30.53060154002145" lon="104.06008983672972">
        <ele>0.0</ele>
        <time>2025-03-14T09:01:35Z</time>
        <extensions>
          <gpxtpx:TrackPointExtension>
            <gpxtpx:hr>111</gpxtpx:hr>
          </gpxtpx:TrackPointExtension>
        </extensions>
      </trkpt>
      <trkpt lat="30.530615665911437" lon="104.06009450065483">
        <ele>0.0</ele>
        <time>2025-03-14T09:01:36Z</time>
        <extensions>
          <gpxtpx:TrackPointExtension>
            <gpxtpx:hr>111</gpxtpx:hr>
          </gpxtpx:TrackPointExtension>
        </extensions>
      </trkpt>
      <trkpt lat="30.530629548848538" lon="104.06009883456154">
        <ele>0.0</ele>
        <time>2025-03-14T09:01:37Z</time>
        <extensions>
          <gpxtpx:TrackPointExtension>
            <gpxtpx:hr>111</gpxtpx:hr>
          </gpxtpx:TrackPointExtension>
        </extensions>
      </trkpt>
      <trkpt lat="30.53064274028268" lon="104.06010311574387">
        <ele>0.0</ele>
        <time>2025-03-14T09:01:38Z</time>
        <extensions>
          <gpxtpx:TrackPointExtension>
            <gpxtpx:hr>110</gpxtpx:hr>
          </gpxtpx:TrackPointExtension>
        </extensions>
      </trkpt>
      <trkpt lat="30.53065686394788" lon="104.06010829802706">
        <ele>0.0</ele>
        <time>2025-03-14T09:01:39Z</time>
        <extensions>
          <gpxtpx:TrackPointExtension>
            <gpxtpx:hr>110</gpxtpx:hr>
          </gpxtpx:TrackPointExtension>
        </extensions>
      </trkpt>
      <trkpt lat="30.530670326737642" lon="104.06011381395788">
        <ele>0.0</ele>
        <time>2025-03-14T09:01:40Z</time>
        <extensions>
          <gpxtpx:TrackPointExtension>
            <gpxtpx:hr>110</gpxtpx:hr>
          </gpxtpx:TrackPointExtension>
        </extensions>
      </trkpt>
      <trkpt lat="30.53068302645156" lon="104.06011903237399">
        <ele>0.0</ele>
        <time>2025-03-14T09:01:41Z</time>
        <extensions>
          <gpxtpx:TrackPointExtension>
            <gpxtpx:hr>110</gpxtpx:hr>
          </gpxtpx:TrackPointExtension>
        </extensions>
      </trkpt>
      <trkpt lat="30.53069507710874" lon="104.0601236911365">
        <ele>0.0</ele>
        <time>2025-03-14T09:01:42Z</time>
        <extensions>
          <gpxtpx:TrackPointExtension>
            <gpxtpx:hr>110</gpxtpx:hr>
          </gpxtpx:TrackPointExtension>
        </extensions>
      </trkpt>
      <trkpt lat="30.530707426945042" lon="104.06012751171124">
        <ele>0.0</ele>
        <time>2025-03-14T09:01:43Z</time>
        <extensions>
          <gpxtpx:TrackPointExtension>
            <gpxtpx:hr>110</gpxtpx:hr>
          </gpxtpx:TrackPointExtension>
        </extensions>
      </trkpt>
      <trkpt lat="30.530718999928876" lon="104.06013089582243">
        <ele>0.0</ele>
        <time>2025-03-14T09:01:44Z</time>
        <extensions>
          <gpxtpx:TrackPointExtension>
            <gpxtpx:hr>110</gpxtpx:hr>
          </gpxtpx:TrackPointExtension>
        </extensions>
      </trkpt>
      <trkpt lat="30.53073129944248" lon="104.06013386489512">
        <ele>0.0</ele>
        <time>2025-03-14T09:01:45Z</time>
        <extensions>
          <gpxtpx:TrackPointExtension>
            <gpxtpx:hr>110</gpxtpx:hr>
          </gpxtpx:TrackPointExtension>
        </extensions>
      </trkpt>
      <trkpt lat="30.530743690023723" lon="104.06013677513403">
        <ele>0.0</ele>
        <time>2025-03-14T09:01:46Z</time>
        <extensions>
          <gpxtpx:TrackPointExtension>
            <gpxtpx:hr>110</gpxtpx:hr>
          </gpxtpx:TrackPointExtension>
        </extensions>
      </trkpt>
      <trkpt lat="30.530757982213224" lon="104.06013956823678">
        <ele>0.0</ele>
        <time>2025-03-14T09:01:47Z</time>
        <extensions>
          <gpxtpx:TrackPointExtension>
            <gpxtpx:hr>110</gpxtpx:hr>
          </gpxtpx:TrackPointExtension>
        </extensions>
      </trkpt>
      <trkpt lat="30.5307727627517" lon="104.06014252549863">
        <ele>0.0</ele>
        <time>2025-03-14T09:01:48Z</time>
        <extensions>
          <gpxtpx:TrackPointExtension>
            <gpxtpx:hr>109</gpxtpx:hr>
          </gpxtpx:TrackPointExtension>
        </extensions>
      </trkpt>
      <trkpt lat="30.530788368000692" lon="104.06014559255237">
        <ele>0.0</ele>
        <time>2025-03-14T09:01:49Z</time>
        <extensions>
          <gpxtpx:TrackPointExtension>
            <gpxtpx:hr>109</gpxtpx:hr>
          </gpxtpx:TrackPointExtension>
        </extensions>
      </trkpt>
      <trkpt lat="30.530805044986455" lon="104.06014874468663">
        <ele>0.0</ele>
        <time>2025-03-14T09:01:50Z</time>
        <extensions>
          <gpxtpx:TrackPointExtension>
            <gpxtpx:hr>109</gpxtpx:hr>
          </gpxtpx:TrackPointExtension>
        </extensions>
      </trkpt>
      <trkpt lat="30.530820663389765" lon="104.06015227632432">
        <ele>0.0</ele>
        <time>2025-03-14T09:01:51Z</time>
        <extensions>
          <gpxtpx:TrackPointExtension>
            <gpxtpx:hr>109</gpxtpx:hr>
          </gpxtpx:TrackPointExtension>
        </extensions>
      </trkpt>
      <trkpt lat="30.530836134673297" lon="104.06015665847198">
        <ele>0.0</ele>
        <time>2025-03-14T09:01:52Z</time>
        <extensions>
          <gpxtpx:TrackPointExtension>
            <gpxtpx:hr>109</gpxtpx:hr>
          </gpxtpx:TrackPointExtension>
        </extensions>
      </trkpt>
      <trkpt lat="30.53085045242247" lon="104.06016206094479">
        <ele>0.0</ele>
        <time>2025-03-14T09:01:53Z</time>
        <extensions>
          <gpxtpx:TrackPointExtension>
            <gpxtpx:hr>111</gpxtpx:hr>
          </gpxtpx:TrackPointExtension>
        </extensions>
      </trkpt>
      <trkpt lat="30.530865680799945" lon="104.06016831579345">
        <ele>0.0</ele>
        <time>2025-03-14T09:01:54Z</time>
        <extensions>
          <gpxtpx:TrackPointExtension>
            <gpxtpx:hr>111</gpxtpx:hr>
          </gpxtpx:TrackPointExtension>
        </extensions>
      </trkpt>
      <trkpt lat="30.530880229508185" lon="104.06017507804319">
        <ele>0.0</ele>
        <time>2025-03-14T09:01:55Z</time>
        <extensions>
          <gpxtpx:TrackPointExtension>
            <gpxtpx:hr>111</gpxtpx:hr>
          </gpxtpx:TrackPointExtension>
        </extensions>
      </trkpt>
      <trkpt lat="30.53089480875369" lon="104.06018224583565">
        <ele>0.0</ele>
        <time>2025-03-14T09:01:56Z</time>
        <extensions>
          <gpxtpx:TrackPointExtension>
            <gpxtpx:hr>111</gpxtpx:hr>
          </gpxtpx:TrackPointExtension>
        </extensions>
      </trkpt>
      <trkpt lat="30.530907665793805" lon="104.06018834243164">
        <ele>0.0</ele>
        <time>2025-03-14T09:01:57Z</time>
        <extensions>
          <gpxtpx:TrackPointExtension>
            <gpxtpx:hr>111</gpxtpx:hr>
          </gpxtpx:TrackPointExtension>
        </extensions>
      </trkpt>
      <trkpt lat="30.53092044596611" lon="104.06019397332477">
        <ele>0.0</ele>
        <time>2025-03-14T09:01:58Z</time>
        <extensions>
          <gpxtpx:TrackPointExtension>
            <gpxtpx:hr>119</gpxtpx:hr>
          </gpxtpx:TrackPointExtension>
        </extensions>
      </trkpt>
      <trkpt lat="30.53093257645174" lon="104.0601988587967">
        <ele>0.0</ele>
        <time>2025-03-14T09:01:59Z</time>
        <extensions>
          <gpxtpx:TrackPointExtension>
            <gpxtpx:hr>119</gpxtpx:hr>
          </gpxtpx:TrackPointExtension>
        </extensions>
      </trkpt>
      <trkpt lat="30.53094583561957" lon="104.06020419520432">
        <ele>0.0</ele>
        <time>2025-03-14T09:02:00Z</time>
        <extensions>
          <gpxtpx:TrackPointExtension>
            <gpxtpx:hr>119</gpxtpx:hr>
          </gpxtpx:TrackPointExtension>
        </extensions>
      </trkpt>
      <trkpt lat="30.530958975111567" lon="104.06020906757705">
        <ele>0.0</ele>
        <time>2025-03-14T09:02:01Z</time>
        <extensions>
          <gpxtpx:TrackPointExtension>
            <gpxtpx:hr>119</gpxtpx:hr>
          </gpxtpx:TrackPointExtension>
        </extensions>
      </trkpt>
      <trkpt lat="30.530972617499486" lon="104.06021343529983">
        <ele>0.0</ele>
        <time>2025-03-14T09:02:02Z</time>
        <extensions>
          <gpxtpx:TrackPointExtension>
            <gpxtpx:hr>119</gpxtpx:hr>
          </gpxtpx:TrackPointExtension>
        </extensions>
      </trkpt>
      <trkpt lat="30.530985195094225" lon="104.06021713398776">
        <ele>0.0</ele>
        <time>2025-03-14T09:02:03Z</time>
        <extensions>
          <gpxtpx:TrackPointExtension>
            <gpxtpx:hr>123</gpxtpx:hr>
          </gpxtpx:TrackPointExtension>
        </extensions>
      </trkpt>
      <trkpt lat="30.530997601949217" lon="104.06022043060668">
        <ele>0.0</ele>
        <time>2025-03-14T09:02:04Z</time>
        <extensions>
          <gpxtpx:TrackPointExtension>
            <gpxtpx:hr>123</gpxtpx:hr>
          </gpxtpx:TrackPointExtension>
        </extensions>
      </trkpt>
      <trkpt lat="30.53100988470968" lon="104.06022403495102">
        <ele>0.0</ele>
        <time>2025-03-14T09:02:05Z</time>
        <extensions>
          <gpxtpx:TrackPointExtension>
            <gpxtpx:hr>123</gpxtpx:hr>
          </gpxtpx:TrackPointExtension>
        </extensions>
      </trkpt>
      <trkpt lat="30.53102393531978" lon="104.06022825012961">
        <ele>0.0</ele>
        <time>2025-03-14T09:02:06Z</time>
        <extensions>
          <gpxtpx:TrackPointExtension>
            <gpxtpx:hr>123</gpxtpx:hr>
          </gpxtpx:TrackPointExtension>
        </extensions>
      </trkpt>
      <trkpt lat="30.531039039215045" lon="104.06023233495182">
        <ele>0.0</ele>
        <time>2025-03-14T09:02:07Z</time>
        <extensions>
          <gpxtpx:TrackPointExtension>
            <gpxtpx:hr>123</gpxtpx:hr>
          </gpxtpx:TrackPointExtension>
        </extensions>
      </trkpt>
      <trkpt lat="30.531053106315362" lon="104.06023586726255">
        <ele>0.0</ele>
        <time>2025-03-14T09:02:08Z</time>
        <extensions>
          <gpxtpx:TrackPointExtension>
            <gpxtpx:hr>126</gpxtpx:hr>
          </gpxtpx:TrackPointExtension>
        </extensions>
      </trkpt>
      <trkpt lat="30.531066842716992" lon="104.06023859610903">
        <ele>0.0</ele>
        <time>2025-03-14T09:02:09Z</time>
        <extensions>
          <gpxtpx:TrackPointExtension>
            <gpxtpx:hr>126</gpxtpx:hr>
          </gpxtpx:TrackPointExtension>
        </extensions>
      </trkpt>
      <trkpt lat="30.53107961705069" lon="104.06024164821304">
        <ele>0.0</ele>
        <time>2025-03-14T09:02:10Z</time>
        <extensions>
          <gpxtpx:TrackPointExtension>
            <gpxtpx:hr>126</gpxtpx:hr>
          </gpxtpx:TrackPointExtension>
        </extensions>
      </trkpt>
      <trkpt lat="30.53109328731493" lon="104.06024563156355">
        <ele>0.0</ele>
        <time>2025-03-14T09:02:11Z</time>
        <extensions>
          <gpxtpx:TrackPointExtension>
            <gpxtpx:hr>126</gpxtpx:hr>
          </gpxtpx:TrackPointExtension>
        </extensions>
      </trkpt>
      <trkpt lat="30.531106685025332" lon="104.06025095316484">
        <ele>0.0</ele>
        <time>2025-03-14T09:02:12Z</time>
        <extensions>
          <gpxtpx:TrackPointExtension>
            <gpxtpx:hr>126</gpxtpx:hr>
          </gpxtpx:TrackPointExtension>
        </extensions>
      </trkpt>
      <trkpt lat="30.53111893416303" lon="104.0602561283828">
        <ele>0.0</ele>
        <time>2025-03-14T09:02:13Z</time>
        <extensions>
          <gpxtpx:TrackPointExtension>
            <gpxtpx:hr>127</gpxtpx:hr>
          </gpxtpx:TrackPointExtension>
        </extensions>
      </trkpt>
      <trkpt lat="30.53113136541765" lon="104.0602611826612">
        <ele>0.0</ele>
        <time>2025-03-14T09:02:14Z</time>
        <extensions>
          <gpxtpx:TrackPointExtension>
            <gpxtpx:hr>127</gpxtpx:hr>
          </gpxtpx:TrackPointExtension>
        </extensions>
      </trkpt>
      <trkpt lat="30.531143986352017" lon="104.06026562091361">
        <ele>0.0</ele>
        <time>2025-03-14T09:02:15Z</time>
        <extensions>
          <gpxtpx:TrackPointExtension>
            <gpxtpx:hr>127</gpxtpx:hr>
          </gpxtpx:TrackPointExtension>
        </extensions>
      </trkpt>
      <trkpt lat="30.53115815366019" lon="104.06027029030649">
        <ele>0.0</ele>
        <time>2025-03-14T09:02:16Z</time>
        <extensions>
          <gpxtpx:TrackPointExtension>
            <gpxtpx:hr>127</gpxtpx:hr>
          </gpxtpx:TrackPointExtension>
        </extensions>
      </trkpt>
      <trkpt lat="30.531172424062856" lon="104.06027431058543">
        <ele>0.0</ele>
        <time>2025-03-14T09:02:17Z</time>
        <extensions>
          <gpxtpx:TrackPointExtension>
            <gpxtpx:hr>127</gpxtpx:hr>
          </gpxtpx:TrackPointExtension>
        </extensions>
      </trkpt>
      <trkpt lat="30.531187465863812" lon="104.06027757380161">
        <ele>0.0</ele>
        <time>2025-03-14T09:02:18Z</time>
        <extensions>
          <gpxtpx:TrackPointExtension>
            <gpxtpx:hr>131</gpxtpx:hr>
          </gpxtpx:TrackPointExtension>
        </extensions>
      </trkpt>
      <trkpt lat="30.531201333228907" lon="104.06028035619585">
        <ele>0.0</ele>
        <time>2025-03-14T09:02:19Z</time>
        <extensions>
          <gpxtpx:TrackPointExtension>
            <gpxtpx:hr>131</gpxtpx:hr>
          </gpxtpx:TrackPointExtension>
        </extensions>
      </trkpt>
      <trkpt lat="30.531215591570657" lon="104.06028251467143">
        <ele>0.0</ele>
        <time>2025-03-14T09:02:20Z</time>
        <extensions>
          <gpxtpx:TrackPointExtension>
            <gpxtpx:hr>131</gpxtpx:hr>
          </gpxtpx:TrackPointExtension>
        </extensions>
      </trkpt>
      <trkpt lat="30.531229267377796" lon="104.06028470968074">
        <ele>0.0</ele>
        <time>2025-03-14T09:02:21Z</time>
        <extensions>
          <gpxtpx:TrackPointExtension>
            <gpxtpx:hr>131</gpxtpx:hr>
          </gpxtpx:TrackPointExtension>
        </extensions>
      </trkpt>
      <trkpt lat="30.531244219335097" lon="104.06028673565966">
        <ele>0.0</ele>
        <time>2025-03-14T09:02:22Z</time>
        <extensions>
          <gpxtpx:TrackPointExtension>
            <gpxtpx:hr>131</gpxtpx:hr>
          </gpxtpx:TrackPointExtension>
        </extensions>
      </trkpt>
      <trkpt lat="30.531258840154855" lon="104.06028904028591">
        <ele>0.0</ele>
        <time>2025-03-14T09:02:23Z</time>
        <extensions>
          <gpxtpx:TrackPointExtension>
            <gpxtpx:hr>128</gpxtpx:hr>
          </gpxtpx:TrackPointExtension>
        </extensions>
      </trkpt>
      <trkpt lat="30.531273704396234" lon="104.06029134209771">
        <ele>0.0</ele>
        <time>2025-03-14T09:02:24Z</time>
        <extensions>
          <gpxtpx:TrackPointExtension>
            <gpxtpx:hr>128</gpxtpx:hr>
          </gpxtpx:TrackPointExtension>
        </extensions>
      </trkpt>
      <trkpt lat="30.531289213792576" lon="104.06029392168814">
        <ele>0.0</ele>
        <time>2025-03-14T09:02:25Z</time>
        <extensions>
          <gpxtpx:TrackPointExtension>
            <gpxtpx:hr>128</gpxtpx:hr>
          </gpxtpx:TrackPointExtension>
        </extensions>
      </trkpt>
      <trkpt lat="30.531303653325093" lon="104.06029699055274">
        <ele>0.0</ele>
        <time>2025-03-14T09:02:26Z</time>
        <extensions>
          <gpxtpx:TrackPointExtension>
            <gpxtpx:hr>128</gpxtpx:hr>
          </gpxtpx:TrackPointExtension>
        </extensions>
      </trkpt>
      <trkpt lat="30.531317918792546" lon="104.06030119547302">
        <ele>0.0</ele>
        <time>2025-03-14T09:02:27Z</time>
        <extensions>
          <gpxtpx:TrackPointExtension>
            <gpxtpx:hr>128</gpxtpx:hr>
          </gpxtpx:TrackPointExtension>
        </extensions>
      </trkpt>
      <trkpt lat="30.531330922099414" lon="104.06030657346369">
        <ele>0.0</ele>
        <time>2025-03-14T09:02:28Z</time>
        <extensions>
          <gpxtpx:TrackPointExtension>
            <gpxtpx:hr>128</gpxtpx:hr>
          </gpxtpx:TrackPointExtension>
        </extensions>
      </trkpt>
      <trkpt lat="30.53134422150644" lon="104.06031285735087">
        <ele>0.0</ele>
        <time>2025-03-14T09:02:29Z</time>
        <extensions>
          <gpxtpx:TrackPointExtension>
            <gpxtpx:hr>128</gpxtpx:hr>
          </gpxtpx:TrackPointExtension>
        </extensions>
      </trkpt>
      <trkpt lat="30.53135664493768" lon="104.06031898247228">
        <ele>0.0</ele>
        <time>2025-03-14T09:02:30Z</time>
        <extensions>
          <gpxtpx:TrackPointExtension>
            <gpxtpx:hr>128</gpxtpx:hr>
          </gpxtpx:TrackPointExtension>
        </extensions>
      </trkpt>
      <trkpt lat="30.531369366370647" lon="104.06032426982043">
        <ele>0.0</ele>
        <time>2025-03-14T09:02:31Z</time>
        <extensions>
          <gpxtpx:TrackPointExtension>
            <gpxtpx:hr>128</gpxtpx:hr>
          </gpxtpx:TrackPointExtension>
        </extensions>
      </trkpt>
      <trkpt lat="30.53138100053927" lon="104.06032848300161">
        <ele>0.0</ele>
        <time>2025-03-14T09:02:32Z</time>
        <extensions>
          <gpxtpx:TrackPointExtension>
            <gpxtpx:hr>128</gpxtpx:hr>
          </gpxtpx:TrackPointExtension>
        </extensions>
      </trkpt>
      <trkpt lat="30.531393421160022" lon="104.06033144893324">
        <ele>0.0</ele>
        <time>2025-03-14T09:02:33Z</time>
        <extensions>
          <gpxtpx:TrackPointExtension>
            <gpxtpx:hr>129</gpxtpx:hr>
          </gpxtpx:TrackPointExtension>
        </extensions>
      </trkpt>
      <trkpt lat="30.531406005279845" lon="104.06033308377715">
        <ele>0.0</ele>
        <time>2025-03-14T09:02:34Z</time>
        <extensions>
          <gpxtpx:TrackPointExtension>
            <gpxtpx:hr>129</gpxtpx:hr>
          </gpxtpx:TrackPointExtension>
        </extensions>
      </trkpt>
      <trkpt lat="30.531420602132094" lon="104.06033338720833">
        <ele>0.0</ele>
        <time>2025-03-14T09:02:35Z</time>
        <extensions>
          <gpxtpx:TrackPointExtension>
            <gpxtpx:hr>129</gpxtpx:hr>
          </gpxtpx:TrackPointExtension>
        </extensions>
      </trkpt>
      <trkpt lat="30.531435410190603" lon="104.06033346016386">
        <ele>0.0</ele>
        <time>2025-03-14T09:02:36Z</time>
        <extensions>
          <gpxtpx:TrackPointExtension>
            <gpxtpx:hr>129</gpxtpx:hr>
          </gpxtpx:TrackPointExtension>
        </extensions>
      </trkpt>
      <trkpt lat="30.531449189464155" lon="104.06033447412266">
        <ele>0.0</ele>
        <time>2025-03-14T09:02:37Z</time>
        <extensions>
          <gpxtpx:TrackPointExtension>
            <gpxtpx:hr>129</gpxtpx:hr>
          </gpxtpx:TrackPointExtension>
        </extensions>
      </trkpt>
      <trkpt lat="30.53146286243658" lon="104.06033774377264">
        <ele>0.0</ele>
        <time>2025-03-14T09:02:38Z</time>
        <extensions>
          <gpxtpx:TrackPointExtension>
            <gpxtpx:hr>129</gpxtpx:hr>
          </gpxtpx:TrackPointExtension>
        </extensions>
      </trkpt>
      <trkpt lat="30.531475727011372" lon="104.06034306931456">
        <ele>0.0</ele>
        <time>2025-03-14T09:02:39Z</time>
        <extensions>
          <gpxtpx:TrackPointExtension>
            <gpxtpx:hr>129</gpxtpx:hr>
          </gpxtpx:TrackPointExtension>
        </extensions>
      </trkpt>
      <trkpt lat="30.531489228062938" lon="104.06035013300665">
        <ele>0.0</ele>
        <time>2025-03-14T09:02:40Z</time>
        <extensions>
          <gpxtpx:TrackPointExtension>
            <gpxtpx:hr>129</gpxtpx:hr>
          </gpxtpx:TrackPointExtension>
        </extensions>
      </trkpt>
      <trkpt lat="30.531502152862625" lon="104.06035803439983">
        <ele>0.0</ele>
        <time>2025-03-14T09:02:41Z</time>
        <extensions>
          <gpxtpx:TrackPointExtension>
            <gpxtpx:hr>129</gpxtpx:hr>
          </gpxtpx:TrackPointExtension>
        </extensions>
      </trkpt>
      <trkpt lat="30.531515435777663" lon="104.06036650988572">
        <ele>0.0</ele>
        <time>2025-03-14T09:02:42Z</time>
        <extensions>
          <gpxtpx:TrackPointExtension>
            <gpxtpx:hr>129</gpxtpx:hr>
          </gpxtpx:TrackPointExtension>
        </extensions>
      </trkpt>
      <trkpt lat="30.531527477719294" lon="104.06037397804435">
        <ele>0.0</ele>
        <time>2025-03-14T09:02:43Z</time>
        <extensions>
          <gpxtpx:TrackPointExtension>
            <gpxtpx:hr>129</gpxtpx:hr>
          </gpxtpx:TrackPointExtension>
        </extensions>
      </trkpt>
      <trkpt lat="30.53153973275132" lon="104.06038077189608">
        <ele>0.0</ele>
        <time>2025-03-14T09:02:44Z</time>
        <extensions>
          <gpxtpx:TrackPointExtension>
            <gpxtpx:hr>129</gpxtpx:hr>
          </gpxtpx:TrackPointExtension>
        </extensions>
      </trkpt>
      <trkpt lat="30.531551767931447" lon="104.06038642124847">
        <ele>0.0</ele>
        <time>2025-03-14T09:02:45Z</time>
        <extensions>
          <gpxtpx:TrackPointExtension>
            <gpxtpx:hr>129</gpxtpx:hr>
          </gpxtpx:TrackPointExtension>
        </extensions>
      </trkpt>
      <trkpt lat="30.531565329926046" lon="104.06039204019282">
        <ele>0.0</ele>
        <time>2025-03-14T09:02:46Z</time>
        <extensions>
          <gpxtpx:TrackPointExtension>
            <gpxtpx:hr>129</gpxtpx:hr>
          </gpxtpx:TrackPointExtension>
        </extensions>
      </trkpt>
      <trkpt lat="30.53157914059099" lon="104.06039725721925">
        <ele>0.0</ele>
        <time>2025-03-14T09:02:47Z</time>
        <extensions>
          <gpxtpx:TrackPointExtension>
            <gpxtpx:hr>129</gpxtpx:hr>
          </gpxtpx:TrackPointExtension>
        </extensions>
      </trkpt>
      <trkpt lat="30.531593324951686" lon="104.06040277225515">
        <ele>0.0</ele>
        <time>2025-03-14T09:02:48Z</time>
        <extensions>
          <gpxtpx:TrackPointExtension>
            <gpxtpx:hr>131</gpxtpx:hr>
          </gpxtpx:TrackPointExtension>
        </extensions>
      </trkpt>
      <trkpt lat="30.531605987160333" lon="104.0604077143987">
        <ele>0.0</ele>
        <time>2025-03-14T09:02:49Z</time>
        <extensions>
          <gpxtpx:TrackPointExtension>
            <gpxtpx:hr>131</gpxtpx:hr>
          </gpxtpx:TrackPointExtension>
        </extensions>
      </trkpt>
      <trkpt lat="30.531618179619258" lon="104.06041242291903">
        <ele>0.0</ele>
        <time>2025-03-14T09:02:50Z</time>
        <extensions>
          <gpxtpx:TrackPointExtension>
            <gpxtpx:hr>131</gpxtpx:hr>
          </gpxtpx:TrackPointExtension>
        </extensions>
      </trkpt>
      <trkpt lat="30.53163063799306" lon="104.06041586665594">
        <ele>0.0</ele>
        <time>2025-03-14T09:02:51Z</time>
        <extensions>
          <gpxtpx:TrackPointExtension>
            <gpxtpx:hr>131</gpxtpx:hr>
          </gpxtpx:TrackPointExtension>
        </extensions>
      </trkpt>
      <trkpt lat="30.531646768750544" lon="104.0604185626107">
        <ele>0.0</ele>
        <time>2025-03-14T09:02:52Z</time>
        <extensions>
          <gpxtpx:TrackPointExtension>
            <gpxtpx:hr>131</gpxtpx:hr>
          </gpxtpx:TrackPointExtension>
        </extensions>
      </trkpt>
      <trkpt lat="30.531663560609104" lon="104.06042113253405">
        <ele>0.0</ele>
        <time>2025-03-14T09:02:53Z</time>
        <extensions>
          <gpxtpx:TrackPointExtension>
            <gpxtpx:hr>128</gpxtpx:hr>
          </gpxtpx:TrackPointExtension>
        </extensions>
      </trkpt>
      <trkpt lat="30.531678152242417" lon="104.06042331134942">
        <ele>0.0</ele>
        <time>2025-03-14T09:02:54Z</time>
        <extensions>
          <gpxtpx:TrackPointExtension>
            <gpxtpx:hr>128</gpxtpx:hr>
          </gpxtpx:TrackPointExtension>
        </extensions>
      </trkpt>
      <trkpt lat="30.531690312104164" lon="104.06042679744476">
        <ele>0.0</ele>
        <time>2025-03-14T09:02:55Z</time>
        <extensions>
          <gpxtpx:TrackPointExtension>
            <gpxtpx:hr>128</gpxtpx:hr>
          </gpxtpx:TrackPointExtension>
        </extensions>
      </trkpt>
      <trkpt lat="30.531701741295418" lon="104.0604306276799">
        <ele>0.0</ele>
        <time>2025-03-14T09:02:56Z</time>
        <extensions>
          <gpxtpx:TrackPointExtension>
            <gpxtpx:hr>128</gpxtpx:hr>
          </gpxtpx:TrackPointExtension>
        </extensions>
      </trkpt>
      <trkpt lat="30.53171505108385" lon="104.06043617786139">
        <ele>0.0</ele>
        <time>2025-03-14T09:02:57Z</time>
        <extensions>
          <gpxtpx:TrackPointExtension>
            <gpxtpx:hr>128</gpxtpx:hr>
          </gpxtpx:TrackPointExtension>
        </extensions>
      </trkpt>
      <trkpt lat="30.531728472328453" lon="104.06044219242473">
        <ele>0.0</ele>
        <time>2025-03-14T09:02:58Z</time>
        <extensions>
          <gpxtpx:TrackPointExtension>
            <gpxtpx:hr>126</gpxtpx:hr>
          </gpxtpx:TrackPointExtension>
        </extensions>
      </trkpt>
      <trkpt lat="30.53174232753063" lon="104.06044873638952">
        <ele>0.0</ele>
        <time>2025-03-14T09:02:59Z</time>
        <extensions>
          <gpxtpx:TrackPointExtension>
            <gpxtpx:hr>126</gpxtpx:hr>
          </gpxtpx:TrackPointExtension>
        </extensions>
      </trkpt>
      <trkpt lat="30.53175617114715" lon="104.06045543253663">
        <ele>0.0</ele>
        <time>2025-03-14T09:03:00Z</time>
        <extensions>
          <gpxtpx:TrackPointExtension>
            <gpxtpx:hr>126</gpxtpx:hr>
          </gpxtpx:TrackPointExtension>
        </extensions>
      </trkpt>
      <trkpt lat="30.53177032578749" lon="104.06046232934438">
        <ele>0.0</ele>
        <time>2025-03-14T09:03:01Z</time>
        <extensions>
          <gpxtpx:TrackPointExtension>
            <gpxtpx:hr>126</gpxtpx:hr>
          </gpxtpx:TrackPointExtension>
        </extensions>
      </trkpt>
      <trkpt lat="30.531784633017892" lon="104.0604692395202">
        <ele>0.0</ele>
        <time>2025-03-14T09:03:02Z</time>
        <extensions>
          <gpxtpx:TrackPointExtension>
            <gpxtpx:hr>126</gpxtpx:hr>
          </gpxtpx:TrackPointExtension>
        </extensions>
      </trkpt>
      <trkpt lat="30.531799144490464" lon="104.06047616165189">
        <ele>0.0</ele>
        <time>2025-03-14T09:03:03Z</time>
        <extensions>
          <gpxtpx:TrackPointExtension>
            <gpxtpx:hr>123</gpxtpx:hr>
          </gpxtpx:TrackPointExtension>
        </extensions>
      </trkpt>
      <trkpt lat="30.531813813123396" lon="104.06048313302396">
        <ele>0.0</ele>
        <time>2025-03-14T09:03:04Z</time>
        <extensions>
          <gpxtpx:TrackPointExtension>
            <gpxtpx:hr>123</gpxtpx:hr>
          </gpxtpx:TrackPointExtension>
        </extensions>
      </trkpt>
      <trkpt lat="30.531828618264246" lon="104.06049025462814">
        <ele>0.0</ele>
        <time>2025-03-14T09:03:05Z</time>
        <extensions>
          <gpxtpx:TrackPointExtension>
            <gpxtpx:hr>123</gpxtpx:hr>
          </gpxtpx:TrackPointExtension>
        </extensions>
      </trkpt>
      <trkpt lat="30.531841247611304" lon="104.06049642364417">
        <ele>0.0</ele>
        <time>2025-03-14T09:03:06Z</time>
        <extensions>
          <gpxtpx:TrackPointExtension>
            <gpxtpx:hr>123</gpxtpx:hr>
          </gpxtpx:TrackPointExtension>
        </extensions>
      </trkpt>
      <trkpt lat="30.531853435002482" lon="104.06050258885882">
        <ele>0.0</ele>
        <time>2025-03-14T09:03:07Z</time>
        <extensions>
          <gpxtpx:TrackPointExtension>
            <gpxtpx:hr>123</gpxtpx:hr>
          </gpxtpx:TrackPointExtension>
        </extensions>
      </trkpt>
      <trkpt lat="30.531865000119392" lon="104.06050866198136">
        <ele>0.0</ele>
        <time>2025-03-14T09:03:08Z</time>
        <extensions>
          <gpxtpx:TrackPointExtension>
            <gpxtpx:hr>117</gpxtpx:hr>
          </gpxtpx:TrackPointExtension>
        </extensions>
      </trkpt>
      <trkpt lat="30.531878497564485" lon="104.06051592717455">
        <ele>0.0</ele>
        <time>2025-03-14T09:03:09Z</time>
        <extensions>
          <gpxtpx:TrackPointExtension>
            <gpxtpx:hr>117</gpxtpx:hr>
          </gpxtpx:TrackPointExtension>
        </extensions>
      </trkpt>
      <trkpt lat="30.53189217556429" lon="104.06052341691762">
        <ele>0.0</ele>
        <time>2025-03-14T09:03:10Z</time>
        <extensions>
          <gpxtpx:TrackPointExtension>
            <gpxtpx:hr>117</gpxtpx:hr>
          </gpxtpx:TrackPointExtension>
        </extensions>
      </trkpt>
      <trkpt lat="30.53190624357269" lon="104.06053115112118">
        <ele>0.0</ele>
        <time>2025-03-14T09:03:11Z</time>
        <extensions>
          <gpxtpx:TrackPointExtension>
            <gpxtpx:hr>117</gpxtpx:hr>
          </gpxtpx:TrackPointExtension>
        </extensions>
      </trkpt>
      <trkpt lat="30.531920390185" lon="104.06053889557883">
        <ele>0.0</ele>
        <time>2025-03-14T09:03:12Z</time>
        <extensions>
          <gpxtpx:TrackPointExtension>
            <gpxtpx:hr>117</gpxtpx:hr>
          </gpxtpx:TrackPointExtension>
        </extensions>
      </trkpt>
      <trkpt lat="30.531934574059754" lon="104.06054657577248">
        <ele>0.0</ele>
        <time>2025-03-14T09:03:13Z</time>
        <extensions>
          <gpxtpx:TrackPointExtension>
            <gpxtpx:hr>115</gpxtpx:hr>
          </gpxtpx:TrackPointExtension>
        </extensions>
      </trkpt>
      <trkpt lat="30.531948735669268" lon="104.06055416139228">
        <ele>0.0</ele>
        <time>2025-03-14T09:03:14Z</time>
        <extensions>
          <gpxtpx:TrackPointExtension>
            <gpxtpx:hr>115</gpxtpx:hr>
          </gpxtpx:TrackPointExtension>
        </extensions>
      </trkpt>
      <trkpt lat="30.531962896679644" lon="104.06056169118743">
        <ele>0.0</ele>
        <time>2025-03-14T09:03:15Z</time>
        <extensions>
          <gpxtpx:TrackPointExtension>
            <gpxtpx:hr>115</gpxtpx:hr>
          </gpxtpx:TrackPointExtension>
        </extensions>
      </trkpt>
      <trkpt lat="30.53197709001259" lon="104.06056923912946">
        <ele>0.0</ele>
        <time>2025-03-14T09:03:16Z</time>
        <extensions>
          <gpxtpx:TrackPointExtension>
            <gpxtpx:hr>115</gpxtpx:hr>
          </gpxtpx:TrackPointExtension>
        </extensions>
      </trkpt>
      <trkpt lat="30.531991334267268" lon="104.06057685307567">
        <ele>0.0</ele>
        <time>2025-03-14T09:03:17Z</time>
        <extensions>
          <gpxtpx:TrackPointExtension>
            <gpxtpx:hr>115</gpxtpx:hr>
          </gpxtpx:TrackPointExtension>
        </extensions>
      </trkpt>
      <trkpt lat="30.532003356184703" lon="104.0605833840015">
        <ele>0.0</ele>
        <time>2025-03-14T09:03:18Z</time>
        <extensions>
          <gpxtpx:TrackPointExtension>
            <gpxtpx:hr>117</gpxtpx:hr>
          </gpxtpx:TrackPointExtension>
        </extensions>
      </trkpt>
      <trkpt lat="30.532014917148725" lon="104.06058972745817">
        <ele>0.0</ele>
        <time>2025-03-14T09:03:19Z</time>
        <extensions>
          <gpxtpx:TrackPointExtension>
            <gpxtpx:hr>117</gpxtpx:hr>
          </gpxtpx:TrackPointExtension>
        </extensions>
      </trkpt>
      <trkpt lat="30.532025830887576" lon="104.06059576102672">
        <ele>0.0</ele>
        <time>2025-03-14T09:03:20Z</time>
        <extensions>
          <gpxtpx:TrackPointExtension>
            <gpxtpx:hr>117</gpxtpx:hr>
          </gpxtpx:TrackPointExtension>
        </extensions>
      </trkpt>
      <trkpt lat="30.532038617423304" lon="104.0606027674807">
        <ele>0.0</ele>
        <time>2025-03-14T09:03:21Z</time>
        <extensions>
          <gpxtpx:TrackPointExtension>
            <gpxtpx:hr>117</gpxtpx:hr>
          </gpxtpx:TrackPointExtension>
        </extensions>
      </trkpt>
      <trkpt lat="30.53205146356736" lon="104.06060980252103">
        <ele>0.0</ele>
        <time>2025-03-14T09:03:22Z</time>
        <extensions>
          <gpxtpx:TrackPointExtension>
            <gpxtpx:hr>117</gpxtpx:hr>
          </gpxtpx:TrackPointExtension>
        </extensions>
      </trkpt>
      <trkpt lat="30.532064515942547" lon="104.06061693918006">
        <ele>0.0</ele>
        <time>2025-03-14T09:03:23Z</time>
        <extensions>
          <gpxtpx:TrackPointExtension>
            <gpxtpx:hr>120</gpxtpx:hr>
          </gpxtpx:TrackPointExtension>
        </extensions>
      </trkpt>
      <trkpt lat="30.53207742046615" lon="104.06062398675807">
        <ele>0.0</ele>
        <time>2025-03-14T09:03:24Z</time>
        <extensions>
          <gpxtpx:TrackPointExtension>
            <gpxtpx:hr>120</gpxtpx:hr>
          </gpxtpx:TrackPointExtension>
        </extensions>
      </trkpt>
      <trkpt lat="30.532092286712334" lon="104.06063251813039">
        <ele>0.0</ele>
        <time>2025-03-14T09:03:25Z</time>
        <extensions>
          <gpxtpx:TrackPointExtension>
            <gpxtpx:hr>120</gpxtpx:hr>
          </gpxtpx:TrackPointExtension>
        </extensions>
      </trkpt>
      <trkpt lat="30.532106993382605" lon="104.06064123547613">
        <ele>0.0</ele>
        <time>2025-03-14T09:03:26Z</time>
        <extensions>
          <gpxtpx:TrackPointExtension>
            <gpxtpx:hr>120</gpxtpx:hr>
          </gpxtpx:TrackPointExtension>
        </extensions>
      </trkpt>
      <trkpt lat="30.532122551334563" lon="104.06065109301903">
        <ele>0.0</ele>
        <time>2025-03-14T09:03:27Z</time>
        <extensions>
          <gpxtpx:TrackPointExtension>
            <gpxtpx:hr>120</gpxtpx:hr>
          </gpxtpx:TrackPointExtension>
        </extensions>
      </trkpt>
      <trkpt lat="30.53213635001964" lon="104.06066096724307">
        <ele>0.0</ele>
        <time>2025-03-14T09:03:28Z</time>
        <extensions>
          <gpxtpx:TrackPointExtension>
            <gpxtpx:hr>116</gpxtpx:hr>
          </gpxtpx:TrackPointExtension>
        </extensions>
      </trkpt>
      <trkpt lat="30.532150129763654" lon="104.06067234196685">
        <ele>0.0</ele>
        <time>2025-03-14T09:03:29Z</time>
        <extensions>
          <gpxtpx:TrackPointExtension>
            <gpxtpx:hr>116</gpxtpx:hr>
          </gpxtpx:TrackPointExtension>
        </extensions>
      </trkpt>
      <trkpt lat="30.532162894437715" lon="104.06068405744415">
        <ele>0.0</ele>
        <time>2025-03-14T09:03:30Z</time>
        <extensions>
          <gpxtpx:TrackPointExtension>
            <gpxtpx:hr>116</gpxtpx:hr>
          </gpxtpx:TrackPointExtension>
        </extensions>
      </trkpt>
      <trkpt lat="30.532175457849217" lon="104.06069524743246">
        <ele>0.0</ele>
        <time>2025-03-14T09:03:31Z</time>
        <extensions>
          <gpxtpx:TrackPointExtension>
            <gpxtpx:hr>116</gpxtpx:hr>
          </gpxtpx:TrackPointExtension>
        </extensions>
      </trkpt>
      <trkpt lat="30.532188832608995" lon="104.06070513546803">
        <ele>0.0</ele>
        <time>2025-03-14T09:03:32Z</time>
        <extensions>
          <gpxtpx:TrackPointExtension>
            <gpxtpx:hr>116</gpxtpx:hr>
          </gpxtpx:TrackPointExtension>
        </extensions>
      </trkpt>
      <trkpt lat="30.532201620723892" lon="104.06071316184483">
        <ele>0.0</ele>
        <time>2025-03-14T09:03:33Z</time>
        <extensions>
          <gpxtpx:TrackPointExtension>
            <gpxtpx:hr>116</gpxtpx:hr>
          </gpxtpx:TrackPointExtension>
        </extensions>
      </trkpt>
      <trkpt lat="30.532215235727953" lon="104.06071995993383">
        <ele>0.0</ele>
        <time>2025-03-14T09:03:34Z</time>
        <extensions>
          <gpxtpx:TrackPointExtension>
            <gpxtpx:hr>116</gpxtpx:hr>
          </gpxtpx:TrackPointExtension>
        </extensions>
      </trkpt>
      <trkpt lat="30.53222860518314" lon="104.06072602336889">
        <ele>0.0</ele>
        <time>2025-03-14T09:03:35Z</time>
        <extensions>
          <gpxtpx:TrackPointExtension>
            <gpxtpx:hr>116</gpxtpx:hr>
          </gpxtpx:TrackPointExtension>
        </extensions>
      </trkpt>
      <trkpt lat="30.532243259891914" lon="104.06073235460218">
        <ele>0.0</ele>
        <time>2025-03-14T09:03:36Z</time>
        <extensions>
          <gpxtpx:TrackPointExtension>
            <gpxtpx:hr>116</gpxtpx:hr>
          </gpxtpx:TrackPointExtension>
        </extensions>
      </trkpt>
      <trkpt lat="30.532257363357257" lon="104.06073893197015">
        <ele>0.0</ele>
        <time>2025-03-14T09:03:37Z</time>
        <extensions>
          <gpxtpx:TrackPointExtension>
            <gpxtpx:hr>116</gpxtpx:hr>
          </gpxtpx:TrackPointExtension>
        </extensions>
      </trkpt>
      <trkpt lat="30.53227138337654" lon="104.06074584929131">
        <ele>0.0</ele>
        <time>2025-03-14T09:03:38Z</time>
        <extensions>
          <gpxtpx:TrackPointExtension>
            <gpxtpx:hr>116</gpxtpx:hr>
          </gpxtpx:TrackPointExtension>
        </extensions>
      </trkpt>
      <trkpt lat="30.532285366097565" lon="104.06075294935938">
        <ele>0.0</ele>
        <time>2025-03-14T09:03:39Z</time>
        <extensions>
          <gpxtpx:TrackPointExtension>
            <gpxtpx:hr>116</gpxtpx:hr>
          </gpxtpx:TrackPointExtension>
        </extensions>
      </trkpt>
      <trkpt lat="30.532299493667047" lon="104.0607601398948">
        <ele>0.0</ele>
        <time>2025-03-14T09:03:40Z</time>
        <extensions>
          <gpxtpx:TrackPointExtension>
            <gpxtpx:hr>116</gpxtpx:hr>
          </gpxtpx:TrackPointExtension>
        </extensions>
      </trkpt>
      <trkpt lat="30.532314016138844" lon="104.06076741565887">
        <ele>0.0</ele>
        <time>2025-03-14T09:03:41Z</time>
        <extensions>
          <gpxtpx:TrackPointExtension>
            <gpxtpx:hr>116</gpxtpx:hr>
          </gpxtpx:TrackPointExtension>
        </extensions>
      </trkpt>
      <trkpt lat="30.532329233082706" lon="104.06077490011057">
        <ele>0.0</ele>
        <time>2025-03-14T09:03:42Z</time>
        <extensions>
          <gpxtpx:TrackPointExtension>
            <gpxtpx:hr>116</gpxtpx:hr>
          </gpxtpx:TrackPointExtension>
        </extensions>
      </trkpt>
      <trkpt lat="30.532343779080648" lon="104.06078169168863">
        <ele>0.0</ele>
        <time>2025-03-14T09:03:43Z</time>
        <extensions>
          <gpxtpx:TrackPointExtension>
            <gpxtpx:hr>116</gpxtpx:hr>
          </gpxtpx:TrackPointExtension>
        </extensions>
      </trkpt>
      <trkpt lat="30.532358562028467" lon="104.0607888972354">
        <ele>0.0</ele>
        <time>2025-03-14T09:03:44Z</time>
        <extensions>
          <gpxtpx:TrackPointExtension>
            <gpxtpx:hr>116</gpxtpx:hr>
          </gpxtpx:TrackPointExtension>
        </extensions>
      </trkpt>
      <trkpt lat="30.53237261896211" lon="104.06079697221543">
        <ele>0.0</ele>
        <time>2025-03-14T09:03:45Z</time>
        <extensions>
          <gpxtpx:TrackPointExtension>
            <gpxtpx:hr>116</gpxtpx:hr>
          </gpxtpx:TrackPointExtension>
        </extensions>
      </trkpt>
      <trkpt lat="30.532387452953653" lon="104.06080698322961">
        <ele>0.0</ele>
        <time>2025-03-14T09:03:46Z</time>
        <extensions>
          <gpxtpx:TrackPointExtension>
            <gpxtpx:hr>116</gpxtpx:hr>
          </gpxtpx:TrackPointExtension>
        </extensions>
      </trkpt>
      <trkpt lat="30.532401825353325" lon="104.06081751836982">
        <ele>0.0</ele>
        <time>2025-03-14T09:03:47Z</time>
        <extensions>
          <gpxtpx:TrackPointExtension>
            <gpxtpx:hr>116</gpxtpx:hr>
          </gpxtpx:TrackPointExtension>
        </extensions>
      </trkpt>
      <trkpt lat="30.532416521105354" lon="104.06082741750652">
        <ele>0.0</ele>
        <time>2025-03-14T09:03:48Z</time>
        <extensions>
          <gpxtpx:TrackPointExtension>
            <gpxtpx:hr>116</gpxtpx:hr>
          </gpxtpx:TrackPointExtension>
        </extensions>
      </trkpt>
      <trkpt lat="30.53243127516284" lon="104.0608359995195">
        <ele>0.0</ele>
        <time>2025-03-14T09:03:49Z</time>
        <extensions>
          <gpxtpx:TrackPointExtension>
            <gpxtpx:hr>116</gpxtpx:hr>
          </gpxtpx:TrackPointExtension>
        </extensions>
      </trkpt>
      <trkpt lat="30.532446121572143" lon="104.06084354902707">
        <ele>0.0</ele>
        <time>2025-03-14T09:03:50Z</time>
        <extensions>
          <gpxtpx:TrackPointExtension>
            <gpxtpx:hr>116</gpxtpx:hr>
          </gpxtpx:TrackPointExtension>
        </extensions>
      </trkpt>
      <trkpt lat="30.532460485436335" lon="104.06085072483471">
        <ele>0.0</ele>
        <time>2025-03-14T09:03:51Z</time>
        <extensions>
          <gpxtpx:TrackPointExtension>
            <gpxtpx:hr>116</gpxtpx:hr>
          </gpxtpx:TrackPointExtension>
        </extensions>
      </trkpt>
      <trkpt lat="30.53247449984968" lon="104.06085814821368">
        <ele>0.0</ele>
        <time>2025-03-14T09:03:52Z</time>
        <extensions>
          <gpxtpx:TrackPointExtension>
            <gpxtpx:hr>116</gpxtpx:hr>
          </gpxtpx:TrackPointExtension>
        </extensions>
      </trkpt>
      <trkpt lat="30.532488087778148" lon="104.06086607326729">
        <ele>0.0</ele>
        <time>2025-03-14T09:03:53Z</time>
        <extensions>
          <gpxtpx:TrackPointExtension>
            <gpxtpx:hr>115</gpxtpx:hr>
          </gpxtpx:TrackPointExtension>
        </extensions>
      </trkpt>
      <trkpt lat="30.532501469451216" lon="104.0608748520819">
        <ele>0.0</ele>
        <time>2025-03-14T09:03:54Z</time>
        <extensions>
          <gpxtpx:TrackPointExtension>
            <gpxtpx:hr>115</gpxtpx:hr>
          </gpxtpx:TrackPointExtension>
        </extensions>
      </trkpt>
      <trkpt lat="30.532514570905523" lon="104.060884732367">
        <ele>0.0</ele>
        <time>2025-03-14T09:03:55Z</time>
        <extensions>
          <gpxtpx:TrackPointExtension>
            <gpxtpx:hr>115</gpxtpx:hr>
          </gpxtpx:TrackPointExtension>
        </extensions>
      </trkpt>
      <trkpt lat="30.532525988573692" lon="104.06089463799367">
        <ele>0.0</ele>
        <time>2025-03-14T09:03:56Z</time>
        <extensions>
          <gpxtpx:TrackPointExtension>
            <gpxtpx:hr>115</gpxtpx:hr>
          </gpxtpx:TrackPointExtension>
        </extensions>
      </trkpt>
      <trkpt lat="30.53253659059065" lon="104.06090564431484">
        <ele>0.0</ele>
        <time>2025-03-14T09:03:57Z</time>
        <extensions>
          <gpxtpx:TrackPointExtension>
            <gpxtpx:hr>115</gpxtpx:hr>
          </gpxtpx:TrackPointExtension>
        </extensions>
      </trkpt>
      <trkpt lat="30.5325461249219" lon="104.06091723669861">
        <ele>0.0</ele>
        <time>2025-03-14T09:03:58Z</time>
        <extensions>
          <gpxtpx:TrackPointExtension>
            <gpxtpx:hr>116</gpxtpx:hr>
          </gpxtpx:TrackPointExtension>
        </extensions>
      </trkpt>
      <trkpt lat="30.532556108691846" lon="104.06093049600685">
        <ele>0.0</ele>
        <time>2025-03-14T09:03:59Z</time>
        <extensions>
          <gpxtpx:TrackPointExtension>
            <gpxtpx:hr>116</gpxtpx:hr>
          </gpxtpx:TrackPointExtension>
        </extensions>
      </trkpt>
      <trkpt lat="30.53256592903478" lon="104.06094357184425">
        <ele>0.0</ele>
        <time>2025-03-14T09:04:00Z</time>
        <extensions>
          <gpxtpx:TrackPointExtension>
            <gpxtpx:hr>116</gpxtpx:hr>
          </gpxtpx:TrackPointExtension>
        </extensions>
      </trkpt>
      <trkpt lat="30.532576117245334" lon="104.06095629186959">
        <ele>0.0</ele>
        <time>2025-03-14T09:04:01Z</time>
        <extensions>
          <gpxtpx:TrackPointExtension>
            <gpxtpx:hr>116</gpxtpx:hr>
          </gpxtpx:TrackPointExtension>
        </extensions>
      </trkpt>
      <trkpt lat="30.53258675336739" lon="104.06096819842779">
        <ele>0.0</ele>
        <time>2025-03-14T09:04:02Z</time>
        <extensions>
          <gpxtpx:TrackPointExtension>
            <gpxtpx:hr>116</gpxtpx:hr>
          </gpxtpx:TrackPointExtension>
        </extensions>
      </trkpt>
      <trkpt lat="30.532598010400754" lon="104.06097941395038">
        <ele>0.0</ele>
        <time>2025-03-14T09:04:03Z</time>
        <extensions>
          <gpxtpx:TrackPointExtension>
            <gpxtpx:hr>116</gpxtpx:hr>
          </gpxtpx:TrackPointExtension>
        </extensions>
      </trkpt>
      <trkpt lat="30.532609622737404" lon="104.06099024986703">
        <ele>0.0</ele>
        <time>2025-03-14T09:04:04Z</time>
        <extensions>
          <gpxtpx:TrackPointExtension>
            <gpxtpx:hr>116</gpxtpx:hr>
          </gpxtpx:TrackPointExtension>
        </extensions>
      </trkpt>
      <trkpt lat="30.532621851778067" lon="104.06100093704171">
        <ele>0.0</ele>
        <time>2025-03-14T09:04:05Z</time>
        <extensions>
          <gpxtpx:TrackPointExtension>
            <gpxtpx:hr>116</gpxtpx:hr>
          </gpxtpx:TrackPointExtension>
        </extensions>
      </trkpt>
      <trkpt lat="30.53263311987205" lon="104.06101043703161">
        <ele>0.0</ele>
        <time>2025-03-14T09:04:06Z</time>
        <extensions>
          <gpxtpx:TrackPointExtension>
            <gpxtpx:hr>116</gpxtpx:hr>
          </gpxtpx:TrackPointExtension>
        </extensions>
      </trkpt>
      <trkpt lat="30.532644671174033" lon="104.06101952830946">
        <ele>0.0</ele>
        <time>2025-03-14T09:04:07Z</time>
        <extensions>
          <gpxtpx:TrackPointExtension>
            <gpxtpx:hr>116</gpxtpx:hr>
          </gpxtpx:TrackPointExtension>
        </extensions>
      </trkpt>
      <trkpt lat="30.532656073534234" lon="104.06102801301778">
        <ele>0.0</ele>
        <time>2025-03-14T09:04:08Z</time>
        <extensions>
          <gpxtpx:TrackPointExtension>
            <gpxtpx:hr>116</gpxtpx:hr>
          </gpxtpx:TrackPointExtension>
        </extensions>
      </trkpt>
      <trkpt lat="30.53266876962336" lon="104.06103699968386">
        <ele>0.0</ele>
        <time>2025-03-14T09:04:09Z</time>
        <extensions>
          <gpxtpx:TrackPointExtension>
            <gpxtpx:hr>116</gpxtpx:hr>
          </gpxtpx:TrackPointExtension>
        </extensions>
      </trkpt>
      <trkpt lat="30.53268139055452" lon="104.06104571675611">
        <ele>0.0</ele>
        <time>2025-03-14T09:04:10Z</time>
        <extensions>
          <gpxtpx:TrackPointExtension>
            <gpxtpx:hr>116</gpxtpx:hr>
          </gpxtpx:TrackPointExtension>
        </extensions>
      </trkpt>
      <trkpt lat="30.5326939512745" lon="104.06105436380753">
        <ele>0.0</ele>
        <time>2025-03-14T09:04:11Z</time>
        <extensions>
          <gpxtpx:TrackPointExtension>
            <gpxtpx:hr>116</gpxtpx:hr>
          </gpxtpx:TrackPointExtension>
        </extensions>
      </trkpt>
      <trkpt lat="30.53270620738473" lon="104.06106320087771">
        <ele>0.0</ele>
        <time>2025-03-14T09:04:12Z</time>
        <extensions>
          <gpxtpx:TrackPointExtension>
            <gpxtpx:hr>116</gpxtpx:hr>
          </gpxtpx:TrackPointExtension>
        </extensions>
      </trkpt>
      <trkpt lat="30.53271824951416" lon="104.06107216828718">
        <ele>0.0</ele>
        <time>2025-03-14T09:04:13Z</time>
        <extensions>
          <gpxtpx:TrackPointExtension>
            <gpxtpx:hr>116</gpxtpx:hr>
          </gpxtpx:TrackPointExtension>
        </extensions>
      </trkpt>
      <trkpt lat="30.532730109213205" lon="104.06108144866661">
        <ele>0.0</ele>
        <time>2025-03-14T09:04:14Z</time>
        <extensions>
          <gpxtpx:TrackPointExtension>
            <gpxtpx:hr>116</gpxtpx:hr>
          </gpxtpx:TrackPointExtension>
        </extensions>
      </trkpt>
      <trkpt lat="30.53274187348992" lon="104.0610909957827">
        <ele>0.0</ele>
        <time>2025-03-14T09:04:15Z</time>
        <extensions>
          <gpxtpx:TrackPointExtension>
            <gpxtpx:hr>116</gpxtpx:hr>
          </gpxtpx:TrackPointExtension>
        </extensions>
      </trkpt>
      <trkpt lat="30.532754024010437" lon="104.06110082595217">
        <ele>0.0</ele>
        <time>2025-03-14T09:04:16Z</time>
        <extensions>
          <gpxtpx:TrackPointExtension>
            <gpxtpx:hr>116</gpxtpx:hr>
          </gpxtpx:TrackPointExtension>
        </extensions>
      </trkpt>
      <trkpt lat="30.53276537159005" lon="104.06110934076287">
        <ele>0.0</ele>
        <time>2025-03-14T09:04:17Z</time>
        <extensions>
          <gpxtpx:TrackPointExtension>
            <gpxtpx:hr>116</gpxtpx:hr>
          </gpxtpx:TrackPointExtension>
        </extensions>
      </trkpt>
      <trkpt lat="30.53277763099465" lon="104.06111704767173">
        <ele>0.0</ele>
        <time>2025-03-14T09:04:18Z</time>
        <extensions>
          <gpxtpx:TrackPointExtension>
            <gpxtpx:hr>115</gpxtpx:hr>
          </gpxtpx:TrackPointExtension>
        </extensions>
      </trkpt>
      <trkpt lat="30.532790401706997" lon="104.06112386148115">
        <ele>0.0</ele>
        <time>2025-03-14T09:04:19Z</time>
        <extensions>
          <gpxtpx:TrackPointExtension>
            <gpxtpx:hr>115</gpxtpx:hr>
          </gpxtpx:TrackPointExtension>
        </extensions>
      </trkpt>
      <trkpt lat="30.53280509797791" lon="104.06113137252252">
        <ele>0.0</ele>
        <time>2025-03-14T09:04:20Z</time>
        <extensions>
          <gpxtpx:TrackPointExtension>
            <gpxtpx:hr>115</gpxtpx:hr>
          </gpxtpx:TrackPointExtension>
        </extensions>
      </trkpt>
      <trkpt lat="30.532819974210437" lon="104.06113899856346">
        <ele>0.0</ele>
        <time>2025-03-14T09:04:21Z</time>
        <extensions>
          <gpxtpx:TrackPointExtension>
            <gpxtpx:hr>115</gpxtpx:hr>
          </gpxtpx:TrackPointExtension>
        </extensions>
      </trkpt>
      <trkpt lat="30.532835015038053" lon="104.06114669633992">
        <ele>0.0</ele>
        <time>2025-03-14T09:04:22Z</time>
        <extensions>
          <gpxtpx:TrackPointExtension>
            <gpxtpx:hr>115</gpxtpx:hr>
          </gpxtpx:TrackPointExtension>
        </extensions>
      </trkpt>
      <trkpt lat="30.532850012389872" lon="104.06115429001326">
        <ele>0.0</ele>
        <time>2025-03-14T09:04:23Z</time>
        <extensions>
          <gpxtpx:TrackPointExtension>
            <gpxtpx:hr>114</gpxtpx:hr>
          </gpxtpx:TrackPointExtension>
        </extensions>
      </trkpt>
      <trkpt lat="30.53286498016055" lon="104.06116147758107">
        <ele>0.0</ele>
        <time>2025-03-14T09:04:24Z</time>
        <extensions>
          <gpxtpx:TrackPointExtension>
            <gpxtpx:hr>114</gpxtpx:hr>
          </gpxtpx:TrackPointExtension>
        </extensions>
      </trkpt>
      <trkpt lat="30.532880204265034" lon="104.06116816039543">
        <ele>0.0</ele>
        <time>2025-03-14T09:04:25Z</time>
        <extensions>
          <gpxtpx:TrackPointExtension>
            <gpxtpx:hr>114</gpxtpx:hr>
          </gpxtpx:TrackPointExtension>
        </extensions>
      </trkpt>
      <trkpt lat="30.532896020689158" lon="104.06117410704758">
        <ele>0.0</ele>
        <time>2025-03-14T09:04:26Z</time>
        <extensions>
          <gpxtpx:TrackPointExtension>
            <gpxtpx:hr>114</gpxtpx:hr>
          </gpxtpx:TrackPointExtension>
        </extensions>
      </trkpt>
      <trkpt lat="30.532910503095117" lon="104.06117886996257">
        <ele>0.0</ele>
        <time>2025-03-14T09:04:27Z</time>
        <extensions>
          <gpxtpx:TrackPointExtension>
            <gpxtpx:hr>114</gpxtpx:hr>
          </gpxtpx:TrackPointExtension>
        </extensions>
      </trkpt>
      <trkpt lat="30.532924734860476" lon="104.0611826098419">
        <ele>0.0</ele>
        <time>2025-03-14T09:04:28Z</time>
        <extensions>
          <gpxtpx:TrackPointExtension>
            <gpxtpx:hr>114</gpxtpx:hr>
          </gpxtpx:TrackPointExtension>
        </extensions>
      </trkpt>
      <trkpt lat="30.532938008216092" lon="104.06118520314051">
        <ele>0.0</ele>
        <time>2025-03-14T09:04:29Z</time>
        <extensions>
          <gpxtpx:TrackPointExtension>
            <gpxtpx:hr>114</gpxtpx:hr>
          </gpxtpx:TrackPointExtension>
        </extensions>
      </trkpt>
      <trkpt lat="30.53295238250331" lon="104.06118695453961">
        <ele>0.0</ele>
        <time>2025-03-14T09:04:30Z</time>
        <extensions>
          <gpxtpx:TrackPointExtension>
            <gpxtpx:hr>114</gpxtpx:hr>
          </gpxtpx:TrackPointExtension>
        </extensions>
      </trkpt>
      <trkpt lat="30.532966466955433" lon="104.06118723879555">
        <ele>0.0</ele>
        <time>2025-03-14T09:04:31Z</time>
        <extensions>
          <gpxtpx:TrackPointExtension>
            <gpxtpx:hr>114</gpxtpx:hr>
          </gpxtpx:TrackPointExtension>
        </extensions>
      </trkpt>
      <trkpt lat="30.532980578420755" lon="104.06118612555251">
        <ele>0.0</ele>
        <time>2025-03-14T09:04:32Z</time>
        <extensions>
          <gpxtpx:TrackPointExtension>
            <gpxtpx:hr>114</gpxtpx:hr>
          </gpxtpx:TrackPointExtension>
        </extensions>
      </trkpt>
      <trkpt lat="30.53299455672009" lon="104.06118374325239">
        <ele>0.0</ele>
        <time>2025-03-14T09:04:33Z</time>
        <extensions>
          <gpxtpx:TrackPointExtension>
            <gpxtpx:hr>117</gpxtpx:hr>
          </gpxtpx:TrackPointExtension>
        </extensions>
      </trkpt>
      <trkpt lat="30.533008255348953" lon="104.0611804272472">
        <ele>0.0</ele>
        <time>2025-03-14T09:04:34Z</time>
        <extensions>
          <gpxtpx:TrackPointExtension>
            <gpxtpx:hr>117</gpxtpx:hr>
          </gpxtpx:TrackPointExtension>
        </extensions>
      </trkpt>
      <trkpt lat="30.53302019172563" lon="104.06117708703275">
        <ele>0.0</ele>
        <time>2025-03-14T09:04:35Z</time>
        <extensions>
          <gpxtpx:TrackPointExtension>
            <gpxtpx:hr>117</gpxtpx:hr>
          </gpxtpx:TrackPointExtension>
        </extensions>
      </trkpt>
      <trkpt lat="30.533031723430238" lon="104.06117295939671">
        <ele>0.0</ele>
        <time>2025-03-14T09:04:36Z</time>
        <extensions>
          <gpxtpx:TrackPointExtension>
            <gpxtpx:hr>117</gpxtpx:hr>
          </gpxtpx:TrackPointExtension>
        </extensions>
      </trkpt>
      <trkpt lat="30.533042697694718" lon="104.06116819859638">
        <ele>0.0</ele>
        <time>2025-03-14T09:04:37Z</time>
        <extensions>
          <gpxtpx:TrackPointExtension>
            <gpxtpx:hr>117</gpxtpx:hr>
          </gpxtpx:TrackPointExtension>
        </extensions>
      </trkpt>
      <trkpt lat="30.533054764033672" lon="104.06116202575436">
        <ele>0.0</ele>
        <time>2025-03-14T09:04:38Z</time>
        <extensions>
          <gpxtpx:TrackPointExtension>
            <gpxtpx:hr>123</gpxtpx:hr>
          </gpxtpx:TrackPointExtension>
        </extensions>
      </trkpt>
      <trkpt lat="30.533066440618832" lon="104.06115539718338">
        <ele>0.0</ele>
        <time>2025-03-14T09:04:39Z</time>
        <extensions>
          <gpxtpx:TrackPointExtension>
            <gpxtpx:hr>123</gpxtpx:hr>
          </gpxtpx:TrackPointExtension>
        </extensions>
      </trkpt>
      <trkpt lat="30.533078298656605" lon="104.06114849731878">
        <ele>0.0</ele>
        <time>2025-03-14T09:04:40Z</time>
        <extensions>
          <gpxtpx:TrackPointExtension>
            <gpxtpx:hr>123</gpxtpx:hr>
          </gpxtpx:TrackPointExtension>
        </extensions>
      </trkpt>
      <trkpt lat="30.53309116810543" lon="104.06114116716584">
        <ele>0.0</ele>
        <time>2025-03-14T09:04:41Z</time>
        <extensions>
          <gpxtpx:TrackPointExtension>
            <gpxtpx:hr>123</gpxtpx:hr>
          </gpxtpx:TrackPointExtension>
        </extensions>
      </trkpt>
      <trkpt lat="30.533103377796202" lon="104.06113449644523">
        <ele>0.0</ele>
        <time>2025-03-14T09:04:42Z</time>
        <extensions>
          <gpxtpx:TrackPointExtension>
            <gpxtpx:hr>123</gpxtpx:hr>
          </gpxtpx:TrackPointExtension>
        </extensions>
      </trkpt>
      <trkpt lat="30.5331164958069" lon="104.06112847989753">
        <ele>0.0</ele>
        <time>2025-03-14T09:04:43Z</time>
        <extensions>
          <gpxtpx:TrackPointExtension>
            <gpxtpx:hr>124</gpxtpx:hr>
          </gpxtpx:TrackPointExtension>
        </extensions>
      </trkpt>
      <trkpt lat="30.53312905939527" lon="104.06112469461226">
        <ele>0.0</ele>
        <time>2025-03-14T09:04:44Z</time>
        <extensions>
          <gpxtpx:TrackPointExtension>
            <gpxtpx:hr>124</gpxtpx:hr>
          </gpxtpx:TrackPointExtension>
        </extensions>
      </trkpt>
      <trkpt lat="30.533143036041054" lon="104.06112279947186">
        <ele>0.0</ele>
        <time>2025-03-14T09:04:45Z</time>
        <extensions>
          <gpxtpx:TrackPointExtension>
            <gpxtpx:hr>124</gpxtpx:hr>
          </gpxtpx:TrackPointExtension>
        </extensions>
      </trkpt>
      <trkpt lat="30.533156389658885" lon="104.06112337470394">
        <ele>0.0</ele>
        <time>2025-03-14T09:04:46Z</time>
        <extensions>
          <gpxtpx:TrackPointExtension>
            <gpxtpx:hr>124</gpxtpx:hr>
          </gpxtpx:TrackPointExtension>
        </extensions>
      </trkpt>
      <trkpt lat="30.533169668570594" lon="104.06112511260537">
        <ele>0.0</ele>
        <time>2025-03-14T09:04:47Z</time>
        <extensions>
          <gpxtpx:TrackPointExtension>
            <gpxtpx:hr>124</gpxtpx:hr>
          </gpxtpx:TrackPointExtension>
        </extensions>
      </trkpt>
      <trkpt lat="30.533183111312724" lon="104.06112782049036">
        <ele>0.0</ele>
        <time>2025-03-14T09:04:48Z</time>
        <extensions>
          <gpxtpx:TrackPointExtension>
            <gpxtpx:hr>126</gpxtpx:hr>
          </gpxtpx:TrackPointExtension>
        </extensions>
      </trkpt>
      <trkpt lat="30.53319540258822" lon="104.06113012328862">
        <ele>0.0</ele>
        <time>2025-03-14T09:04:49Z</time>
        <extensions>
          <gpxtpx:TrackPointExtension>
            <gpxtpx:hr>126</gpxtpx:hr>
          </gpxtpx:TrackPointExtension>
        </extensions>
      </trkpt>
      <trkpt lat="30.53320748050719" lon="104.06113354710226">
        <ele>0.0</ele>
        <time>2025-03-14T09:04:50Z</time>
        <extensions>
          <gpxtpx:TrackPointExtension>
            <gpxtpx:hr>126</gpxtpx:hr>
          </gpxtpx:TrackPointExtension>
        </extensions>
      </trkpt>
      <trkpt lat="30.533218432351838" lon="104.06113766431025">
        <ele>0.0</ele>
        <time>2025-03-14T09:04:51Z</time>
        <extensions>
          <gpxtpx:TrackPointExtension>
            <gpxtpx:hr>126</gpxtpx:hr>
          </gpxtpx:TrackPointExtension>
        </extensions>
      </trkpt>
      <trkpt lat="30.5332295207712" lon="104.06114357577582">
        <ele>0.0</ele>
        <time>2025-03-14T09:04:52Z</time>
        <extensions>
          <gpxtpx:TrackPointExtension>
            <gpxtpx:hr>126</gpxtpx:hr>
          </gpxtpx:TrackPointExtension>
        </extensions>
      </trkpt>
      <trkpt lat="30.53323998296089" lon="104.06114982567739">
        <ele>0.0</ele>
        <time>2025-03-14T09:04:53Z</time>
        <extensions>
          <gpxtpx:TrackPointExtension>
            <gpxtpx:hr>123</gpxtpx:hr>
          </gpxtpx:TrackPointExtension>
        </extensions>
      </trkpt>
      <trkpt lat="30.533250580798207" lon="104.06115599570553">
        <ele>0.0</ele>
        <time>2025-03-14T09:04:54Z</time>
        <extensions>
          <gpxtpx:TrackPointExtension>
            <gpxtpx:hr>123</gpxtpx:hr>
          </gpxtpx:TrackPointExtension>
        </extensions>
      </trkpt>
      <trkpt lat="30.53326028452589" lon="104.06116161909299">
        <ele>0.0</ele>
        <time>2025-03-14T09:04:55Z</time>
        <extensions>
          <gpxtpx:TrackPointExtension>
            <gpxtpx:hr>123</gpxtpx:hr>
          </gpxtpx:TrackPointExtension>
        </extensions>
      </trkpt>
      <trkpt lat="30.533270483492256" lon="104.06116726502248">
        <ele>0.0</ele>
        <time>2025-03-14T09:04:56Z</time>
        <extensions>
          <gpxtpx:TrackPointExtension>
            <gpxtpx:hr>123</gpxtpx:hr>
          </gpxtpx:TrackPointExtension>
        </extensions>
      </trkpt>
      <trkpt lat="30.533280372208335" lon="104.06117395726201">
        <ele>0.0</ele>
        <time>2025-03-14T09:04:57Z</time>
        <extensions>
          <gpxtpx:TrackPointExtension>
            <gpxtpx:hr>123</gpxtpx:hr>
          </gpxtpx:TrackPointExtension>
        </extensions>
      </trkpt>
      <trkpt lat="30.533291405086633" lon="104.06118253031688">
        <ele>0.0</ele>
        <time>2025-03-14T09:04:58Z</time>
        <extensions>
          <gpxtpx:TrackPointExtension>
            <gpxtpx:hr>126</gpxtpx:hr>
          </gpxtpx:TrackPointExtension>
        </extensions>
      </trkpt>
      <trkpt lat="30.533301555025464" lon="104.06119290624281">
        <ele>0.0</ele>
        <time>2025-03-14T09:04:59Z</time>
        <extensions>
          <gpxtpx:TrackPointExtension>
            <gpxtpx:hr>126</gpxtpx:hr>
          </gpxtpx:TrackPointExtension>
        </extensions>
      </trkpt>
      <trkpt lat="30.533311475216617" lon="104.06120517720004">
        <ele>0.0</ele>
        <time>2025-03-14T09:05:00Z</time>
        <extensions>
          <gpxtpx:TrackPointExtension>
            <gpxtpx:hr>126</gpxtpx:hr>
          </gpxtpx:TrackPointExtension>
        </extensions>
      </trkpt>
      <trkpt lat="30.53332022437833" lon="104.06121703563052">
        <ele>0.0</ele>
        <time>2025-03-14T09:05:01Z</time>
        <extensions>
          <gpxtpx:TrackPointExtension>
            <gpxtpx:hr>126</gpxtpx:hr>
          </gpxtpx:TrackPointExtension>
        </extensions>
      </trkpt>
      <trkpt lat="30.53332863362312" lon="104.06122991838576">
        <ele>0.0</ele>
        <time>2025-03-14T09:05:02Z</time>
        <extensions>
          <gpxtpx:TrackPointExtension>
            <gpxtpx:hr>126</gpxtpx:hr>
          </gpxtpx:TrackPointExtension>
        </extensions>
      </trkpt>
      <trkpt lat="30.53333607967687" lon="104.06124323064648">
        <ele>0.0</ele>
        <time>2025-03-14T09:05:03Z</time>
        <extensions>
          <gpxtpx:TrackPointExtension>
            <gpxtpx:hr>122</gpxtpx:hr>
          </gpxtpx:TrackPointExtension>
        </extensions>
      </trkpt>
      <trkpt lat="30.53334318187308" lon="104.06125883989675">
        <ele>0.0</ele>
        <time>2025-03-14T09:05:04Z</time>
        <extensions>
          <gpxtpx:TrackPointExtension>
            <gpxtpx:hr>122</gpxtpx:hr>
          </gpxtpx:TrackPointExtension>
        </extensions>
      </trkpt>
      <trkpt lat="30.533349423212794" lon="104.06127441751278">
        <ele>0.0</ele>
        <time>2025-03-14T09:05:05Z</time>
        <extensions>
          <gpxtpx:TrackPointExtension>
            <gpxtpx:hr>122</gpxtpx:hr>
          </gpxtpx:TrackPointExtension>
        </extensions>
      </trkpt>
      <trkpt lat="30.53335581794578" lon="104.06129000807739">
        <ele>0.0</ele>
        <time>2025-03-14T09:05:06Z</time>
        <extensions>
          <gpxtpx:TrackPointExtension>
            <gpxtpx:hr>122</gpxtpx:hr>
          </gpxtpx:TrackPointExtension>
        </extensions>
      </trkpt>
      <trkpt lat="30.533361476638675" lon="104.06130335782639">
        <ele>0.0</ele>
        <time>2025-03-14T09:05:07Z</time>
        <extensions>
          <gpxtpx:TrackPointExtension>
            <gpxtpx:hr>122</gpxtpx:hr>
          </gpxtpx:TrackPointExtension>
        </extensions>
      </trkpt>
      <trkpt lat="30.53336754304618" lon="104.06131634325662">
        <ele>0.0</ele>
        <time>2025-03-14T09:05:08Z</time>
        <extensions>
          <gpxtpx:TrackPointExtension>
            <gpxtpx:hr>118</gpxtpx:hr>
          </gpxtpx:TrackPointExtension>
        </extensions>
      </trkpt>
      <trkpt lat="30.533373176498827" lon="104.0613285654129">
        <ele>0.0</ele>
        <time>2025-03-14T09:05:09Z</time>
        <extensions>
          <gpxtpx:TrackPointExtension>
            <gpxtpx:hr>118</gpxtpx:hr>
          </gpxtpx:TrackPointExtension>
        </extensions>
      </trkpt>
      <trkpt lat="30.533379580823855" lon="104.06134235013867">
        <ele>0.0</ele>
        <time>2025-03-14T09:05:10Z</time>
        <extensions>
          <gpxtpx:TrackPointExtension>
            <gpxtpx:hr>118</gpxtpx:hr>
          </gpxtpx:TrackPointExtension>
        </extensions>
      </trkpt>
      <trkpt lat="30.533385917353304" lon="104.06135607049357">
        <ele>0.0</ele>
        <time>2025-03-14T09:05:11Z</time>
        <extensions>
          <gpxtpx:TrackPointExtension>
            <gpxtpx:hr>118</gpxtpx:hr>
          </gpxtpx:TrackPointExtension>
        </extensions>
      </trkpt>
      <trkpt lat="30.533392745147353" lon="104.06137009667704">
        <ele>0.0</ele>
        <time>2025-03-14T09:05:12Z</time>
        <extensions>
          <gpxtpx:TrackPointExtension>
            <gpxtpx:hr>118</gpxtpx:hr>
          </gpxtpx:TrackPointExtension>
        </extensions>
      </trkpt>
      <trkpt lat="30.53340012714856" lon="104.06138421651794">
        <ele>0.0</ele>
        <time>2025-03-14T09:05:13Z</time>
        <extensions>
          <gpxtpx:TrackPointExtension>
            <gpxtpx:hr>115</gpxtpx:hr>
          </gpxtpx:TrackPointExtension>
        </extensions>
      </trkpt>
      <trkpt lat="30.533407954199934" lon="104.06139842825347">
        <ele>0.0</ele>
        <time>2025-03-14T09:05:14Z</time>
        <extensions>
          <gpxtpx:TrackPointExtension>
            <gpxtpx:hr>115</gpxtpx:hr>
          </gpxtpx:TrackPointExtension>
        </extensions>
      </trkpt>
      <trkpt lat="30.533416120898213" lon="104.06141263651992">
        <ele>0.0</ele>
        <time>2025-03-14T09:05:15Z</time>
        <extensions>
          <gpxtpx:TrackPointExtension>
            <gpxtpx:hr>115</gpxtpx:hr>
          </gpxtpx:TrackPointExtension>
        </extensions>
      </trkpt>
      <trkpt lat="30.53342452079117" lon="104.0614269983962">
        <ele>0.0</ele>
        <time>2025-03-14T09:05:16Z</time>
        <extensions>
          <gpxtpx:TrackPointExtension>
            <gpxtpx:hr>115</gpxtpx:hr>
          </gpxtpx:TrackPointExtension>
        </extensions>
      </trkpt>
      <trkpt lat="30.533431527769896" lon="104.06143994576003">
        <ele>0.0</ele>
        <time>2025-03-14T09:05:17Z</time>
        <extensions>
          <gpxtpx:TrackPointExtension>
            <gpxtpx:hr>115</gpxtpx:hr>
          </gpxtpx:TrackPointExtension>
        </extensions>
      </trkpt>
      <trkpt lat="30.533437473770924" lon="104.06145277271705">
        <ele>0.0</ele>
        <time>2025-03-14T09:05:18Z</time>
        <extensions>
          <gpxtpx:TrackPointExtension>
            <gpxtpx:hr>129</gpxtpx:hr>
          </gpxtpx:TrackPointExtension>
        </extensions>
      </trkpt>
      <trkpt lat="30.533441163512716" lon="104.06146373740013">
        <ele>0.0</ele>
        <time>2025-03-14T09:05:19Z</time>
        <extensions>
          <gpxtpx:TrackPointExtension>
            <gpxtpx:hr>129</gpxtpx:hr>
          </gpxtpx:TrackPointExtension>
        </extensions>
      </trkpt>
      <trkpt lat="30.53344340005933" lon="104.06147210120031">
        <ele>0.0</ele>
        <time>2025-03-14T09:05:20Z</time>
        <extensions>
          <gpxtpx:TrackPointExtension>
            <gpxtpx:hr>129</gpxtpx:hr>
          </gpxtpx:TrackPointExtension>
        </extensions>
      </trkpt>
      <trkpt lat="30.533444013398054" lon="104.06147705563025">
        <ele>0.0</ele>
        <time>2025-03-14T09:05:21Z</time>
        <extensions>
          <gpxtpx:TrackPointExtension>
            <gpxtpx:hr>129</gpxtpx:hr>
          </gpxtpx:TrackPointExtension>
        </extensions>
      </trkpt>
      <trkpt lat="30.533443603422835" lon="104.06147950027574">
        <ele>0.0</ele>
        <time>2025-03-14T09:05:22Z</time>
        <extensions>
          <gpxtpx:TrackPointExtension>
            <gpxtpx:hr>129</gpxtpx:hr>
          </gpxtpx:TrackPointExtension>
        </extensions>
      </trkpt>
      <trkpt lat="30.533443528946485" lon="104.06148247650044">
        <ele>0.0</ele>
        <time>2025-03-14T09:05:23Z</time>
        <extensions>
          <gpxtpx:TrackPointExtension>
            <gpxtpx:hr>128</gpxtpx:hr>
          </gpxtpx:TrackPointExtension>
        </extensions>
      </trkpt>
      <trkpt lat="30.533443090770763" lon="104.06148417790575">
        <ele>0.0</ele>
        <time>2025-03-14T09:05:24Z</time>
        <extensions>
          <gpxtpx:TrackPointExtension>
            <gpxtpx:hr>128</gpxtpx:hr>
          </gpxtpx:TrackPointExtension>
        </extensions>
      </trkpt>
      <trkpt lat="30.533443161309588" lon="104.06148577954305">
        <ele>0.0</ele>
        <time>2025-03-14T09:05:25Z</time>
        <extensions>
          <gpxtpx:TrackPointExtension>
            <gpxtpx:hr>128</gpxtpx:hr>
          </gpxtpx:TrackPointExtension>
        </extensions>
      </trkpt>
      <trkpt lat="30.533443053527005" lon="104.06148637350873">
        <ele>0.0</ele>
        <time>2025-03-14T09:05:26Z</time>
        <extensions>
          <gpxtpx:TrackPointExtension>
            <gpxtpx:hr>128</gpxtpx:hr>
          </gpxtpx:TrackPointExtension>
        </extensions>
      </trkpt>
      <trkpt lat="30.53344325569067" lon="104.06148723189683">
        <ele>0.0</ele>
        <time>2025-03-14T09:05:27Z</time>
        <extensions>
          <gpxtpx:TrackPointExtension>
            <gpxtpx:hr>128</gpxtpx:hr>
          </gpxtpx:TrackPointExtension>
        </extensions>
      </trkpt>
      <trkpt lat="30.533443342429237" lon="104.06148767652242">
        <ele>0.0</ele>
        <time>2025-03-14T09:05:28Z</time>
        <extensions>
          <gpxtpx:TrackPointExtension>
            <gpxtpx:hr>127</gpxtpx:hr>
          </gpxtpx:TrackPointExtension>
        </extensions>
      </trkpt>
      <trkpt lat="30.533443393963246" lon="104.0614879830899">
        <ele>0.0</ele>
        <time>2025-03-14T09:05:29Z</time>
        <extensions>
          <gpxtpx:TrackPointExtension>
            <gpxtpx:hr>127</gpxtpx:hr>
          </gpxtpx:TrackPointExtension>
        </extensions>
      </trkpt>
      <trkpt lat="30.53344333570867" lon="104.06148812077035">
        <ele>0.0</ele>
        <time>2025-03-14T09:05:30Z</time>
        <extensions>
          <gpxtpx:TrackPointExtension>
            <gpxtpx:hr>127</gpxtpx:hr>
          </gpxtpx:TrackPointExtension>
        </extensions>
      </trkpt>
      <trkpt lat="30.533443083656977" lon="104.06148812973693">
        <ele>0.0</ele>
        <time>2025-03-14T09:05:31Z</time>
        <extensions>
          <gpxtpx:TrackPointExtension>
            <gpxtpx:hr>127</gpxtpx:hr>
          </gpxtpx:TrackPointExtension>
        </extensions>
      </trkpt>
      <trkpt lat="30.533443206775566" lon="104.06148826367487">
        <ele>0.0</ele>
        <time>2025-03-14T09:05:32Z</time>
        <extensions>
          <gpxtpx:TrackPointExtension>
            <gpxtpx:hr>127</gpxtpx:hr>
          </gpxtpx:TrackPointExtension>
        </extensions>
      </trkpt>
      <trkpt lat="30.533443134151128" lon="104.06148835629764">
        <ele>0.0</ele>
        <time>2025-03-14T09:05:33Z</time>
        <extensions>
          <gpxtpx:TrackPointExtension>
            <gpxtpx:hr>125</gpxtpx:hr>
          </gpxtpx:TrackPointExtension>
        </extensions>
      </trkpt>
      <trkpt lat="30.533443151467395" lon="104.06148848743686">
        <ele>0.0</ele>
        <time>2025-03-14T09:05:34Z</time>
        <extensions>
          <gpxtpx:TrackPointExtension>
            <gpxtpx:hr>125</gpxtpx:hr>
          </gpxtpx:TrackPointExtension>
        </extensions>
      </trkpt>
      <trkpt lat="30.533442691291466" lon="104.0614883929694">
        <ele>0.0</ele>
        <time>2025-03-14T09:05:35Z</time>
        <extensions>
          <gpxtpx:TrackPointExtension>
            <gpxtpx:hr>125</gpxtpx:hr>
          </gpxtpx:TrackPointExtension>
        </extensions>
      </trkpt>
      <trkpt lat="30.533442435081483" lon="104.06148822187868">
        <ele>0.0</ele>
        <time>2025-03-14T09:05:36Z</time>
        <extensions>
          <gpxtpx:TrackPointExtension>
            <gpxtpx:hr>125</gpxtpx:hr>
          </gpxtpx:TrackPointExtension>
        </extensions>
      </trkpt>
      <trkpt lat="30.53344223844932" lon="104.06148776866809">
        <ele>0.0</ele>
        <time>2025-03-14T09:05:37Z</time>
        <extensions>
          <gpxtpx:TrackPointExtension>
            <gpxtpx:hr>125</gpxtpx:hr>
          </gpxtpx:TrackPointExtension>
        </extensions>
      </trkpt>
      <trkpt lat="30.533442156316788" lon="104.06148695439953">
        <ele>0.0</ele>
        <time>2025-03-14T09:05:38Z</time>
        <extensions>
          <gpxtpx:TrackPointExtension>
            <gpxtpx:hr>125</gpxtpx:hr>
          </gpxtpx:TrackPointExtension>
        </extensions>
      </trkpt>
      <trkpt lat="30.533441845181187" lon="104.06148536838118">
        <ele>0.0</ele>
        <time>2025-03-14T09:05:39Z</time>
        <extensions>
          <gpxtpx:TrackPointExtension>
            <gpxtpx:hr>125</gpxtpx:hr>
          </gpxtpx:TrackPointExtension>
        </extensions>
      </trkpt>
      <trkpt lat="30.533442489543123" lon="104.0614820929204">
        <ele>0.0</ele>
        <time>2025-03-14T09:05:40Z</time>
        <extensions>
          <gpxtpx:TrackPointExtension>
            <gpxtpx:hr>125</gpxtpx:hr>
          </gpxtpx:TrackPointExtension>
        </extensions>
      </trkpt>
      <trkpt lat="30.533444688107036" lon="104.06147627265692">
        <ele>0.0</ele>
        <time>2025-03-14T09:05:41Z</time>
        <extensions>
          <gpxtpx:TrackPointExtension>
            <gpxtpx:hr>125</gpxtpx:hr>
          </gpxtpx:TrackPointExtension>
        </extensions>
      </trkpt>
      <trkpt lat="30.53344925155483" lon="104.06146772778382">
        <ele>0.0</ele>
        <time>2025-03-14T09:05:42Z</time>
        <extensions>
          <gpxtpx:TrackPointExtension>
            <gpxtpx:hr>125</gpxtpx:hr>
          </gpxtpx:TrackPointExtension>
        </extensions>
      </trkpt>
      <trkpt lat="30.53345546423004" lon="104.06145712522436">
        <ele>0.0</ele>
        <time>2025-03-14T09:05:43Z</time>
        <extensions>
          <gpxtpx:TrackPointExtension>
            <gpxtpx:hr>123</gpxtpx:hr>
          </gpxtpx:TrackPointExtension>
        </extensions>
      </trkpt>
      <trkpt lat="30.533463234079324" lon="104.06144537808288">
        <ele>0.0</ele>
        <time>2025-03-14T09:05:44Z</time>
        <extensions>
          <gpxtpx:TrackPointExtension>
            <gpxtpx:hr>123</gpxtpx:hr>
          </gpxtpx:TrackPointExtension>
        </extensions>
      </trkpt>
      <trkpt lat="30.533472433734815" lon="104.06143294749054">
        <ele>0.0</ele>
        <time>2025-03-14T09:05:45Z</time>
        <extensions>
          <gpxtpx:TrackPointExtension>
            <gpxtpx:hr>123</gpxtpx:hr>
          </gpxtpx:TrackPointExtension>
        </extensions>
      </trkpt>
      <trkpt lat="30.533481435620867" lon="104.06142172726145">
        <ele>0.0</ele>
        <time>2025-03-14T09:05:46Z</time>
        <extensions>
          <gpxtpx:TrackPointExtension>
            <gpxtpx:hr>123</gpxtpx:hr>
          </gpxtpx:TrackPointExtension>
        </extensions>
      </trkpt>
      <trkpt lat="30.533490938463977" lon="104.06141072142778">
        <ele>0.0</ele>
        <time>2025-03-14T09:05:47Z</time>
        <extensions>
          <gpxtpx:TrackPointExtension>
            <gpxtpx:hr>123</gpxtpx:hr>
          </gpxtpx:TrackPointExtension>
        </extensions>
      </trkpt>
      <trkpt lat="30.53350032567999" lon="104.06140059642661">
        <ele>0.0</ele>
        <time>2025-03-14T09:05:48Z</time>
        <extensions>
          <gpxtpx:TrackPointExtension>
            <gpxtpx:hr>119</gpxtpx:hr>
          </gpxtpx:TrackPointExtension>
        </extensions>
      </trkpt>
      <trkpt lat="30.533510942370707" lon="104.06139021252217">
        <ele>0.0</ele>
        <time>2025-03-14T09:05:49Z</time>
        <extensions>
          <gpxtpx:TrackPointExtension>
            <gpxtpx:hr>119</gpxtpx:hr>
          </gpxtpx:TrackPointExtension>
        </extensions>
      </trkpt>
      <trkpt lat="30.53352145931823" lon="104.06138158217907">
        <ele>0.0</ele>
        <time>2025-03-14T09:05:50Z</time>
        <extensions>
          <gpxtpx:TrackPointExtension>
            <gpxtpx:hr>119</gpxtpx:hr>
          </gpxtpx:TrackPointExtension>
        </extensions>
      </trkpt>
      <trkpt lat="30.533532521713273" lon="104.06137575525874">
        <ele>0.0</ele>
        <time>2025-03-14T09:05:51Z</time>
        <extensions>
          <gpxtpx:TrackPointExtension>
            <gpxtpx:hr>119</gpxtpx:hr>
          </gpxtpx:TrackPointExtension>
        </extensions>
      </trkpt>
      <trkpt lat="30.533542167541565" lon="104.06137309669215">
        <ele>0.0</ele>
        <time>2025-03-14T09:05:52Z</time>
        <extensions>
          <gpxtpx:TrackPointExtension>
            <gpxtpx:hr>119</gpxtpx:hr>
          </gpxtpx:TrackPointExtension>
        </extensions>
      </trkpt>
      <trkpt lat="30.533551357007696" lon="104.06137473124016">
        <ele>0.0</ele>
        <time>2025-03-14T09:05:53Z</time>
        <extensions>
          <gpxtpx:TrackPointExtension>
            <gpxtpx:hr>124</gpxtpx:hr>
          </gpxtpx:TrackPointExtension>
        </extensions>
      </trkpt>
      <trkpt lat="30.53355962541078" lon="104.06137938808484">
        <ele>0.0</ele>
        <time>2025-03-14T09:05:54Z</time>
        <extensions>
          <gpxtpx:TrackPointExtension>
            <gpxtpx:hr>124</gpxtpx:hr>
          </gpxtpx:TrackPointExtension>
        </extensions>
      </trkpt>
      <trkpt lat="30.533569030624545" lon="104.06138661408005">
        <ele>0.0</ele>
        <time>2025-03-14T09:05:55Z</time>
        <extensions>
          <gpxtpx:TrackPointExtension>
            <gpxtpx:hr>124</gpxtpx:hr>
          </gpxtpx:TrackPointExtension>
        </extensions>
      </trkpt>
      <trkpt lat="30.533579239917508" lon="104.06139417555767">
        <ele>0.0</ele>
        <time>2025-03-14T09:05:56Z</time>
        <extensions>
          <gpxtpx:TrackPointExtension>
            <gpxtpx:hr>124</gpxtpx:hr>
          </gpxtpx:TrackPointExtension>
        </extensions>
      </trkpt>
      <trkpt lat="30.533590682337227" lon="104.0614020067559">
        <ele>0.0</ele>
        <time>2025-03-14T09:05:57Z</time>
        <extensions>
          <gpxtpx:TrackPointExtension>
            <gpxtpx:hr>124</gpxtpx:hr>
          </gpxtpx:TrackPointExtension>
        </extensions>
      </trkpt>
      <trkpt lat="30.533603294298132" lon="104.06141035783615">
        <ele>0.0</ele>
        <time>2025-03-14T09:05:58Z</time>
        <extensions>
          <gpxtpx:TrackPointExtension>
            <gpxtpx:hr>122</gpxtpx:hr>
          </gpxtpx:TrackPointExtension>
        </extensions>
      </trkpt>
      <trkpt lat="30.53361538831417" lon="104.06141856630907">
        <ele>0.0</ele>
        <time>2025-03-14T09:05:59Z</time>
        <extensions>
          <gpxtpx:TrackPointExtension>
            <gpxtpx:hr>122</gpxtpx:hr>
          </gpxtpx:TrackPointExtension>
        </extensions>
      </trkpt>
      <trkpt lat="30.533627733422243" lon="104.0614275347547">
        <ele>0.0</ele>
        <time>2025-03-14T09:06:00Z</time>
        <extensions>
          <gpxtpx:TrackPointExtension>
            <gpxtpx:hr>122</gpxtpx:hr>
          </gpxtpx:TrackPointExtension>
        </extensions>
      </trkpt>
      <trkpt lat="30.533639780855758" lon="104.06143631255527">
        <ele>0.0</ele>
        <time>2025-03-14T09:06:01Z</time>
        <extensions>
          <gpxtpx:TrackPointExtension>
            <gpxtpx:hr>122</gpxtpx:hr>
          </gpxtpx:TrackPointExtension>
        </extensions>
      </trkpt>
      <trkpt lat="30.5336528030243" lon="104.0614450545537">
        <ele>0.0</ele>
        <time>2025-03-14T09:06:02Z</time>
        <extensions>
          <gpxtpx:TrackPointExtension>
            <gpxtpx:hr>122</gpxtpx:hr>
          </gpxtpx:TrackPointExtension>
        </extensions>
      </trkpt>
      <trkpt lat="30.53366544600824" lon="104.06145231300587">
        <ele>0.0</ele>
        <time>2025-03-14T09:06:03Z</time>
        <extensions>
          <gpxtpx:TrackPointExtension>
            <gpxtpx:hr>120</gpxtpx:hr>
          </gpxtpx:TrackPointExtension>
        </extensions>
      </trkpt>
      <trkpt lat="30.533678231457436" lon="104.06145782861867">
        <ele>0.0</ele>
        <time>2025-03-14T09:06:04Z</time>
        <extensions>
          <gpxtpx:TrackPointExtension>
            <gpxtpx:hr>120</gpxtpx:hr>
          </gpxtpx:TrackPointExtension>
        </extensions>
      </trkpt>
      <trkpt lat="30.53369129442745" lon="104.0614614309446">
        <ele>0.0</ele>
        <time>2025-03-14T09:06:05Z</time>
        <extensions>
          <gpxtpx:TrackPointExtension>
            <gpxtpx:hr>120</gpxtpx:hr>
          </gpxtpx:TrackPointExtension>
        </extensions>
      </trkpt>
      <trkpt lat="30.53370458187469" lon="104.06146245431546">
        <ele>0.0</ele>
        <time>2025-03-14T09:06:06Z</time>
        <extensions>
          <gpxtpx:TrackPointExtension>
            <gpxtpx:hr>120</gpxtpx:hr>
          </gpxtpx:TrackPointExtension>
        </extensions>
      </trkpt>
      <trkpt lat="30.53371715716005" lon="104.0614632605573">
        <ele>0.0</ele>
        <time>2025-03-14T09:06:07Z</time>
        <extensions>
          <gpxtpx:TrackPointExtension>
            <gpxtpx:hr>120</gpxtpx:hr>
          </gpxtpx:TrackPointExtension>
        </extensions>
      </trkpt>
      <trkpt lat="30.533728499312517" lon="104.06146247740216">
        <ele>0.0</ele>
        <time>2025-03-14T09:06:08Z</time>
        <extensions>
          <gpxtpx:TrackPointExtension>
            <gpxtpx:hr>122</gpxtpx:hr>
          </gpxtpx:TrackPointExtension>
        </extensions>
      </trkpt>
      <trkpt lat="30.533739153690846" lon="104.0614615861356">
        <ele>0.0</ele>
        <time>2025-03-14T09:06:09Z</time>
        <extensions>
          <gpxtpx:TrackPointExtension>
            <gpxtpx:hr>122</gpxtpx:hr>
          </gpxtpx:TrackPointExtension>
        </extensions>
      </trkpt>
      <trkpt lat="30.533749120304968" lon="104.06145806533706">
        <ele>0.0</ele>
        <time>2025-03-14T09:06:10Z</time>
        <extensions>
          <gpxtpx:TrackPointExtension>
            <gpxtpx:hr>122</gpxtpx:hr>
          </gpxtpx:TrackPointExtension>
        </extensions>
      </trkpt>
      <trkpt lat="30.533758813965022" lon="104.06145581619757">
        <ele>0.0</ele>
        <time>2025-03-14T09:06:11Z</time>
        <extensions>
          <gpxtpx:TrackPointExtension>
            <gpxtpx:hr>122</gpxtpx:hr>
          </gpxtpx:TrackPointExtension>
        </extensions>
      </trkpt>
      <trkpt lat="30.533769088367134" lon="104.0614549349639">
        <ele>0.0</ele>
        <time>2025-03-14T09:06:12Z</time>
        <extensions>
          <gpxtpx:TrackPointExtension>
            <gpxtpx:hr>122</gpxtpx:hr>
          </gpxtpx:TrackPointExtension>
        </extensions>
      </trkpt>
      <trkpt lat="30.53378185608212" lon="104.06145590620858">
        <ele>0.0</ele>
        <time>2025-03-14T09:06:13Z</time>
        <extensions>
          <gpxtpx:TrackPointExtension>
            <gpxtpx:hr>122</gpxtpx:hr>
          </gpxtpx:TrackPointExtension>
        </extensions>
      </trkpt>
      <trkpt lat="30.533797227497264" lon="104.06145682239936">
        <ele>0.0</ele>
        <time>2025-03-14T09:06:14Z</time>
        <extensions>
          <gpxtpx:TrackPointExtension>
            <gpxtpx:hr>122</gpxtpx:hr>
          </gpxtpx:TrackPointExtension>
        </extensions>
      </trkpt>
      <trkpt lat="30.533813889299775" lon="104.0614570921164">
        <ele>0.0</ele>
        <time>2025-03-14T09:06:15Z</time>
        <extensions>
          <gpxtpx:TrackPointExtension>
            <gpxtpx:hr>122</gpxtpx:hr>
          </gpxtpx:TrackPointExtension>
        </extensions>
      </trkpt>
      <trkpt lat="30.533830451127105" lon="104.06145734092708">
        <ele>0.0</ele>
        <time>2025-03-14T09:06:16Z</time>
        <extensions>
          <gpxtpx:TrackPointExtension>
            <gpxtpx:hr>122</gpxtpx:hr>
          </gpxtpx:TrackPointExtension>
        </extensions>
      </trkpt>
      <trkpt lat="30.53384645492953" lon="104.06145791830245">
        <ele>0.0</ele>
        <time>2025-03-14T09:06:17Z</time>
        <extensions>
          <gpxtpx:TrackPointExtension>
            <gpxtpx:hr>122</gpxtpx:hr>
          </gpxtpx:TrackPointExtension>
        </extensions>
      </trkpt>
      <trkpt lat="30.533862153839916" lon="104.06145887056479">
        <ele>0.0</ele>
        <time>2025-03-14T09:06:18Z</time>
        <extensions>
          <gpxtpx:TrackPointExtension>
            <gpxtpx:hr>121</gpxtpx:hr>
          </gpxtpx:TrackPointExtension>
        </extensions>
      </trkpt>
      <trkpt lat="30.533877811006025" lon="104.0614597759496">
        <ele>0.0</ele>
        <time>2025-03-14T09:06:19Z</time>
        <extensions>
          <gpxtpx:TrackPointExtension>
            <gpxtpx:hr>121</gpxtpx:hr>
          </gpxtpx:TrackPointExtension>
        </extensions>
      </trkpt>
      <trkpt lat="30.533892178828243" lon="104.06146039957481">
        <ele>0.0</ele>
        <time>2025-03-14T09:06:20Z</time>
        <extensions>
          <gpxtpx:TrackPointExtension>
            <gpxtpx:hr>121</gpxtpx:hr>
          </gpxtpx:TrackPointExtension>
        </extensions>
      </trkpt>
      <trkpt lat="30.533906641693807" lon="104.06146027574964">
        <ele>0.0</ele>
        <time>2025-03-14T09:06:21Z</time>
        <extensions>
          <gpxtpx:TrackPointExtension>
            <gpxtpx:hr>121</gpxtpx:hr>
          </gpxtpx:TrackPointExtension>
        </extensions>
      </trkpt>
      <trkpt lat="30.53392104718292" lon="104.06145962165766">
        <ele>0.0</ele>
        <time>2025-03-14T09:06:22Z</time>
        <extensions>
          <gpxtpx:TrackPointExtension>
            <gpxtpx:hr>121</gpxtpx:hr>
          </gpxtpx:TrackPointExtension>
        </extensions>
      </trkpt>
      <trkpt lat="30.53393654344149" lon="104.06145853454952">
        <ele>0.0</ele>
        <time>2025-03-14T09:06:23Z</time>
        <extensions>
          <gpxtpx:TrackPointExtension>
            <gpxtpx:hr>121</gpxtpx:hr>
          </gpxtpx:TrackPointExtension>
        </extensions>
      </trkpt>
      <trkpt lat="30.533951872713317" lon="104.06145775252446">
        <ele>0.0</ele>
        <time>2025-03-14T09:06:24Z</time>
        <extensions>
          <gpxtpx:TrackPointExtension>
            <gpxtpx:hr>121</gpxtpx:hr>
          </gpxtpx:TrackPointExtension>
        </extensions>
      </trkpt>
      <trkpt lat="30.533965593067098" lon="104.0614568931192">
        <ele>0.0</ele>
        <time>2025-03-14T09:06:25Z</time>
        <extensions>
          <gpxtpx:TrackPointExtension>
            <gpxtpx:hr>121</gpxtpx:hr>
          </gpxtpx:TrackPointExtension>
        </extensions>
      </trkpt>
      <trkpt lat="30.53397946216786" lon="104.06145657353011">
        <ele>0.0</ele>
        <time>2025-03-14T09:06:26Z</time>
        <extensions>
          <gpxtpx:TrackPointExtension>
            <gpxtpx:hr>121</gpxtpx:hr>
          </gpxtpx:TrackPointExtension>
        </extensions>
      </trkpt>
      <trkpt lat="30.53399284075003" lon="104.06145616380803">
        <ele>0.0</ele>
        <time>2025-03-14T09:06:27Z</time>
        <extensions>
          <gpxtpx:TrackPointExtension>
            <gpxtpx:hr>121</gpxtpx:hr>
          </gpxtpx:TrackPointExtension>
        </extensions>
      </trkpt>
      <trkpt lat="30.534007670446265" lon="104.06145638706943">
        <ele>0.0</ele>
        <time>2025-03-14T09:06:28Z</time>
        <extensions>
          <gpxtpx:TrackPointExtension>
            <gpxtpx:hr>119</gpxtpx:hr>
          </gpxtpx:TrackPointExtension>
        </extensions>
      </trkpt>
      <trkpt lat="30.534022231633354" lon="104.0614567172101">
        <ele>0.0</ele>
        <time>2025-03-14T09:06:29Z</time>
        <extensions>
          <gpxtpx:TrackPointExtension>
            <gpxtpx:hr>119</gpxtpx:hr>
          </gpxtpx:TrackPointExtension>
        </extensions>
      </trkpt>
      <trkpt lat="30.534036912278232" lon="104.06145770385845">
        <ele>0.0</ele>
        <time>2025-03-14T09:06:30Z</time>
        <extensions>
          <gpxtpx:TrackPointExtension>
            <gpxtpx:hr>119</gpxtpx:hr>
          </gpxtpx:TrackPointExtension>
        </extensions>
      </trkpt>
      <trkpt lat="30.534051182899304" lon="104.06145903991278">
        <ele>0.0</ele>
        <time>2025-03-14T09:06:31Z</time>
        <extensions>
          <gpxtpx:TrackPointExtension>
            <gpxtpx:hr>119</gpxtpx:hr>
          </gpxtpx:TrackPointExtension>
        </extensions>
      </trkpt>
      <trkpt lat="30.53406527069661" lon="104.06146025295715">
        <ele>0.0</ele>
        <time>2025-03-14T09:06:32Z</time>
        <extensions>
          <gpxtpx:TrackPointExtension>
            <gpxtpx:hr>119</gpxtpx:hr>
          </gpxtpx:TrackPointExtension>
        </extensions>
      </trkpt>
      <trkpt lat="30.534079424235145" lon="104.06146110844817">
        <ele>0.0</ele>
        <time>2025-03-14T09:06:33Z</time>
        <extensions>
          <gpxtpx:TrackPointExtension>
            <gpxtpx:hr>118</gpxtpx:hr>
          </gpxtpx:TrackPointExtension>
        </extensions>
      </trkpt>
      <trkpt lat="30.53409403429661" lon="104.06146159382864">
        <ele>0.0</ele>
        <time>2025-03-14T09:06:34Z</time>
        <extensions>
          <gpxtpx:TrackPointExtension>
            <gpxtpx:hr>118</gpxtpx:hr>
          </gpxtpx:TrackPointExtension>
        </extensions>
      </trkpt>
      <trkpt lat="30.53410934986424" lon="104.06146207474131">
        <ele>0.0</ele>
        <time>2025-03-14T09:06:35Z</time>
        <extensions>
          <gpxtpx:TrackPointExtension>
            <gpxtpx:hr>118</gpxtpx:hr>
          </gpxtpx:TrackPointExtension>
        </extensions>
      </trkpt>
      <trkpt lat="30.534125382923918" lon="104.06146264986535">
        <ele>0.0</ele>
        <time>2025-03-14T09:06:36Z</time>
        <extensions>
          <gpxtpx:TrackPointExtension>
            <gpxtpx:hr>118</gpxtpx:hr>
          </gpxtpx:TrackPointExtension>
        </extensions>
      </trkpt>
      <trkpt lat="30.534141884535803" lon="104.06146317280788">
        <ele>0.0</ele>
        <time>2025-03-14T09:06:37Z</time>
        <extensions>
          <gpxtpx:TrackPointExtension>
            <gpxtpx:hr>118</gpxtpx:hr>
          </gpxtpx:TrackPointExtension>
        </extensions>
      </trkpt>
      <trkpt lat="30.534156911956295" lon="104.06146325888577">
        <ele>0.0</ele>
        <time>2025-03-14T09:06:38Z</time>
        <extensions>
          <gpxtpx:TrackPointExtension>
            <gpxtpx:hr>118</gpxtpx:hr>
          </gpxtpx:TrackPointExtension>
        </extensions>
      </trkpt>
      <trkpt lat="30.53417189502315" lon="104.06146327877589">
        <ele>0.0</ele>
        <time>2025-03-14T09:06:39Z</time>
        <extensions>
          <gpxtpx:TrackPointExtension>
            <gpxtpx:hr>118</gpxtpx:hr>
          </gpxtpx:TrackPointExtension>
        </extensions>
      </trkpt>
      <trkpt lat="30.534186628057917" lon="104.06146339398558">
        <ele>0.0</ele>
        <time>2025-03-14T09:06:40Z</time>
        <extensions>
          <gpxtpx:TrackPointExtension>
            <gpxtpx:hr>118</gpxtpx:hr>
          </gpxtpx:TrackPointExtension>
        </extensions>
      </trkpt>
      <trkpt lat="30.53420263709103" lon="104.06146440668797">
        <ele>0.0</ele>
        <time>2025-03-14T09:06:41Z</time>
        <extensions>
          <gpxtpx:TrackPointExtension>
            <gpxtpx:hr>118</gpxtpx:hr>
          </gpxtpx:TrackPointExtension>
        </extensions>
      </trkpt>
      <trkpt lat="30.534217837537643" lon="104.06146651742665">
        <ele>0.0</ele>
        <time>2025-03-14T09:06:42Z</time>
        <extensions>
          <gpxtpx:TrackPointExtension>
            <gpxtpx:hr>118</gpxtpx:hr>
          </gpxtpx:TrackPointExtension>
        </extensions>
      </trkpt>
      <trkpt lat="30.53423145578265" lon="104.06146901326596">
        <ele>0.0</ele>
        <time>2025-03-14T09:06:43Z</time>
        <extensions>
          <gpxtpx:TrackPointExtension>
            <gpxtpx:hr>118</gpxtpx:hr>
          </gpxtpx:TrackPointExtension>
        </extensions>
      </trkpt>
      <trkpt lat="30.53424389348838" lon="104.06146986057345">
        <ele>0.0</ele>
        <time>2025-03-14T09:06:44Z</time>
        <extensions>
          <gpxtpx:TrackPointExtension>
            <gpxtpx:hr>118</gpxtpx:hr>
          </gpxtpx:TrackPointExtension>
        </extensions>
      </trkpt>
      <trkpt lat="30.53425608566578" lon="104.06146806796325">
        <ele>0.0</ele>
        <time>2025-03-14T09:06:45Z</time>
        <extensions>
          <gpxtpx:TrackPointExtension>
            <gpxtpx:hr>118</gpxtpx:hr>
          </gpxtpx:TrackPointExtension>
        </extensions>
      </trkpt>
      <trkpt lat="30.534269218794666" lon="104.06146468885903">
        <ele>0.0</ele>
        <time>2025-03-14T09:06:46Z</time>
        <extensions>
          <gpxtpx:TrackPointExtension>
            <gpxtpx:hr>118</gpxtpx:hr>
          </gpxtpx:TrackPointExtension>
        </extensions>
      </trkpt>
      <trkpt lat="30.534283548250137" lon="104.06146194262823">
        <ele>0.0</ele>
        <time>2025-03-14T09:06:47Z</time>
        <extensions>
          <gpxtpx:TrackPointExtension>
            <gpxtpx:hr>118</gpxtpx:hr>
          </gpxtpx:TrackPointExtension>
        </extensions>
      </trkpt>
      <trkpt lat="30.534297943732746" lon="104.06146043086368">
        <ele>0.0</ele>
        <time>2025-03-14T09:06:48Z</time>
        <extensions>
          <gpxtpx:TrackPointExtension>
            <gpxtpx:hr>118</gpxtpx:hr>
          </gpxtpx:TrackPointExtension>
        </extensions>
      </trkpt>
      <trkpt lat="30.534312274991652" lon="104.06145998978104">
        <ele>0.0</ele>
        <time>2025-03-14T09:06:49Z</time>
        <extensions>
          <gpxtpx:TrackPointExtension>
            <gpxtpx:hr>118</gpxtpx:hr>
          </gpxtpx:TrackPointExtension>
        </extensions>
      </trkpt>
      <trkpt lat="30.53432576785663" lon="104.06146068487878">
        <ele>0.0</ele>
        <time>2025-03-14T09:06:50Z</time>
        <extensions>
          <gpxtpx:TrackPointExtension>
            <gpxtpx:hr>118</gpxtpx:hr>
          </gpxtpx:TrackPointExtension>
        </extensions>
      </trkpt>
      <trkpt lat="30.53433903890205" lon="104.06146228048917">
        <ele>0.0</ele>
        <time>2025-03-14T09:06:51Z</time>
        <extensions>
          <gpxtpx:TrackPointExtension>
            <gpxtpx:hr>118</gpxtpx:hr>
          </gpxtpx:TrackPointExtension>
        </extensions>
      </trkpt>
      <trkpt lat="30.534351971982666" lon="104.06146439581707">
        <ele>0.0</ele>
        <time>2025-03-14T09:06:52Z</time>
        <extensions>
          <gpxtpx:TrackPointExtension>
            <gpxtpx:hr>118</gpxtpx:hr>
          </gpxtpx:TrackPointExtension>
        </extensions>
      </trkpt>
      <trkpt lat="30.534365056362454" lon="104.06146633560255">
        <ele>0.0</ele>
        <time>2025-03-14T09:06:53Z</time>
        <extensions>
          <gpxtpx:TrackPointExtension>
            <gpxtpx:hr>116</gpxtpx:hr>
          </gpxtpx:TrackPointExtension>
        </extensions>
      </trkpt>
      <trkpt lat="30.5343768536354" lon="104.06146707389689">
        <ele>0.0</ele>
        <time>2025-03-14T09:06:54Z</time>
        <extensions>
          <gpxtpx:TrackPointExtension>
            <gpxtpx:hr>116</gpxtpx:hr>
          </gpxtpx:TrackPointExtension>
        </extensions>
      </trkpt>
      <trkpt lat="30.534388893461777" lon="104.06146725516538">
        <ele>0.0</ele>
        <time>2025-03-14T09:06:55Z</time>
        <extensions>
          <gpxtpx:TrackPointExtension>
            <gpxtpx:hr>116</gpxtpx:hr>
          </gpxtpx:TrackPointExtension>
        </extensions>
      </trkpt>
      <trkpt lat="30.53440083282227" lon="104.06146655336987">
        <ele>0.0</ele>
        <time>2025-03-14T09:06:56Z</time>
        <extensions>
          <gpxtpx:TrackPointExtension>
            <gpxtpx:hr>116</gpxtpx:hr>
          </gpxtpx:TrackPointExtension>
        </extensions>
      </trkpt>
      <trkpt lat="30.534414681007465" lon="104.06146589119997">
        <ele>0.0</ele>
        <time>2025-03-14T09:06:57Z</time>
        <extensions>
          <gpxtpx:TrackPointExtension>
            <gpxtpx:hr>116</gpxtpx:hr>
          </gpxtpx:TrackPointExtension>
        </extensions>
      </trkpt>
      <trkpt lat="30.534429693368608" lon="104.06146421020453">
        <ele>0.0</ele>
        <time>2025-03-14T09:06:58Z</time>
        <extensions>
          <gpxtpx:TrackPointExtension>
            <gpxtpx:hr>117</gpxtpx:hr>
          </gpxtpx:TrackPointExtension>
        </extensions>
      </trkpt>
      <trkpt lat="30.534445481755807" lon="104.06146205723623">
        <ele>0.0</ele>
        <time>2025-03-14T09:06:59Z</time>
        <extensions>
          <gpxtpx:TrackPointExtension>
            <gpxtpx:hr>117</gpxtpx:hr>
          </gpxtpx:TrackPointExtension>
        </extensions>
      </trkpt>
      <trkpt lat="30.534461670854395" lon="104.0614598997383">
        <ele>0.0</ele>
        <time>2025-03-14T09:07:00Z</time>
        <extensions>
          <gpxtpx:TrackPointExtension>
            <gpxtpx:hr>117</gpxtpx:hr>
          </gpxtpx:TrackPointExtension>
        </extensions>
      </trkpt>
      <trkpt lat="30.534477262312972" lon="104.06145916061331">
        <ele>0.0</ele>
        <time>2025-03-14T09:07:01Z</time>
        <extensions>
          <gpxtpx:TrackPointExtension>
            <gpxtpx:hr>117</gpxtpx:hr>
          </gpxtpx:TrackPointExtension>
        </extensions>
      </trkpt>
      <trkpt lat="30.534493015064143" lon="104.06146013561353">
        <ele>0.0</ele>
        <time>2025-03-14T09:07:02Z</time>
        <extensions>
          <gpxtpx:TrackPointExtension>
            <gpxtpx:hr>117</gpxtpx:hr>
          </gpxtpx:TrackPointExtension>
        </extensions>
      </trkpt>
      <trkpt lat="30.53450886887387" lon="104.06146232690905">
        <ele>0.0</ele>
        <time>2025-03-14T09:07:03Z</time>
        <extensions>
          <gpxtpx:TrackPointExtension>
            <gpxtpx:hr>126</gpxtpx:hr>
          </gpxtpx:TrackPointExtension>
        </extensions>
      </trkpt>
      <trkpt lat="30.534523304483162" lon="104.06146409492169">
        <ele>0.0</ele>
        <time>2025-03-14T09:07:04Z</time>
        <extensions>
          <gpxtpx:TrackPointExtension>
            <gpxtpx:hr>126</gpxtpx:hr>
          </gpxtpx:TrackPointExtension>
        </extensions>
      </trkpt>
      <trkpt lat="30.53453760115067" lon="104.06146513340796">
        <ele>0.0</ele>
        <time>2025-03-14T09:07:05Z</time>
        <extensions>
          <gpxtpx:TrackPointExtension>
            <gpxtpx:hr>126</gpxtpx:hr>
          </gpxtpx:TrackPointExtension>
        </extensions>
      </trkpt>
      <trkpt lat="30.534551235217076" lon="104.06146514248921">
        <ele>0.0</ele>
        <time>2025-03-14T09:07:06Z</time>
        <extensions>
          <gpxtpx:TrackPointExtension>
            <gpxtpx:hr>126</gpxtpx:hr>
          </gpxtpx:TrackPointExtension>
        </extensions>
      </trkpt>
      <trkpt lat="30.534565952424376" lon="104.06146472757409">
        <ele>0.0</ele>
        <time>2025-03-14T09:07:07Z</time>
        <extensions>
          <gpxtpx:TrackPointExtension>
            <gpxtpx:hr>126</gpxtpx:hr>
          </gpxtpx:TrackPointExtension>
        </extensions>
      </trkpt>
      <trkpt lat="30.534580056017493" lon="104.06146356752359">
        <ele>0.0</ele>
        <time>2025-03-14T09:07:08Z</time>
        <extensions>
          <gpxtpx:TrackPointExtension>
            <gpxtpx:hr>129</gpxtpx:hr>
          </gpxtpx:TrackPointExtension>
        </extensions>
      </trkpt>
      <trkpt lat="30.53459390846264" lon="104.0614619285383">
        <ele>0.0</ele>
        <time>2025-03-14T09:07:09Z</time>
        <extensions>
          <gpxtpx:TrackPointExtension>
            <gpxtpx:hr>129</gpxtpx:hr>
          </gpxtpx:TrackPointExtension>
        </extensions>
      </trkpt>
      <trkpt lat="30.534605484304237" lon="104.06146028014643">
        <ele>0.0</ele>
        <time>2025-03-14T09:07:10Z</time>
        <extensions>
          <gpxtpx:TrackPointExtension>
            <gpxtpx:hr>129</gpxtpx:hr>
          </gpxtpx:TrackPointExtension>
        </extensions>
      </trkpt>
      <trkpt lat="30.534616008513243" lon="104.06145829335935">
        <ele>0.0</ele>
        <time>2025-03-14T09:07:11Z</time>
        <extensions>
          <gpxtpx:TrackPointExtension>
            <gpxtpx:hr>129</gpxtpx:hr>
          </gpxtpx:TrackPointExtension>
        </extensions>
      </trkpt>
      <trkpt lat="30.53462369498149" lon="104.06145714936692">
        <ele>0.0</ele>
        <time>2025-03-14T09:07:12Z</time>
        <extensions>
          <gpxtpx:TrackPointExtension>
            <gpxtpx:hr>129</gpxtpx:hr>
          </gpxtpx:TrackPointExtension>
        </extensions>
      </trkpt>
      <trkpt lat="30.534631641480985" lon="104.06145618801955">
        <ele>0.0</ele>
        <time>2025-03-14T09:07:13Z</time>
        <extensions>
          <gpxtpx:TrackPointExtension>
            <gpxtpx:hr>129</gpxtpx:hr>
          </gpxtpx:TrackPointExtension>
        </extensions>
      </trkpt>
      <trkpt lat="30.534638750666012" lon="104.06145592191203">
        <ele>0.0</ele>
        <time>2025-03-14T09:07:14Z</time>
        <extensions>
          <gpxtpx:TrackPointExtension>
            <gpxtpx:hr>129</gpxtpx:hr>
          </gpxtpx:TrackPointExtension>
        </extensions>
      </trkpt>
      <trkpt lat="30.53464594713984" lon="104.06145603431817">
        <ele>0.0</ele>
        <time>2025-03-14T09:07:15Z</time>
        <extensions>
          <gpxtpx:TrackPointExtension>
            <gpxtpx:hr>129</gpxtpx:hr>
          </gpxtpx:TrackPointExtension>
        </extensions>
      </trkpt>
      <trkpt lat="30.534653522172167" lon="104.06145588337368">
        <ele>0.0</ele>
        <time>2025-03-14T09:07:16Z</time>
        <extensions>
          <gpxtpx:TrackPointExtension>
            <gpxtpx:hr>129</gpxtpx:hr>
          </gpxtpx:TrackPointExtension>
        </extensions>
      </trkpt>
      <trkpt lat="30.5346613742326" lon="104.06145514159127">
        <ele>0.0</ele>
        <time>2025-03-14T09:07:17Z</time>
        <extensions>
          <gpxtpx:TrackPointExtension>
            <gpxtpx:hr>129</gpxtpx:hr>
          </gpxtpx:TrackPointExtension>
        </extensions>
      </trkpt>
      <trkpt lat="30.534670840871055" lon="104.06145205888151">
        <ele>0.0</ele>
        <time>2025-03-14T09:07:18Z</time>
        <extensions>
          <gpxtpx:TrackPointExtension>
            <gpxtpx:hr>126</gpxtpx:hr>
          </gpxtpx:TrackPointExtension>
        </extensions>
      </trkpt>
      <trkpt lat="30.534679402843647" lon="104.06144831817707">
        <ele>0.0</ele>
        <time>2025-03-14T09:07:19Z</time>
        <extensions>
          <gpxtpx:TrackPointExtension>
            <gpxtpx:hr>126</gpxtpx:hr>
          </gpxtpx:TrackPointExtension>
        </extensions>
      </trkpt>
      <trkpt lat="30.534688809187518" lon="104.06144435466251">
        <ele>0.0</ele>
        <time>2025-03-14T09:07:20Z</time>
        <extensions>
          <gpxtpx:TrackPointExtension>
            <gpxtpx:hr>126</gpxtpx:hr>
          </gpxtpx:TrackPointExtension>
        </extensions>
      </trkpt>
      <trkpt lat="30.534697435732255" lon="104.06144275816914">
        <ele>0.0</ele>
        <time>2025-03-14T09:07:21Z</time>
        <extensions>
          <gpxtpx:TrackPointExtension>
            <gpxtpx:hr>126</gpxtpx:hr>
          </gpxtpx:TrackPointExtension>
        </extensions>
      </trkpt>
      <trkpt lat="30.534707962229085" lon="104.06144250639018">
        <ele>0.0</ele>
        <time>2025-03-14T09:07:22Z</time>
        <extensions>
          <gpxtpx:TrackPointExtension>
            <gpxtpx:hr>126</gpxtpx:hr>
          </gpxtpx:TrackPointExtension>
        </extensions>
      </trkpt>
      <trkpt lat="30.53471943577057" lon="104.06144323389945">
        <ele>0.0</ele>
        <time>2025-03-14T09:07:23Z</time>
        <extensions>
          <gpxtpx:TrackPointExtension>
            <gpxtpx:hr>129</gpxtpx:hr>
          </gpxtpx:TrackPointExtension>
        </extensions>
      </trkpt>
      <trkpt lat="30.534733438221192" lon="104.06144255661951">
        <ele>0.0</ele>
        <time>2025-03-14T09:07:24Z</time>
        <extensions>
          <gpxtpx:TrackPointExtension>
            <gpxtpx:hr>129</gpxtpx:hr>
          </gpxtpx:TrackPointExtension>
        </extensions>
      </trkpt>
      <trkpt lat="30.534748807462638" lon="104.06144104639851">
        <ele>0.0</ele>
        <time>2025-03-14T09:07:25Z</time>
        <extensions>
          <gpxtpx:TrackPointExtension>
            <gpxtpx:hr>129</gpxtpx:hr>
          </gpxtpx:TrackPointExtension>
        </extensions>
      </trkpt>
      <trkpt lat="30.53476525381239" lon="104.0614388001528">
        <ele>0.0</ele>
        <time>2025-03-14T09:07:26Z</time>
        <extensions>
          <gpxtpx:TrackPointExtension>
            <gpxtpx:hr>129</gpxtpx:hr>
          </gpxtpx:TrackPointExtension>
        </extensions>
      </trkpt>
      <trkpt lat="30.534782334966547" lon="104.06143648334083">
        <ele>0.0</ele>
        <time>2025-03-14T09:07:27Z</time>
        <extensions>
          <gpxtpx:TrackPointExtension>
            <gpxtpx:hr>129</gpxtpx:hr>
          </gpxtpx:TrackPointExtension>
        </extensions>
      </trkpt>
      <trkpt lat="30.534799952186468" lon="104.06143395138758">
        <ele>0.0</ele>
        <time>2025-03-14T09:07:28Z</time>
        <extensions>
          <gpxtpx:TrackPointExtension>
            <gpxtpx:hr>131</gpxtpx:hr>
          </gpxtpx:TrackPointExtension>
        </extensions>
      </trkpt>
      <trkpt lat="30.534815727950377" lon="104.06143151764942">
        <ele>0.0</ele>
        <time>2025-03-14T09:07:29Z</time>
        <extensions>
          <gpxtpx:TrackPointExtension>
            <gpxtpx:hr>131</gpxtpx:hr>
          </gpxtpx:TrackPointExtension>
        </extensions>
      </trkpt>
      <trkpt lat="30.534830872300926" lon="104.06142934486523">
        <ele>0.0</ele>
        <time>2025-03-14T09:07:30Z</time>
        <extensions>
          <gpxtpx:TrackPointExtension>
            <gpxtpx:hr>131</gpxtpx:hr>
          </gpxtpx:TrackPointExtension>
        </extensions>
      </trkpt>
      <trkpt lat="30.53484462232855" lon="104.06142717452465">
        <ele>0.0</ele>
        <time>2025-03-14T09:07:31Z</time>
        <extensions>
          <gpxtpx:TrackPointExtension>
            <gpxtpx:hr>131</gpxtpx:hr>
          </gpxtpx:TrackPointExtension>
        </extensions>
      </trkpt>
      <trkpt lat="30.53485914141724" lon="104.06142454852953">
        <ele>0.0</ele>
        <time>2025-03-14T09:07:32Z</time>
        <extensions>
          <gpxtpx:TrackPointExtension>
            <gpxtpx:hr>131</gpxtpx:hr>
          </gpxtpx:TrackPointExtension>
        </extensions>
      </trkpt>
      <trkpt lat="30.534871582953176" lon="104.06142118559852">
        <ele>0.0</ele>
        <time>2025-03-14T09:07:33Z</time>
        <extensions>
          <gpxtpx:TrackPointExtension>
            <gpxtpx:hr>134</gpxtpx:hr>
          </gpxtpx:TrackPointExtension>
        </extensions>
      </trkpt>
      <trkpt lat="30.5348830601407" lon="104.06141765290785">
        <ele>0.0</ele>
        <time>2025-03-14T09:07:34Z</time>
        <extensions>
          <gpxtpx:TrackPointExtension>
            <gpxtpx:hr>134</gpxtpx:hr>
          </gpxtpx:TrackPointExtension>
        </extensions>
      </trkpt>
      <trkpt lat="30.534894019610707" lon="104.06141510160401">
        <ele>0.0</ele>
        <time>2025-03-14T09:07:35Z</time>
        <extensions>
          <gpxtpx:TrackPointExtension>
            <gpxtpx:hr>134</gpxtpx:hr>
          </gpxtpx:TrackPointExtension>
        </extensions>
      </trkpt>
      <trkpt lat="30.53490601059106" lon="104.06141517801076">
        <ele>0.0</ele>
        <time>2025-03-14T09:07:36Z</time>
        <extensions>
          <gpxtpx:TrackPointExtension>
            <gpxtpx:hr>134</gpxtpx:hr>
          </gpxtpx:TrackPointExtension>
        </extensions>
      </trkpt>
      <trkpt lat="30.534917908693874" lon="104.06141702976572">
        <ele>0.0</ele>
        <time>2025-03-14T09:07:37Z</time>
        <extensions>
          <gpxtpx:TrackPointExtension>
            <gpxtpx:hr>134</gpxtpx:hr>
          </gpxtpx:TrackPointExtension>
        </extensions>
      </trkpt>
      <trkpt lat="30.53492806987609" lon="104.06142101982411">
        <ele>0.0</ele>
        <time>2025-03-14T09:07:38Z</time>
        <extensions>
          <gpxtpx:TrackPointExtension>
            <gpxtpx:hr>131</gpxtpx:hr>
          </gpxtpx:TrackPointExtension>
        </extensions>
      </trkpt>
      <trkpt lat="30.534937950604643" lon="104.06142514338087">
        <ele>0.0</ele>
        <time>2025-03-14T09:07:39Z</time>
        <extensions>
          <gpxtpx:TrackPointExtension>
            <gpxtpx:hr>131</gpxtpx:hr>
          </gpxtpx:TrackPointExtension>
        </extensions>
      </trkpt>
      <trkpt lat="30.534947411024763" lon="104.06142874503655">
        <ele>0.0</ele>
        <time>2025-03-14T09:07:40Z</time>
        <extensions>
          <gpxtpx:TrackPointExtension>
            <gpxtpx:hr>131</gpxtpx:hr>
          </gpxtpx:TrackPointExtension>
        </extensions>
      </trkpt>
      <trkpt lat="30.534958415259222" lon="104.06143012630629">
        <ele>0.0</ele>
        <time>2025-03-14T09:07:41Z</time>
        <extensions>
          <gpxtpx:TrackPointExtension>
            <gpxtpx:hr>131</gpxtpx:hr>
          </gpxtpx:TrackPointExtension>
        </extensions>
      </trkpt>
      <trkpt lat="30.534969693664642" lon="104.06142928168198">
        <ele>0.0</ele>
        <time>2025-03-14T09:07:42Z</time>
        <extensions>
          <gpxtpx:TrackPointExtension>
            <gpxtpx:hr>131</gpxtpx:hr>
          </gpxtpx:TrackPointExtension>
        </extensions>
      </trkpt>
      <trkpt lat="30.534980998987425" lon="104.0614284946545">
        <ele>0.0</ele>
        <time>2025-03-14T09:07:43Z</time>
        <extensions>
          <gpxtpx:TrackPointExtension>
            <gpxtpx:hr>133</gpxtpx:hr>
          </gpxtpx:TrackPointExtension>
        </extensions>
      </trkpt>
      <trkpt lat="30.53499253235628" lon="104.06142701530739">
        <ele>0.0</ele>
        <time>2025-03-14T09:07:44Z</time>
        <extensions>
          <gpxtpx:TrackPointExtension>
            <gpxtpx:hr>133</gpxtpx:hr>
          </gpxtpx:TrackPointExtension>
        </extensions>
      </trkpt>
      <trkpt lat="30.535004189601562" lon="104.06142597265415">
        <ele>0.0</ele>
        <time>2025-03-14T09:07:45Z</time>
        <extensions>
          <gpxtpx:TrackPointExtension>
            <gpxtpx:hr>133</gpxtpx:hr>
          </gpxtpx:TrackPointExtension>
        </extensions>
      </trkpt>
      <trkpt lat="30.535017425638586" lon="104.06142421551635">
        <ele>0.0</ele>
        <time>2025-03-14T09:07:46Z</time>
        <extensions>
          <gpxtpx:TrackPointExtension>
            <gpxtpx:hr>133</gpxtpx:hr>
          </gpxtpx:TrackPointExtension>
        </extensions>
      </trkpt>
      <trkpt lat="30.535031511311345" lon="104.06142300362298">
        <ele>0.0</ele>
        <time>2025-03-14T09:07:47Z</time>
        <extensions>
          <gpxtpx:TrackPointExtension>
            <gpxtpx:hr>133</gpxtpx:hr>
          </gpxtpx:TrackPointExtension>
        </extensions>
      </trkpt>
      <trkpt lat="30.535045098103595" lon="104.06142154955911">
        <ele>0.0</ele>
        <time>2025-03-14T09:07:48Z</time>
        <extensions>
          <gpxtpx:TrackPointExtension>
            <gpxtpx:hr>135</gpxtpx:hr>
          </gpxtpx:TrackPointExtension>
        </extensions>
      </trkpt>
      <trkpt lat="30.53505910164528" lon="104.06142071783277">
        <ele>0.0</ele>
        <time>2025-03-14T09:07:49Z</time>
        <extensions>
          <gpxtpx:TrackPointExtension>
            <gpxtpx:hr>135</gpxtpx:hr>
          </gpxtpx:TrackPointExtension>
        </extensions>
      </trkpt>
      <trkpt lat="30.53507289922264" lon="104.06142010107236">
        <ele>0.0</ele>
        <time>2025-03-14T09:07:50Z</time>
        <extensions>
          <gpxtpx:TrackPointExtension>
            <gpxtpx:hr>135</gpxtpx:hr>
          </gpxtpx:TrackPointExtension>
        </extensions>
      </trkpt>
      <trkpt lat="30.535088104767816" lon="104.06141996890035">
        <ele>0.0</ele>
        <time>2025-03-14T09:07:51Z</time>
        <extensions>
          <gpxtpx:TrackPointExtension>
            <gpxtpx:hr>135</gpxtpx:hr>
          </gpxtpx:TrackPointExtension>
        </extensions>
      </trkpt>
      <trkpt lat="30.535103247717064" lon="104.06141894680277">
        <ele>0.0</ele>
        <time>2025-03-14T09:07:52Z</time>
        <extensions>
          <gpxtpx:TrackPointExtension>
            <gpxtpx:hr>135</gpxtpx:hr>
          </gpxtpx:TrackPointExtension>
        </extensions>
      </trkpt>
      <trkpt lat="30.535116892818184" lon="104.06141825366207">
        <ele>0.0</ele>
        <time>2025-03-14T09:07:53Z</time>
        <extensions>
          <gpxtpx:TrackPointExtension>
            <gpxtpx:hr>134</gpxtpx:hr>
          </gpxtpx:TrackPointExtension>
        </extensions>
      </trkpt>
      <trkpt lat="30.535130442560448" lon="104.06141772847937">
        <ele>0.0</ele>
        <time>2025-03-14T09:07:54Z</time>
        <extensions>
          <gpxtpx:TrackPointExtension>
            <gpxtpx:hr>134</gpxtpx:hr>
          </gpxtpx:TrackPointExtension>
        </extensions>
      </trkpt>
      <trkpt lat="30.53514310364884" lon="104.06141843469548">
        <ele>0.0</ele>
        <time>2025-03-14T09:07:55Z</time>
        <extensions>
          <gpxtpx:TrackPointExtension>
            <gpxtpx:hr>134</gpxtpx:hr>
          </gpxtpx:TrackPointExtension>
        </extensions>
      </trkpt>
      <trkpt lat="30.5351567475372" lon="104.06141929458795">
        <ele>0.0</ele>
        <time>2025-03-14T09:07:56Z</time>
        <extensions>
          <gpxtpx:TrackPointExtension>
            <gpxtpx:hr>134</gpxtpx:hr>
          </gpxtpx:TrackPointExtension>
        </extensions>
      </trkpt>
      <trkpt lat="30.535169745664472" lon="104.06142070998746">
        <ele>0.0</ele>
        <time>2025-03-14T09:07:57Z</time>
        <extensions>
          <gpxtpx:TrackPointExtension>
            <gpxtpx:hr>134</gpxtpx:hr>
          </gpxtpx:TrackPointExtension>
        </extensions>
      </trkpt>
      <trkpt lat="30.535183246704392" lon="104.06142180851829">
        <ele>0.0</ele>
        <time>2025-03-14T09:07:58Z</time>
        <extensions>
          <gpxtpx:TrackPointExtension>
            <gpxtpx:hr>134</gpxtpx:hr>
          </gpxtpx:TrackPointExtension>
        </extensions>
      </trkpt>
      <trkpt lat="30.535197493273" lon="104.06142263653771">
        <ele>0.0</ele>
        <time>2025-03-14T09:07:59Z</time>
        <extensions>
          <gpxtpx:TrackPointExtension>
            <gpxtpx:hr>134</gpxtpx:hr>
          </gpxtpx:TrackPointExtension>
        </extensions>
      </trkpt>
      <trkpt lat="30.535211088883948" lon="104.06142330794867">
        <ele>0.0</ele>
        <time>2025-03-14T09:08:00Z</time>
        <extensions>
          <gpxtpx:TrackPointExtension>
            <gpxtpx:hr>134</gpxtpx:hr>
          </gpxtpx:TrackPointExtension>
        </extensions>
      </trkpt>
      <trkpt lat="30.53522529952301" lon="104.06142356798168">
        <ele>0.0</ele>
        <time>2025-03-14T09:08:01Z</time>
        <extensions>
          <gpxtpx:TrackPointExtension>
            <gpxtpx:hr>134</gpxtpx:hr>
          </gpxtpx:TrackPointExtension>
        </extensions>
      </trkpt>
      <trkpt lat="30.535239588830112" lon="104.06142368206193">
        <ele>0.0</ele>
        <time>2025-03-14T09:08:02Z</time>
        <extensions>
          <gpxtpx:TrackPointExtension>
            <gpxtpx:hr>134</gpxtpx:hr>
          </gpxtpx:TrackPointExtension>
        </extensions>
      </trkpt>
      <trkpt lat="30.535255348253585" lon="104.06142367571182">
        <ele>0.0</ele>
        <time>2025-03-14T09:08:03Z</time>
        <extensions>
          <gpxtpx:TrackPointExtension>
            <gpxtpx:hr>135</gpxtpx:hr>
          </gpxtpx:TrackPointExtension>
        </extensions>
      </trkpt>
      <trkpt lat="30.535270837201356" lon="104.0614244977333">
        <ele>0.0</ele>
        <time>2025-03-14T09:08:04Z</time>
        <extensions>
          <gpxtpx:TrackPointExtension>
            <gpxtpx:hr>135</gpxtpx:hr>
          </gpxtpx:TrackPointExtension>
        </extensions>
      </trkpt>
      <trkpt lat="30.535286281805494" lon="104.06142599771864">
        <ele>0.0</ele>
        <time>2025-03-14T09:08:05Z</time>
        <extensions>
          <gpxtpx:TrackPointExtension>
            <gpxtpx:hr>135</gpxtpx:hr>
          </gpxtpx:TrackPointExtension>
        </extensions>
      </trkpt>
      <trkpt lat="30.535301672851492" lon="104.06142718340936">
        <ele>0.0</ele>
        <time>2025-03-14T09:08:06Z</time>
        <extensions>
          <gpxtpx:TrackPointExtension>
            <gpxtpx:hr>135</gpxtpx:hr>
          </gpxtpx:TrackPointExtension>
        </extensions>
      </trkpt>
      <trkpt lat="30.53531700244066" lon="104.06142726394759">
        <ele>0.0</ele>
        <time>2025-03-14T09:08:07Z</time>
        <extensions>
          <gpxtpx:TrackPointExtension>
            <gpxtpx:hr>135</gpxtpx:hr>
          </gpxtpx:TrackPointExtension>
        </extensions>
      </trkpt>
      <trkpt lat="30.53533249360065" lon="104.06142635538315">
        <ele>0.0</ele>
        <time>2025-03-14T09:08:08Z</time>
        <extensions>
          <gpxtpx:TrackPointExtension>
            <gpxtpx:hr>135</gpxtpx:hr>
          </gpxtpx:TrackPointExtension>
        </extensions>
      </trkpt>
      <trkpt lat="30.53534700601973" lon="104.06142667252948">
        <ele>0.0</ele>
        <time>2025-03-14T09:08:09Z</time>
        <extensions>
          <gpxtpx:TrackPointExtension>
            <gpxtpx:hr>135</gpxtpx:hr>
          </gpxtpx:TrackPointExtension>
        </extensions>
      </trkpt>
      <trkpt lat="30.535361194545573" lon="104.06142435447654">
        <ele>0.0</ele>
        <time>2025-03-14T09:08:10Z</time>
        <extensions>
          <gpxtpx:TrackPointExtension>
            <gpxtpx:hr>135</gpxtpx:hr>
          </gpxtpx:TrackPointExtension>
        </extensions>
      </trkpt>
      <trkpt lat="30.53537468583643" lon="104.0614226579559">
        <ele>0.0</ele>
        <time>2025-03-14T09:08:11Z</time>
        <extensions>
          <gpxtpx:TrackPointExtension>
            <gpxtpx:hr>135</gpxtpx:hr>
          </gpxtpx:TrackPointExtension>
        </extensions>
      </trkpt>
      <trkpt lat="30.535387602132758" lon="104.06142016671069">
        <ele>0.0</ele>
        <time>2025-03-14T09:08:12Z</time>
        <extensions>
          <gpxtpx:TrackPointExtension>
            <gpxtpx:hr>135</gpxtpx:hr>
          </gpxtpx:TrackPointExtension>
        </extensions>
      </trkpt>
      <trkpt lat="30.53540041919004" lon="104.0614217060881">
        <ele>0.0</ele>
        <time>2025-03-14T09:08:13Z</time>
        <extensions>
          <gpxtpx:TrackPointExtension>
            <gpxtpx:hr>134</gpxtpx:hr>
          </gpxtpx:TrackPointExtension>
        </extensions>
      </trkpt>
      <trkpt lat="30.53541357322752" lon="104.06142354324965">
        <ele>0.0</ele>
        <time>2025-03-14T09:08:14Z</time>
        <extensions>
          <gpxtpx:TrackPointExtension>
            <gpxtpx:hr>134</gpxtpx:hr>
          </gpxtpx:TrackPointExtension>
        </extensions>
      </trkpt>
      <trkpt lat="30.535428417188246" lon="104.06142523747617">
        <ele>0.0</ele>
        <time>2025-03-14T09:08:15Z</time>
        <extensions>
          <gpxtpx:TrackPointExtension>
            <gpxtpx:hr>134</gpxtpx:hr>
          </gpxtpx:TrackPointExtension>
        </extensions>
      </trkpt>
      <trkpt lat="30.535444109495728" lon="104.06142603061234">
        <ele>0.0</ele>
        <time>2025-03-14T09:08:16Z</time>
        <extensions>
          <gpxtpx:TrackPointExtension>
            <gpxtpx:hr>134</gpxtpx:hr>
          </gpxtpx:TrackPointExtension>
        </extensions>
      </trkpt>
      <trkpt lat="30.535460498680198" lon="104.06142642763311">
        <ele>0.0</ele>
        <time>2025-03-14T09:08:17Z</time>
        <extensions>
          <gpxtpx:TrackPointExtension>
            <gpxtpx:hr>134</gpxtpx:hr>
          </gpxtpx:TrackPointExtension>
        </extensions>
      </trkpt>
      <trkpt lat="30.53547548946156" lon="104.06142634883454">
        <ele>0.0</ele>
        <time>2025-03-14T09:08:18Z</time>
        <extensions>
          <gpxtpx:TrackPointExtension>
            <gpxtpx:hr>132</gpxtpx:hr>
          </gpxtpx:TrackPointExtension>
        </extensions>
      </trkpt>
      <trkpt lat="30.53548998939302" lon="104.0614265557039">
        <ele>0.0</ele>
        <time>2025-03-14T09:08:19Z</time>
        <extensions>
          <gpxtpx:TrackPointExtension>
            <gpxtpx:hr>132</gpxtpx:hr>
          </gpxtpx:TrackPointExtension>
        </extensions>
      </trkpt>
      <trkpt lat="30.53550364392238" lon="104.06142653086621">
        <ele>0.0</ele>
        <time>2025-03-14T09:08:20Z</time>
        <extensions>
          <gpxtpx:TrackPointExtension>
            <gpxtpx:hr>132</gpxtpx:hr>
          </gpxtpx:TrackPointExtension>
        </extensions>
      </trkpt>
      <trkpt lat="30.535518278634587" lon="104.06142679205632">
        <ele>0.0</ele>
        <time>2025-03-14T09:08:21Z</time>
        <extensions>
          <gpxtpx:TrackPointExtension>
            <gpxtpx:hr>132</gpxtpx:hr>
          </gpxtpx:TrackPointExtension>
        </extensions>
      </trkpt>
      <trkpt lat="30.53553256745389" lon="104.0614269783072">
        <ele>0.0</ele>
        <time>2025-03-14T09:08:22Z</time>
        <extensions>
          <gpxtpx:TrackPointExtension>
            <gpxtpx:hr>132</gpxtpx:hr>
          </gpxtpx:TrackPointExtension>
        </extensions>
      </trkpt>
      <trkpt lat="30.535546695356874" lon="104.06142754999667">
        <ele>0.0</ele>
        <time>2025-03-14T09:08:23Z</time>
        <extensions>
          <gpxtpx:TrackPointExtension>
            <gpxtpx:hr>132</gpxtpx:hr>
          </gpxtpx:TrackPointExtension>
        </extensions>
      </trkpt>
      <trkpt lat="30.53556043426145" lon="104.06142854311236">
        <ele>0.0</ele>
        <time>2025-03-14T09:08:24Z</time>
        <extensions>
          <gpxtpx:TrackPointExtension>
            <gpxtpx:hr>132</gpxtpx:hr>
          </gpxtpx:TrackPointExtension>
        </extensions>
      </trkpt>
      <trkpt lat="30.53557382689943" lon="104.06142986139669">
        <ele>0.0</ele>
        <time>2025-03-14T09:08:25Z</time>
        <extensions>
          <gpxtpx:TrackPointExtension>
            <gpxtpx:hr>132</gpxtpx:hr>
          </gpxtpx:TrackPointExtension>
        </extensions>
      </trkpt>
      <trkpt lat="30.535586961490967" lon="104.06143119151363">
        <ele>0.0</ele>
        <time>2025-03-14T09:08:26Z</time>
        <extensions>
          <gpxtpx:TrackPointExtension>
            <gpxtpx:hr>132</gpxtpx:hr>
          </gpxtpx:TrackPointExtension>
        </extensions>
      </trkpt>
      <trkpt lat="30.535599825775304" lon="104.06143161205667">
        <ele>0.0</ele>
        <time>2025-03-14T09:08:27Z</time>
        <extensions>
          <gpxtpx:TrackPointExtension>
            <gpxtpx:hr>132</gpxtpx:hr>
          </gpxtpx:TrackPointExtension>
        </extensions>
      </trkpt>
      <trkpt lat="30.535612577946004" lon="104.06143075207007">
        <ele>0.0</ele>
        <time>2025-03-14T09:08:28Z</time>
        <extensions>
          <gpxtpx:TrackPointExtension>
            <gpxtpx:hr>131</gpxtpx:hr>
          </gpxtpx:TrackPointExtension>
        </extensions>
      </trkpt>
      <trkpt lat="30.53562534365004" lon="104.06142866296307">
        <ele>0.0</ele>
        <time>2025-03-14T09:08:29Z</time>
        <extensions>
          <gpxtpx:TrackPointExtension>
            <gpxtpx:hr>131</gpxtpx:hr>
          </gpxtpx:TrackPointExtension>
        </extensions>
      </trkpt>
      <trkpt lat="30.535638416345527" lon="104.06142644492219">
        <ele>0.0</ele>
        <time>2025-03-14T09:08:30Z</time>
        <extensions>
          <gpxtpx:TrackPointExtension>
            <gpxtpx:hr>131</gpxtpx:hr>
          </gpxtpx:TrackPointExtension>
        </extensions>
      </trkpt>
      <trkpt lat="30.535652266392486" lon="104.06142449391136">
        <ele>0.0</ele>
        <time>2025-03-14T09:08:31Z</time>
        <extensions>
          <gpxtpx:TrackPointExtension>
            <gpxtpx:hr>131</gpxtpx:hr>
          </gpxtpx:TrackPointExtension>
        </extensions>
      </trkpt>
      <trkpt lat="30.53566720184291" lon="104.06142346144426">
        <ele>0.0</ele>
        <time>2025-03-14T09:08:32Z</time>
        <extensions>
          <gpxtpx:TrackPointExtension>
            <gpxtpx:hr>131</gpxtpx:hr>
          </gpxtpx:TrackPointExtension>
        </extensions>
      </trkpt>
      <trkpt lat="30.535683064885635" lon="104.06142295295179">
        <ele>0.0</ele>
        <time>2025-03-14T09:08:33Z</time>
        <extensions>
          <gpxtpx:TrackPointExtension>
            <gpxtpx:hr>130</gpxtpx:hr>
          </gpxtpx:TrackPointExtension>
        </extensions>
      </trkpt>
      <trkpt lat="30.535699542149104" lon="104.06142232260513">
        <ele>0.0</ele>
        <time>2025-03-14T09:08:34Z</time>
        <extensions>
          <gpxtpx:TrackPointExtension>
            <gpxtpx:hr>130</gpxtpx:hr>
          </gpxtpx:TrackPointExtension>
        </extensions>
      </trkpt>
      <trkpt lat="30.535716173998853" lon="104.06142197997718">
        <ele>0.0</ele>
        <time>2025-03-14T09:08:35Z</time>
        <extensions>
          <gpxtpx:TrackPointExtension>
            <gpxtpx:hr>130</gpxtpx:hr>
          </gpxtpx:TrackPointExtension>
        </extensions>
      </trkpt>
      <trkpt lat="30.53573080990231" lon="104.06142184598743">
        <ele>0.0</ele>
        <time>2025-03-14T09:08:36Z</time>
        <extensions>
          <gpxtpx:TrackPointExtension>
            <gpxtpx:hr>130</gpxtpx:hr>
          </gpxtpx:TrackPointExtension>
        </extensions>
      </trkpt>
      <trkpt lat="30.535746716473046" lon="104.06142249312676">
        <ele>0.0</ele>
        <time>2025-03-14T09:08:37Z</time>
        <extensions>
          <gpxtpx:TrackPointExtension>
            <gpxtpx:hr>130</gpxtpx:hr>
          </gpxtpx:TrackPointExtension>
        </extensions>
      </trkpt>
      <trkpt lat="30.535762307890657" lon="104.06142231838658">
        <ele>0.0</ele>
        <time>2025-03-14T09:08:38Z</time>
        <extensions>
          <gpxtpx:TrackPointExtension>
            <gpxtpx:hr>129</gpxtpx:hr>
          </gpxtpx:TrackPointExtension>
        </extensions>
      </trkpt>
      <trkpt lat="30.535778730326808" lon="104.06142193624257">
        <ele>0.0</ele>
        <time>2025-03-14T09:08:39Z</time>
        <extensions>
          <gpxtpx:TrackPointExtension>
            <gpxtpx:hr>129</gpxtpx:hr>
          </gpxtpx:TrackPointExtension>
        </extensions>
      </trkpt>
      <trkpt lat="30.535793853882527" lon="104.06142094941444">
        <ele>0.0</ele>
        <time>2025-03-14T09:08:40Z</time>
        <extensions>
          <gpxtpx:TrackPointExtension>
            <gpxtpx:hr>129</gpxtpx:hr>
          </gpxtpx:TrackPointExtension>
        </extensions>
      </trkpt>
      <trkpt lat="30.53580904997338" lon="104.06142064123168">
        <ele>0.0</ele>
        <time>2025-03-14T09:08:41Z</time>
        <extensions>
          <gpxtpx:TrackPointExtension>
            <gpxtpx:hr>129</gpxtpx:hr>
          </gpxtpx:TrackPointExtension>
        </extensions>
      </trkpt>
      <trkpt lat="30.535825573549516" lon="104.06142075315849">
        <ele>0.0</ele>
        <time>2025-03-14T09:08:42Z</time>
        <extensions>
          <gpxtpx:TrackPointExtension>
            <gpxtpx:hr>129</gpxtpx:hr>
          </gpxtpx:TrackPointExtension>
        </extensions>
      </trkpt>
      <trkpt lat="30.535841916452796" lon="104.06142197914859">
        <ele>0.0</ele>
        <time>2025-03-14T09:08:43Z</time>
        <extensions>
          <gpxtpx:TrackPointExtension>
            <gpxtpx:hr>129</gpxtpx:hr>
          </gpxtpx:TrackPointExtension>
        </extensions>
      </trkpt>
      <trkpt lat="30.53585833445166" lon="104.06142370792274">
        <ele>0.0</ele>
        <time>2025-03-14T09:08:44Z</time>
        <extensions>
          <gpxtpx:TrackPointExtension>
            <gpxtpx:hr>129</gpxtpx:hr>
          </gpxtpx:TrackPointExtension>
        </extensions>
      </trkpt>
      <trkpt lat="30.535874417854" lon="104.06142557283611">
        <ele>0.0</ele>
        <time>2025-03-14T09:08:45Z</time>
        <extensions>
          <gpxtpx:TrackPointExtension>
            <gpxtpx:hr>129</gpxtpx:hr>
          </gpxtpx:TrackPointExtension>
        </extensions>
      </trkpt>
      <trkpt lat="30.535890333822504" lon="104.06142682412461">
        <ele>0.0</ele>
        <time>2025-03-14T09:08:46Z</time>
        <extensions>
          <gpxtpx:TrackPointExtension>
            <gpxtpx:hr>129</gpxtpx:hr>
          </gpxtpx:TrackPointExtension>
        </extensions>
      </trkpt>
      <trkpt lat="30.53590544575448" lon="104.06142735582466">
        <ele>0.0</ele>
        <time>2025-03-14T09:08:47Z</time>
        <extensions>
          <gpxtpx:TrackPointExtension>
            <gpxtpx:hr>129</gpxtpx:hr>
          </gpxtpx:TrackPointExtension>
        </extensions>
      </trkpt>
      <trkpt lat="30.535920213603763" lon="104.06142655004803">
        <ele>0.0</ele>
        <time>2025-03-14T09:08:48Z</time>
        <extensions>
          <gpxtpx:TrackPointExtension>
            <gpxtpx:hr>127</gpxtpx:hr>
          </gpxtpx:TrackPointExtension>
        </extensions>
      </trkpt>
      <trkpt lat="30.535934144603868" lon="104.06142502886757">
        <ele>0.0</ele>
        <time>2025-03-14T09:08:49Z</time>
        <extensions>
          <gpxtpx:TrackPointExtension>
            <gpxtpx:hr>127</gpxtpx:hr>
          </gpxtpx:TrackPointExtension>
        </extensions>
      </trkpt>
      <trkpt lat="30.53594770298115" lon="104.0614232223016">
        <ele>0.0</ele>
        <time>2025-03-14T09:08:50Z</time>
        <extensions>
          <gpxtpx:TrackPointExtension>
            <gpxtpx:hr>127</gpxtpx:hr>
          </gpxtpx:TrackPointExtension>
        </extensions>
      </trkpt>
      <trkpt lat="30.53596052218128" lon="104.06142249236848">
        <ele>0.0</ele>
        <time>2025-03-14T09:08:51Z</time>
        <extensions>
          <gpxtpx:TrackPointExtension>
            <gpxtpx:hr>127</gpxtpx:hr>
          </gpxtpx:TrackPointExtension>
        </extensions>
      </trkpt>
      <trkpt lat="30.535973292682208" lon="104.0614230362586">
        <ele>0.0</ele>
        <time>2025-03-14T09:08:52Z</time>
        <extensions>
          <gpxtpx:TrackPointExtension>
            <gpxtpx:hr>127</gpxtpx:hr>
          </gpxtpx:TrackPointExtension>
        </extensions>
      </trkpt>
      <trkpt lat="30.53598639133094" lon="104.06142480123897">
        <ele>0.0</ele>
        <time>2025-03-14T09:08:53Z</time>
        <extensions>
          <gpxtpx:TrackPointExtension>
            <gpxtpx:hr>127</gpxtpx:hr>
          </gpxtpx:TrackPointExtension>
        </extensions>
      </trkpt>
      <trkpt lat="30.53600016792831" lon="104.06142688895497">
        <ele>0.0</ele>
        <time>2025-03-14T09:08:54Z</time>
        <extensions>
          <gpxtpx:TrackPointExtension>
            <gpxtpx:hr>127</gpxtpx:hr>
          </gpxtpx:TrackPointExtension>
        </extensions>
      </trkpt>
      <trkpt lat="30.53601305570617" lon="104.06142837528022">
        <ele>0.0</ele>
        <time>2025-03-14T09:08:55Z</time>
        <extensions>
          <gpxtpx:TrackPointExtension>
            <gpxtpx:hr>127</gpxtpx:hr>
          </gpxtpx:TrackPointExtension>
        </extensions>
      </trkpt>
      <trkpt lat="30.53602617218423" lon="104.06142903765421">
        <ele>0.0</ele>
        <time>2025-03-14T09:08:56Z</time>
        <extensions>
          <gpxtpx:TrackPointExtension>
            <gpxtpx:hr>127</gpxtpx:hr>
          </gpxtpx:TrackPointExtension>
        </extensions>
      </trkpt>
      <trkpt lat="30.5360390589162" lon="104.0614286789307">
        <ele>0.0</ele>
        <time>2025-03-14T09:08:57Z</time>
        <extensions>
          <gpxtpx:TrackPointExtension>
            <gpxtpx:hr>127</gpxtpx:hr>
          </gpxtpx:TrackPointExtension>
        </extensions>
      </trkpt>
      <trkpt lat="30.536053511881164" lon="104.06142759015323">
        <ele>0.0</ele>
        <time>2025-03-14T09:08:58Z</time>
        <extensions>
          <gpxtpx:TrackPointExtension>
            <gpxtpx:hr>127</gpxtpx:hr>
          </gpxtpx:TrackPointExtension>
        </extensions>
      </trkpt>
      <trkpt lat="30.536068204669927" lon="104.06142549187761">
        <ele>0.0</ele>
        <time>2025-03-14T09:08:59Z</time>
        <extensions>
          <gpxtpx:TrackPointExtension>
            <gpxtpx:hr>127</gpxtpx:hr>
          </gpxtpx:TrackPointExtension>
        </extensions>
      </trkpt>
      <trkpt lat="30.536083459110937" lon="104.0614229586354">
        <ele>0.0</ele>
        <time>2025-03-14T09:09:00Z</time>
        <extensions>
          <gpxtpx:TrackPointExtension>
            <gpxtpx:hr>127</gpxtpx:hr>
          </gpxtpx:TrackPointExtension>
        </extensions>
      </trkpt>
      <trkpt lat="30.536099155930927" lon="104.06142029866523">
        <ele>0.0</ele>
        <time>2025-03-14T09:09:01Z</time>
        <extensions>
          <gpxtpx:TrackPointExtension>
            <gpxtpx:hr>127</gpxtpx:hr>
          </gpxtpx:TrackPointExtension>
        </extensions>
      </trkpt>
      <trkpt lat="30.536115294266484" lon="104.06141810378388">
        <ele>0.0</ele>
        <time>2025-03-14T09:09:02Z</time>
        <extensions>
          <gpxtpx:TrackPointExtension>
            <gpxtpx:hr>127</gpxtpx:hr>
          </gpxtpx:TrackPointExtension>
        </extensions>
      </trkpt>
      <trkpt lat="30.53613167714596" lon="104.06141698326864">
        <ele>0.0</ele>
        <time>2025-03-14T09:09:03Z</time>
        <extensions>
          <gpxtpx:TrackPointExtension>
            <gpxtpx:hr>126</gpxtpx:hr>
          </gpxtpx:TrackPointExtension>
        </extensions>
      </trkpt>
      <trkpt lat="30.536147202593444" lon="104.06141738541318">
        <ele>0.0</ele>
        <time>2025-03-14T09:09:04Z</time>
        <extensions>
          <gpxtpx:TrackPointExtension>
            <gpxtpx:hr>126</gpxtpx:hr>
          </gpxtpx:TrackPointExtension>
        </extensions>
      </trkpt>
      <trkpt lat="30.536161830706586" lon="104.06141719606393">
        <ele>0.0</ele>
        <time>2025-03-14T09:09:05Z</time>
        <extensions>
          <gpxtpx:TrackPointExtension>
            <gpxtpx:hr>126</gpxtpx:hr>
          </gpxtpx:TrackPointExtension>
        </extensions>
      </trkpt>
      <trkpt lat="30.5361733436566" lon="104.06141560111519">
        <ele>0.0</ele>
        <time>2025-03-14T09:09:06Z</time>
        <extensions>
          <gpxtpx:TrackPointExtension>
            <gpxtpx:hr>126</gpxtpx:hr>
          </gpxtpx:TrackPointExtension>
        </extensions>
      </trkpt>
      <trkpt lat="30.53618265613137" lon="104.06141054015859">
        <ele>0.0</ele>
        <time>2025-03-14T09:09:07Z</time>
        <extensions>
          <gpxtpx:TrackPointExtension>
            <gpxtpx:hr>126</gpxtpx:hr>
          </gpxtpx:TrackPointExtension>
        </extensions>
      </trkpt>
      <trkpt lat="30.536188559775916" lon="104.06140361406665">
        <ele>0.0</ele>
        <time>2025-03-14T09:09:08Z</time>
        <extensions>
          <gpxtpx:TrackPointExtension>
            <gpxtpx:hr>124</gpxtpx:hr>
          </gpxtpx:TrackPointExtension>
        </extensions>
      </trkpt>
      <trkpt lat="30.536193190268463" lon="104.06139411368812">
        <ele>0.0</ele>
        <time>2025-03-14T09:09:09Z</time>
        <extensions>
          <gpxtpx:TrackPointExtension>
            <gpxtpx:hr>124</gpxtpx:hr>
          </gpxtpx:TrackPointExtension>
        </extensions>
      </trkpt>
      <trkpt lat="30.536196416032162" lon="104.06138264092743">
        <ele>0.0</ele>
        <time>2025-03-14T09:09:10Z</time>
        <extensions>
          <gpxtpx:TrackPointExtension>
            <gpxtpx:hr>124</gpxtpx:hr>
          </gpxtpx:TrackPointExtension>
        </extensions>
      </trkpt>
      <trkpt lat="30.53619930470996" lon="104.06136865366946">
        <ele>0.0</ele>
        <time>2025-03-14T09:09:11Z</time>
        <extensions>
          <gpxtpx:TrackPointExtension>
            <gpxtpx:hr>124</gpxtpx:hr>
          </gpxtpx:TrackPointExtension>
        </extensions>
      </trkpt>
      <trkpt lat="30.53620212206271" lon="104.06135263295207">
        <ele>0.0</ele>
        <time>2025-03-14T09:09:12Z</time>
        <extensions>
          <gpxtpx:TrackPointExtension>
            <gpxtpx:hr>124</gpxtpx:hr>
          </gpxtpx:TrackPointExtension>
        </extensions>
      </trkpt>
      <trkpt lat="30.536204783808852" lon="104.06133730297555">
        <ele>0.0</ele>
        <time>2025-03-14T09:09:13Z</time>
        <extensions>
          <gpxtpx:TrackPointExtension>
            <gpxtpx:hr>125</gpxtpx:hr>
          </gpxtpx:TrackPointExtension>
        </extensions>
      </trkpt>
      <trkpt lat="30.536207741234236" lon="104.06132203842105">
        <ele>0.0</ele>
        <time>2025-03-14T09:09:14Z</time>
        <extensions>
          <gpxtpx:TrackPointExtension>
            <gpxtpx:hr>125</gpxtpx:hr>
          </gpxtpx:TrackPointExtension>
        </extensions>
      </trkpt>
      <trkpt lat="30.536211659047293" lon="104.0613080069363">
        <ele>0.0</ele>
        <time>2025-03-14T09:09:15Z</time>
        <extensions>
          <gpxtpx:TrackPointExtension>
            <gpxtpx:hr>125</gpxtpx:hr>
          </gpxtpx:TrackPointExtension>
        </extensions>
      </trkpt>
      <trkpt lat="30.536217748276904" lon="104.06129360269942">
        <ele>0.0</ele>
        <time>2025-03-14T09:09:16Z</time>
        <extensions>
          <gpxtpx:TrackPointExtension>
            <gpxtpx:hr>125</gpxtpx:hr>
          </gpxtpx:TrackPointExtension>
        </extensions>
      </trkpt>
      <trkpt lat="30.536226327271326" lon="104.06128123349413">
        <ele>0.0</ele>
        <time>2025-03-14T09:09:17Z</time>
        <extensions>
          <gpxtpx:TrackPointExtension>
            <gpxtpx:hr>125</gpxtpx:hr>
          </gpxtpx:TrackPointExtension>
        </extensions>
      </trkpt>
      <trkpt lat="30.536237476430834" lon="104.0612704619298">
        <ele>0.0</ele>
        <time>2025-03-14T09:09:18Z</time>
        <extensions>
          <gpxtpx:TrackPointExtension>
            <gpxtpx:hr>126</gpxtpx:hr>
          </gpxtpx:TrackPointExtension>
        </extensions>
      </trkpt>
      <trkpt lat="30.5362503222528" lon="104.0612607447663">
        <ele>0.0</ele>
        <time>2025-03-14T09:09:19Z</time>
        <extensions>
          <gpxtpx:TrackPointExtension>
            <gpxtpx:hr>126</gpxtpx:hr>
          </gpxtpx:TrackPointExtension>
        </extensions>
      </trkpt>
      <trkpt lat="30.536262998934582" lon="104.06125270585964">
        <ele>0.0</ele>
        <time>2025-03-14T09:09:20Z</time>
        <extensions>
          <gpxtpx:TrackPointExtension>
            <gpxtpx:hr>126</gpxtpx:hr>
          </gpxtpx:TrackPointExtension>
        </extensions>
      </trkpt>
      <trkpt lat="30.53627530086989" lon="104.06124417966774">
        <ele>0.0</ele>
        <time>2025-03-14T09:09:21Z</time>
        <extensions>
          <gpxtpx:TrackPointExtension>
            <gpxtpx:hr>126</gpxtpx:hr>
          </gpxtpx:TrackPointExtension>
        </extensions>
      </trkpt>
      <trkpt lat="30.536287300565036" lon="104.06123602444153">
        <ele>0.0</ele>
        <time>2025-03-14T09:09:22Z</time>
        <extensions>
          <gpxtpx:TrackPointExtension>
            <gpxtpx:hr>126</gpxtpx:hr>
          </gpxtpx:TrackPointExtension>
        </extensions>
      </trkpt>
      <trkpt lat="30.53630018599175" lon="104.06122671711495">
        <ele>0.0</ele>
        <time>2025-03-14T09:09:23Z</time>
        <extensions>
          <gpxtpx:TrackPointExtension>
            <gpxtpx:hr>126</gpxtpx:hr>
          </gpxtpx:TrackPointExtension>
        </extensions>
      </trkpt>
      <trkpt lat="30.536313207141" lon="104.06121827663361">
        <ele>0.0</ele>
        <time>2025-03-14T09:09:24Z</time>
        <extensions>
          <gpxtpx:TrackPointExtension>
            <gpxtpx:hr>126</gpxtpx:hr>
          </gpxtpx:TrackPointExtension>
        </extensions>
      </trkpt>
      <trkpt lat="30.53632595032768" lon="104.0612096777099">
        <ele>0.0</ele>
        <time>2025-03-14T09:09:25Z</time>
        <extensions>
          <gpxtpx:TrackPointExtension>
            <gpxtpx:hr>126</gpxtpx:hr>
          </gpxtpx:TrackPointExtension>
        </extensions>
      </trkpt>
      <trkpt lat="30.53633844027533" lon="104.0612005080092">
        <ele>0.0</ele>
        <time>2025-03-14T09:09:26Z</time>
        <extensions>
          <gpxtpx:TrackPointExtension>
            <gpxtpx:hr>126</gpxtpx:hr>
          </gpxtpx:TrackPointExtension>
        </extensions>
      </trkpt>
      <trkpt lat="30.536350931644595" lon="104.06119024591197">
        <ele>0.0</ele>
        <time>2025-03-14T09:09:27Z</time>
        <extensions>
          <gpxtpx:TrackPointExtension>
            <gpxtpx:hr>126</gpxtpx:hr>
          </gpxtpx:TrackPointExtension>
        </extensions>
      </trkpt>
      <trkpt lat="30.536363798835612" lon="104.06117915592145">
        <ele>0.0</ele>
        <time>2025-03-14T09:09:28Z</time>
        <extensions>
          <gpxtpx:TrackPointExtension>
            <gpxtpx:hr>127</gpxtpx:hr>
          </gpxtpx:TrackPointExtension>
        </extensions>
      </trkpt>
      <trkpt lat="30.536377250268007" lon="104.06116721665612">
        <ele>0.0</ele>
        <time>2025-03-14T09:09:29Z</time>
        <extensions>
          <gpxtpx:TrackPointExtension>
            <gpxtpx:hr>127</gpxtpx:hr>
          </gpxtpx:TrackPointExtension>
        </extensions>
      </trkpt>
      <trkpt lat="30.536389663215402" lon="104.06115595412787">
        <ele>0.0</ele>
        <time>2025-03-14T09:09:30Z</time>
        <extensions>
          <gpxtpx:TrackPointExtension>
            <gpxtpx:hr>127</gpxtpx:hr>
          </gpxtpx:TrackPointExtension>
        </extensions>
      </trkpt>
      <trkpt lat="30.536401814577264" lon="104.06114447720041">
        <ele>0.0</ele>
        <time>2025-03-14T09:09:31Z</time>
        <extensions>
          <gpxtpx:TrackPointExtension>
            <gpxtpx:hr>127</gpxtpx:hr>
          </gpxtpx:TrackPointExtension>
        </extensions>
      </trkpt>
      <trkpt lat="30.536412883651995" lon="104.06113346083741">
        <ele>0.0</ele>
        <time>2025-03-14T09:09:32Z</time>
        <extensions>
          <gpxtpx:TrackPointExtension>
            <gpxtpx:hr>127</gpxtpx:hr>
          </gpxtpx:TrackPointExtension>
        </extensions>
      </trkpt>
      <trkpt lat="30.53642412153837" lon="104.06112164493655">
        <ele>0.0</ele>
        <time>2025-03-14T09:09:33Z</time>
        <extensions>
          <gpxtpx:TrackPointExtension>
            <gpxtpx:hr>127</gpxtpx:hr>
          </gpxtpx:TrackPointExtension>
        </extensions>
      </trkpt>
      <trkpt lat="30.53643411343804" lon="104.06111002357012">
        <ele>0.0</ele>
        <time>2025-03-14T09:09:34Z</time>
        <extensions>
          <gpxtpx:TrackPointExtension>
            <gpxtpx:hr>127</gpxtpx:hr>
          </gpxtpx:TrackPointExtension>
        </extensions>
      </trkpt>
      <trkpt lat="30.536442590631232" lon="104.06109791511793">
        <ele>0.0</ele>
        <time>2025-03-14T09:09:35Z</time>
        <extensions>
          <gpxtpx:TrackPointExtension>
            <gpxtpx:hr>127</gpxtpx:hr>
          </gpxtpx:TrackPointExtension>
        </extensions>
      </trkpt>
      <trkpt lat="30.536449118494946" lon="104.06108495239651">
        <ele>0.0</ele>
        <time>2025-03-14T09:09:36Z</time>
        <extensions>
          <gpxtpx:TrackPointExtension>
            <gpxtpx:hr>127</gpxtpx:hr>
          </gpxtpx:TrackPointExtension>
        </extensions>
      </trkpt>
      <trkpt lat="30.536453719127525" lon="104.06107038376766">
        <ele>0.0</ele>
        <time>2025-03-14T09:09:37Z</time>
        <extensions>
          <gpxtpx:TrackPointExtension>
            <gpxtpx:hr>127</gpxtpx:hr>
          </gpxtpx:TrackPointExtension>
        </extensions>
      </trkpt>
      <trkpt lat="30.536456857577015" lon="104.06105651199766">
        <ele>0.0</ele>
        <time>2025-03-14T09:09:38Z</time>
        <extensions>
          <gpxtpx:TrackPointExtension>
            <gpxtpx:hr>127</gpxtpx:hr>
          </gpxtpx:TrackPointExtension>
        </extensions>
      </trkpt>
      <trkpt lat="30.536458913737732" lon="104.06104175816881">
        <ele>0.0</ele>
        <time>2025-03-14T09:09:39Z</time>
        <extensions>
          <gpxtpx:TrackPointExtension>
            <gpxtpx:hr>127</gpxtpx:hr>
          </gpxtpx:TrackPointExtension>
        </extensions>
      </trkpt>
      <trkpt lat="30.536460323769568" lon="104.0610272622842">
        <ele>0.0</ele>
        <time>2025-03-14T09:09:40Z</time>
        <extensions>
          <gpxtpx:TrackPointExtension>
            <gpxtpx:hr>127</gpxtpx:hr>
          </gpxtpx:TrackPointExtension>
        </extensions>
      </trkpt>
      <trkpt lat="30.536461294337244" lon="104.06101102731579">
        <ele>0.0</ele>
        <time>2025-03-14T09:09:41Z</time>
      </trkpt>
      <trkpt lat="30.53646193170082" lon="104.06099485366649">
        <ele>0.0</ele>
        <time>2025-03-14T09:09:42Z</time>
      </trkpt>
      <trkpt lat="30.536462528721078" lon="104.06098076955317">
        <ele>0.0</ele>
        <time>2025-03-14T09:09:43Z</time>
      </trkpt>
      <trkpt lat="30.536462726651678" lon="104.0609736516291">
        <ele>0.0</ele>
        <time>2025-03-14T09:09:44Z</time>
      </trkpt>
      <trkpt lat="30.53646304777038" lon="104.06097043249305">
        <ele>0.0</ele>
        <time>2025-03-14T09:09:45Z</time>
      </trkpt>
    </trkseg>
  </trk>
</gpx>